tick,total_ms,navigation_ms,neighbor_ms,avoidance_ms,expanded,pending,coarse_fallbacks
1,143.0166,136.6826,2.5122,1.8510,4096,254,0
2,137.9146,134.7417,1.8613,1.2737,4096,253,0
3,110.6551,108.2232,2.2354,0.1683,4096,252,0
4,183.1890,179.5974,2.7423,0.7790,4096,252,0
5,245.4280,244.5652,0.6485,0.1873,4096,251,0
6,189.1675,186.4944,2.2925,0.3204,4096,250,0
7,117.3956,114.5637,2.4946,0.2973,4096,249,0
8,113.1534,110.5185,2.0135,0.5140,4096,249,0
9,205.6213,202.8760,2.4468,0.2590,4096,247,0
10,190.6361,187.8671,2.3462,0.3188,4096,247,0
11,177.5919,174.8344,2.4520,0.2610,4096,247,0
12,145.2407,142.2858,2.4521,0.4508,4096,247,0
13,157.6695,155.4802,1.9140,0.2162,4096,247,0
14,142.7136,141.9329,0.5108,0.2313,4096,247,0
15,139.1347,136.4059,2.4192,0.2729,4096,247,0
16,69.5786,68.5505,0.7718,0.2245,4096,245,0
17,107.9909,105.2193,2.4829,0.2619,4096,244,0
18,174.2898,171.2762,2.7363,0.2234,4096,242,0
19,172.5810,170.4301,1.9219,0.2043,4096,242,0
20,147.5866,146.4905,0.7996,0.2575,4096,240,0
21,195.7850,194.1709,1.2693,0.2990,4096,240,0
22,145.4143,139.8747,4.9392,0.5290,4096,240,0
23,143.1877,141.9969,0.8812,0.2614,4096,240,0
24,155.3413,154.1444,0.9799,0.1831,4096,239,0
25,162.3004,159.6717,2.2508,0.3441,4096,239,0
26,190.8910,188.8762,1.7899,0.2063,4096,239,0
27,124.3508,121.6385,2.4480,0.2403,4096,237,0
28,101.5831,100.8273,0.4879,0.2281,4096,237,0
29,108.1894,107.2097,0.6692,0.2390,4096,237,0
30,134.7232,133.7967,0.6386,0.2489,4096,236,0
31,137.2775,134.4089,2.4297,0.3543,4096,236,0
32,176.3528,173.2483,2.6517,0.3957,4096,235,0
33,65.0381,61.8362,2.8118,0.3522,4096,234,0
34,70.4568,69.5435,0.5956,0.2693,4096,234,0
35,61.2857,60.2484,0.8345,0.1771,4096,232,0
36,66.5865,63.4433,2.5399,0.5522,4096,232,0
37,97.0057,94.2770,2.3482,0.3237,4096,229,0
38,108.8674,106.7161,1.8493,0.2532,4096,229,0
39,158.4515,156.3686,1.7766,0.2626,4096,228,0
40,225.7439,223.8303,1.5992,0.2771,4096,228,0
41,165.8466,163.3271,2.1496,0.3220,4096,227,0
42,157.0842,154.8549,1.9632,0.2394,4096,227,0
43,154.5269,152.7280,1.5518,0.2173,4096,227,0
44,141.5880,139.3834,1.9109,0.2558,4096,226,0
45,140.5155,138.4019,1.8759,0.2025,4096,225,0
46,100.8423,99.9814,0.5557,0.2750,4096,225,0
47,98.2688,96.7471,1.2281,0.2500,4096,225,0
48,132.4832,131.1884,1.0112,0.2362,4096,224,0
49,137.1302,135.0555,1.8654,0.1814,4096,223,0
50,112.7355,110.6498,1.7909,0.2562,4096,223,0
51,129.3456,127.1441,1.8600,0.2751,4096,221,0
52,219.5844,218.4154,0.8858,0.2500,4096,221,0
53,268.4816,264.9359,3.2226,0.2850,4096,221,0
54,199.4764,196.8785,2.3664,0.2037,4096,221,0
55,184.4651,181.6283,2.4893,0.2961,4096,221,0
56,208.0183,201.5491,2.8231,3.4664,4096,220,0
57,201.3942,198.5541,2.4209,0.3735,4096,220,0
58,203.1920,202.2395,0.5247,0.3468,4096,220,0
59,158.3281,155.2914,2.7432,0.2440,4096,219,0
60,169.0157,168.2533,0.4874,0.2295,4096,217,0
61,162.8296,161.2340,1.3924,0.1776,4096,215,0
62,171.1919,170.4708,0.4762,0.2036,4096,215,0
63,159.8629,159.3854,0.2833,0.1709,4096,215,0
64,122.4217,121.9401,0.2752,0.1790,4096,215,0
65,119.4444,118.7416,0.5053,0.1778,4096,214,0
66,137.4238,136.3311,0.8655,0.2049,4096,212,0
67,156.8439,155.2763,1.2954,0.2359,4096,211,0
68,129.3980,128.7773,0.4417,0.1524,4096,211,0
69,112.3101,111.6622,0.4334,0.1870,4096,211,0
70,108.0127,107.5081,0.3076,0.1744,4096,209,0
71,106.6011,105.9414,0.4643,0.1735,4096,209,0
72,86.6915,84.1781,2.2135,0.2609,4096,209,0
73,105.0989,104.3371,0.5067,0.2110,4096,209,0
74,146.5214,145.8939,0.4223,0.1850,4096,208,0
75,152.3313,151.6719,0.4467,0.1845,4096,208,0
76,124.7080,123.8358,0.6154,0.2258,4096,207,0
77,86.2859,85.7079,0.3360,0.2047,4096,206,0
78,163.6875,162.9648,0.5042,0.1924,4096,206,0
79,171.4026,170.6514,0.4985,0.2190,4096,204,0
80,135.5816,134.8539,0.4929,0.2063,4096,203,0
81,119.2293,118.3766,0.6687,0.1664,4096,203,0
82,112.2985,111.8149,0.2576,0.2031,4096,203,0
83,99.7119,99.1482,0.4139,0.1325,4096,203,0
84,83.3479,82.5676,0.5412,0.2039,4096,202,0
85,116.4185,115.6696,0.4674,0.2448,4096,201,0
86,55.3360,54.8663,0.3017,0.1475,4096,200,0
87,98.4240,97.6808,0.5427,0.1771,4096,199,0
88,143.8390,143.1260,0.4390,0.2368,4096,199,0
89,116.4559,115.8906,0.3320,0.2042,4096,197,0
90,124.2265,122.4810,1.5076,0.2144,4096,197,0
91,119.5112,118.8662,0.4689,0.1547,4096,197,0
92,102.0561,101.3720,0.5100,0.1541,4096,197,0
93,97.5276,96.8009,0.5194,0.1853,4096,195,0
94,63.8668,61.2701,2.3997,0.1701,4096,194,0
95,81.8894,80.8845,0.7892,0.1923,4096,193,0
96,92.9819,92.4135,0.3544,0.1907,4096,192,0
97,146.7767,146.0851,0.4402,0.2191,4096,192,0
98,191.6724,189.7891,1.5913,0.2619,4096,192,0
99,139.1555,138.3862,0.5262,0.2046,4096,192,0
100,102.6167,102.1333,0.2916,0.1654,4096,192,0
101,82.3339,80.1733,1.9877,0.1532,4096,189,0
102,126.4286,125.6498,0.5915,0.1667,4096,189,0
103,126.9881,126.4882,0.2959,0.1766,4096,188,0
104,99.4617,98.6333,0.6458,0.1622,4096,186,0
105,53.1291,52.3469,0.4935,0.2218,4096,185,0
106,94.7543,92.7930,1.7049,0.2259,4096,184,0
107,106.8229,106.1918,0.3655,0.2289,4096,183,0
108,134.6972,133.8577,0.6261,0.1893,4096,183,0
109,120.6612,120.1361,0.3103,0.1907,4096,183,0
110,99.8533,99.4335,0.2708,0.1317,4096,182,0
111,62.9823,62.3858,0.4232,0.1523,4096,182,0
112,53.1187,52.4505,0.4447,0.2002,4096,182,0
113,89.9300,88.5110,1.2383,0.1638,4096,180,0
114,79.5106,78.2059,1.1332,0.1567,4096,180,0
115,81.0116,80.2784,0.4995,0.1696,4096,180,0
116,83.6234,83.1788,0.2590,0.1647,4096,178,0
117,65.3057,64.5756,0.3352,0.2532,4096,177,0
118,130.7471,130.2033,0.3197,0.2020,4096,177,0
119,133.8958,133.1953,0.4645,0.2121,4096,177,0
120,122.7281,120.5084,2.0256,0.1742,4096,177,0
121,104.1368,103.4788,0.4752,0.1622,4096,176,0
122,111.3882,110.2323,0.9679,0.1661,4096,176,0
123,95.4086,94.3868,0.8287,0.1734,4096,176,0
124,87.3130,86.2623,0.8231,0.2071,4096,175,0
125,106.9799,106.0950,0.7105,0.1486,4096,175,0
126,117.1436,116.4623,0.4141,0.2257,4096,175,0
127,107.0456,106.3739,0.4225,0.2103,4096,174,0
128,119.8257,119.3195,0.3326,0.1521,4096,174,0
129,130.5174,129.5468,0.7993,0.1523,4096,173,0
130,115.4913,113.5205,1.7567,0.1890,4096,173,0
131,109.1862,108.3060,0.6634,0.1899,4096,173,0
132,98.3667,97.0618,1.0545,0.2227,4096,173,0
133,90.9483,89.8208,0.9160,0.1959,4096,173,0
134,94.4140,93.5683,0.6744,0.1595,4096,172,0
135,101.8662,101.1398,0.4859,0.2162,4096,171,0
136,101.6963,101.0843,0.3834,0.2039,4096,171,0
137,81.0867,79.9204,0.9225,0.2187,4096,170,0
138,77.0636,75.0021,1.8434,0.1964,4096,167,0
139,119.1980,118.6558,0.3611,0.1633,4096,166,0
140,83.2163,82.0104,0.9489,0.2270,4096,166,0
141,70.1014,69.2534,0.6466,0.1826,4096,166,0
142,103.7320,102.5769,0.9737,0.1628,4096,165,0
143,86.6593,84.4959,1.9913,0.1550,4096,164,0
144,99.4649,98.6625,0.5975,0.1852,4096,164,0
145,88.4572,87.6564,0.5826,0.2031,4096,164,0
146,87.7731,86.8926,0.7256,0.1422,4096,163,0
147,80.3295,77.9767,2.1866,0.1480,4096,162,0
148,87.1773,85.9253,1.0461,0.1830,4096,160,0
149,104.7126,104.1307,0.3200,0.2122,4096,159,0
150,114.6934,114.0626,0.4440,0.1676,4096,159,0
151,105.4174,103.9499,1.2668,0.1776,4096,159,0
152,79.9781,79.1469,0.6503,0.1628,4096,158,0
153,107.0997,105.5893,1.3214,0.1734,4096,157,0
154,51.0742,48.5854,2.2626,0.2018,4096,156,0
155,100.8558,100.3012,0.3534,0.1833,4096,155,0
156,91.8593,90.1296,1.5701,0.1422,4096,153,0
157,73.3518,72.4977,0.6444,0.1898,4096,153,0
158,70.7437,68.7968,1.7766,0.1559,4096,152,0
159,105.0928,102.7950,2.0119,0.2635,4096,152,0
160,95.7522,94.8399,0.7060,0.1849,4096,152,0
161,102.3927,101.8657,0.3500,0.1617,4096,151,0
162,91.6659,91.0908,0.4154,0.1413,4096,151,0
163,80.3959,79.8216,0.3835,0.1693,4096,151,0
164,88.2239,87.4596,0.5278,0.2139,4096,149,0
165,81.8187,81.1250,0.4134,0.2485,4096,149,0
166,64.7456,63.2441,1.2977,0.1682,4096,149,0
167,121.6492,120.7673,0.6105,0.2344,4096,148,0
168,114.3204,113.5128,0.6366,0.1515,4096,148,0
169,103.6445,102.9275,0.4839,0.1860,4096,146,0
170,113.2684,112.4309,0.6789,0.1403,4096,146,0
171,98.5757,97.8298,0.5680,0.1634,4096,146,0
172,92.3406,89.9745,2.1778,0.1683,4096,146,0
173,111.6919,110.5446,0.8677,0.2482,4096,145,0
174,117.0974,116.0383,0.8419,0.1960,4096,144,0
175,148.0365,146.3643,1.4147,0.2289,4096,143,0
176,136.9254,135.2460,1.3574,0.2844,4096,143,0
177,125.2745,122.7977,2.1897,0.2503,4096,143,0
178,83.9662,83.0866,0.6278,0.2287,4096,140,0
179,85.3310,83.9730,1.2022,0.1387,4096,140,0
180,124.0911,123.5069,0.3511,0.2031,4096,140,0
181,84.5912,83.3819,1.0047,0.1831,4096,139,0
182,67.0829,66.3284,0.5625,0.1710,4096,138,0
183,85.0948,84.4675,0.4163,0.1850,4096,138,0
184,107.9362,107.2184,0.3913,0.2913,4096,137,0
185,117.2487,116.7296,0.3613,0.1405,4096,137,0
186,96.8914,96.4288,0.2785,0.1596,4096,137,0
187,79.7704,77.6668,1.6068,0.4746,4096,135,0
188,70.7831,68.8092,1.7627,0.1895,4096,134,0
189,38.2333,37.4395,0.6056,0.1660,4096,133,0
190,76.0530,75.5255,0.2825,0.2161,4096,131,0
191,80.5315,79.8523,0.4769,0.1792,4096,130,0
192,111.2374,109.7871,1.2359,0.1843,4096,129,0
193,73.5147,73.0196,0.3033,0.1623,4096,129,0
194,86.5045,85.2058,1.0398,0.2367,4096,129,0
195,101.3267,100.5367,0.5838,0.1850,4096,126,0
196,83.7150,82.3147,1.1923,0.1828,4096,126,0
197,87.2570,85.6036,1.4449,0.1866,4096,126,0
198,93.3791,92.8173,0.3905,0.1433,4096,126,0
199,123.2656,122.7044,0.3569,0.1684,4096,124,0
200,112.0185,111.5334,0.2972,0.1641,4096,124,0
201,85.0861,84.4112,0.3961,0.2492,4096,122,0
202,59.3800,58.8828,0.3150,0.1575,4096,121,0
203,83.5718,82.6334,0.7325,0.1841,4096,121,0
204,74.4887,73.8992,0.4119,0.1593,4096,120,0
205,85.6791,84.1716,1.3314,0.1558,4096,119,0
206,106.5649,105.6987,0.6777,0.1732,4096,118,0
207,70.1389,69.3753,0.4869,0.2467,4096,119,0
208,97.4324,95.0202,2.1165,0.2729,4096,119,0
209,102.2448,101.6097,0.4667,0.1486,4096,117,0
210,125.5005,124.9390,0.3690,0.1719,4096,117,0
211,128.6451,127.6472,0.7733,0.2058,4096,117,0
212,118.6510,116.4007,1.8849,0.3219,4096,117,0
213,118.3095,117.7945,0.3204,0.1683,4096,116,0
214,90.7021,90.2072,0.3128,0.1611,4096,116,0
215,83.0378,81.3755,1.4949,0.1495,4096,116,0
216,80.8163,78.6688,1.9027,0.2173,4096,116,0
217,81.0368,80.4424,0.3677,0.1918,4096,115,0
218,118.9638,118.4141,0.3687,0.1640,4096,114,0
219,121.1234,120.0293,0.8874,0.1871,4096,114,0
220,115.0951,114.4811,0.3520,0.2393,4096,114,0
221,80.5231,80.0346,0.3209,0.1541,4096,114,0
222,77.7378,76.9611,0.3855,0.3446,4096,114,0
223,69.8687,68.9289,0.7755,0.1419,4096,114,0
224,59.2829,57.8623,1.1766,0.2216,4096,113,0
225,92.8330,91.4103,1.2477,0.1576,4096,113,0
226,82.6349,81.5297,0.9332,0.1560,4096,111,0
227,73.0321,71.9080,0.9688,0.1395,4096,110,0
228,93.2552,92.5629,0.5034,0.1654,4096,110,0
229,88.5543,86.8647,1.5148,0.1603,4096,109,0
230,39.0170,38.5338,0.3016,0.1475,4096,108,0
231,84.5328,82.1414,2.1312,0.2368,4096,107,0
232,102.9995,102.3503,0.3394,0.2674,4096,107,0
233,104.8489,103.2214,1.2636,0.3337,4096,106,0
234,91.5700,90.0412,1.3625,0.1514,4096,106,0
235,79.6286,78.8653,0.5965,0.1506,4096,106,0
236,98.9713,98.3348,0.4564,0.1650,4096,105,0
237,109.4171,107.3311,1.9225,0.1480,4096,105,0
238,91.4719,90.7570,0.5461,0.1552,4096,105,0
239,94.9355,94.3263,0.4446,0.1434,4096,104,0
240,90.0186,89.4201,0.4172,0.1609,4096,102,0
241,65.3306,64.1901,0.9209,0.2009,4096,102,0
242,83.4444,82.7232,0.4698,0.2203,4096,100,0
243,107.4426,106.5131,0.6111,0.2950,4096,100,0
244,119.9253,119.4648,0.2596,0.1748,4096,99,0
245,135.5416,135.0526,0.2948,0.1567,4096,99,0
246,112.3276,111.5605,0.6049,0.1441,4096,99,0
247,95.5973,93.2827,2.0956,0.1939,4096,98,0
248,63.8962,63.3151,0.3614,0.1948,4096,98,0
249,100.4245,98.8207,1.3581,0.2251,4096,97,0
250,81.5359,79.0602,2.1461,0.2993,4096,96,0
251,82.6095,81.8824,0.5671,0.1458,4096,94,0
252,64.9277,64.1282,0.6325,0.1531,4096,94,0
253,63.8213,62.2911,1.3676,0.1413,4096,94,0
254,108.1766,107.4429,0.5329,0.1769,4096,91,0
255,99.5235,97.8083,1.4463,0.2361,4096,89,0
256,100.5984,99.9373,0.5018,0.1420,4096,89,0
257,89.1171,88.2032,0.7567,0.1434,4096,89,0
258,93.3880,91.8085,1.4223,0.1410,4096,87,0
259,98.3205,97.5928,0.5793,0.1343,4096,87,0
260,137.5417,136.7230,0.6410,0.1581,4096,87,0
261,82.5076,80.1586,2.1623,0.1679,4096,86,0
262,111.2548,110.6037,0.4930,0.1456,4096,85,0
263,130.9956,128.6102,2.0907,0.2698,4096,85,0
264,93.5858,92.7621,0.6611,0.1453,4096,84,0
265,84.2943,83.6774,0.4150,0.1840,4096,84,0
266,102.5603,101.9896,0.3462,0.1938,4096,81,0
267,115.3428,114.7007,0.4209,0.1958,4096,80,0
268,118.1471,116.7414,1.1582,0.2176,4096,80,0
269,104.7675,103.9543,0.5383,0.2309,4096,81,0
270,81.6821,80.5013,0.9766,0.1817,4096,81,0
271,79.1304,77.1264,1.8161,0.1638,4096,81,0
272,75.0523,73.9703,0.9103,0.1568,4096,81,0
273,78.5446,76.5036,1.8704,0.1481,4096,81,0
274,85.8855,84.9486,0.6198,0.2564,4096,81,0
275,96.8174,94.9948,1.6050,0.1946,4096,78,0
276,144.2128,143.3528,0.6582,0.1789,4096,78,0
277,130.2964,128.4701,1.6422,0.1662,4096,78,0
278,112.5591,110.2230,1.9868,0.3126,4096,77,0
279,104.0148,103.2537,0.5544,0.1786,4096,77,0
280,108.0149,106.6250,1.1811,0.1872,4096,77,0
281,97.7569,97.1142,0.4777,0.1481,4096,76,0
282,118.5810,117.5474,0.8743,0.1430,4096,76,0
283,108.0105,106.5710,1.2856,0.1381,4096,76,0
284,103.7384,101.9478,1.6212,0.1516,4096,75,0
285,118.8537,117.9899,0.7002,0.1403,4096,75,0
286,106.3474,105.2683,0.8327,0.2185,4096,75,0
287,91.8944,91.0198,0.7006,0.1582,4096,75,0
288,72.7798,71.1538,1.4545,0.1566,4096,74,0
289,53.6853,52.7353,0.7446,0.1853,4096,74,0
290,68.3650,67.4283,0.7189,0.1912,4096,74,0
291,93.6080,92.5880,0.7596,0.2333,4096,73,0
292,84.5795,83.9303,0.3147,0.3074,4096,72,0
293,74.1459,73.5803,0.3584,0.1840,4096,72,0
294,118.7115,116.4176,2.1157,0.1551,4096,73,0
295,118.0786,115.8545,1.9171,0.2934,4096,72,0
296,129.4411,128.9255,0.3196,0.1726,4096,72,0
297,70.9226,68.3265,2.2332,0.3411,4096,71,0
298,68.6340,68.0633,0.3660,0.1711,4096,70,0
299,65.6463,64.7274,0.7365,0.1575,4096,67,0
300,74.2745,73.6828,0.3468,0.2210,4096,67,0
301,88.4925,87.7182,0.5737,0.1810,4096,66,0
302,111.7906,110.5460,1.0378,0.1855,4096,66,0
303,125.0721,123.0253,1.0937,0.2618,4096,65,0
304,96.1963,95.5679,0.4250,0.1837,4096,65,0
305,77.3319,76.7802,0.3373,0.1828,4096,64,0
306,110.9447,110.1424,0.5474,0.2325,4096,62,0
307,87.0627,86.2100,0.6298,0.1976,4096,62,0
308,92.5658,89.9661,2.3153,0.2580,4096,61,0
309,84.5724,83.2257,1.1627,0.1687,4096,60,0
310,66.4609,64.3131,1.8316,0.2931,4096,60,0
311,91.4093,89.8548,1.3769,0.1607,4096,58,0
312,80.3049,79.4745,0.6039,0.1985,4096,57,0
313,117.0955,116.5341,0.4099,0.1366,4096,57,0
314,110.3772,109.5272,0.5940,0.2331,4096,57,0
315,95.4167,94.8732,0.3469,0.1781,4096,56,0
316,115.8449,113.3439,2.2905,0.1910,4096,56,0
317,115.9453,115.2778,0.4771,0.1730,4096,55,0
318,103.7450,102.8501,0.6802,0.1869,4096,55,0
319,69.9216,69.3443,0.3811,0.1696,4096,55,0
320,80.8982,80.0043,0.7265,0.1550,4096,56,0
321,83.0193,82.1601,0.6818,0.1597,4096,56,0
322,88.2638,86.1211,1.8172,0.2994,4096,55,0
323,116.5494,115.3082,1.0612,0.1625,4096,55,0
324,118.6243,117.3692,0.9651,0.2381,4096,53,0
325,119.1027,117.8225,0.9638,0.2877,4096,51,0
326,112.7022,111.5131,0.9510,0.2152,4096,48,0
327,93.4285,90.9434,2.1988,0.2554,4096,48,0
328,84.7306,83.9159,0.6305,0.1623,4096,48,0
329,79.6193,78.0279,1.3479,0.2203,4096,48,0
330,85.1529,82.8642,2.0623,0.2036,4096,46,0
331,80.6313,79.9458,0.5109,0.1549,4096,45,0
332,78.1399,77.2989,0.6374,0.1864,4096,44,0
333,100.6641,99.9753,0.4754,0.1880,4096,44,0
334,81.4785,79.8019,1.4300,0.2246,4096,43,0
335,74.5197,73.7793,0.4520,0.2599,4096,41,0
336,110.6731,109.9573,0.5278,0.1637,4096,39,0
337,116.1542,114.6174,1.1793,0.3049,4096,39,0
338,99.6524,98.1668,1.2791,0.1664,4096,39,0
339,94.4069,93.7726,0.4328,0.1780,4096,39,0
340,80.1776,79.4390,0.3533,0.2958,4096,39,0
341,74.4796,72.0941,2.1878,0.1815,4096,39,0
342,87.2872,85.6644,1.3394,0.2513,4096,38,0
343,83.4662,82.3752,0.9155,0.1619,4096,37,0
344,50.6660,49.6857,0.7745,0.1806,4096,36,0
345,64.4894,63.6702,0.6124,0.1903,4096,35,0
346,98.7862,96.9125,1.6572,0.1946,4096,33,0
347,129.8383,128.9077,0.7439,0.1645,4096,33,0
348,98.8773,98.2448,0.3824,0.2028,4096,31,0
349,63.8914,63.0424,0.6767,0.1551,4096,31,0
350,60.0226,59.1983,0.6223,0.1801,4096,31,0
351,88.4226,87.5850,0.6763,0.1457,4096,29,0
352,122.6248,121.6748,0.7264,0.2035,4096,29,0
353,100.0587,97.7057,2.1085,0.2234,4096,29,0
354,85.2931,84.6234,0.5032,0.1504,4096,29,0
355,65.9155,64.6783,1.0448,0.1661,4096,28,0
356,42.6551,41.7843,0.6673,0.1853,4096,26,0
357,87.9587,87.3700,0.4112,0.1605,4096,26,0
358,119.6218,118.9180,0.4214,0.2571,4096,25,0
359,100.3158,98.2109,1.7332,0.3207,4096,25,0
360,84.6415,83.9573,0.4495,0.2108,4096,26,0
361,61.6798,61.0257,0.4522,0.1891,4096,25,0
362,58.2980,57.4532,0.6246,0.2023,4096,26,0
363,81.3348,78.8650,2.2294,0.2239,4096,25,0
364,78.3736,77.6545,0.5430,0.1620,4096,25,0
365,111.1825,110.2663,0.7192,0.1771,4096,23,0
366,64.9911,64.1633,0.5213,0.2740,4096,23,0
367,86.7456,85.7461,0.7463,0.2300,4096,22,0
368,64.0183,62.0230,1.7790,0.1942,4096,21,0
369,73.4454,72.7741,0.4760,0.1841,4096,19,0
370,136.2695,134.8486,1.1962,0.2035,4096,19,0
371,124.3212,123.4723,0.6289,0.1979,4096,18,0
372,120.5856,120.0089,0.3497,0.1937,4096,19,0
373,115.5241,114.8476,0.4959,0.1674,4096,19,0
374,103.5254,102.9372,0.4143,0.1554,4096,17,0
375,117.4269,115.9457,1.2513,0.2027,4096,17,0
376,120.5616,119.7839,0.5895,0.1640,4096,17,0
377,111.3661,110.7716,0.3632,0.2074,4096,17,0
378,111.9102,111.3293,0.4212,0.1427,4096,16,0
379,117.6945,117.0956,0.4195,0.1656,4096,16,0
380,109.9763,108.7958,1.0066,0.1575,4096,16,0
381,121.4293,119.8893,1.3118,0.2076,4096,14,0
382,109.3179,108.6986,0.4329,0.1729,4096,12,0
383,108.6178,107.2437,1.1642,0.1949,4096,12,0
384,100.6576,99.5738,0.9074,0.1602,4096,11,0
385,115.2862,114.3925,0.7221,0.1571,4096,10,0
386,122.8540,122.0926,0.4719,0.1739,4096,9,0
387,128.1205,127.5887,0.3414,0.1717,4096,9,0
388,132.5614,131.8856,0.3917,0.2474,4096,9,0
389,142.1107,141.4245,0.3039,0.3467,4096,8,0
390,138.0799,137.0476,0.8065,0.2050,4096,6,1
391,159.3205,158.4030,0.6898,0.2039,4096,6,1
392,164.3619,163.6431,0.4609,0.2275,4096,7,1
393,155.2675,154.4696,0.5306,0.2376,4096,7,1
394,161.3562,160.7444,0.4239,0.1677,4096,6,1
395,160.7069,160.1406,0.3459,0.1940,4096,7,1
396,164.1228,163.4274,0.4691,0.1984,4096,6,1
397,159.1579,158.6432,0.2672,0.2203,4096,6,1
398,158.0300,157.2336,0.5417,0.2159,4096,6,1
399,171.3097,170.8061,0.3083,0.1712,4096,7,1
400,146.1494,145.4790,0.4363,0.2034,4096,7,1
401,164.7063,163.9898,0.5176,0.1763,4096,7,1
402,208.0502,207.2619,0.5183,0.2497,4096,6,1
403,187.0949,184.4509,2.4081,0.2147,4096,6,1
404,151.8890,150.9801,0.6882,0.2001,4096,6,1
405,165.2878,162.9687,2.1233,0.1775,4096,5,1
406,181.7188,181.2131,0.2932,0.1883,4096,5,1
407,186.2082,185.2612,0.7384,0.1872,4096,5,1
408,188.8967,188.2833,0.4032,0.1799,4096,6,1
409,169.3177,168.6997,0.3381,0.2433,4096,5,1
410,171.7037,171.0290,0.4735,0.1801,4096,3,1
411,168.2051,165.7126,2.1787,0.2856,4096,2,1
412,169.9660,168.5763,1.1936,0.1761,4096,2,1
413,173.6904,173.1639,0.3153,0.1867,4096,2,1
414,151.8854,151.2179,0.4751,0.1749,4096,4,1
415,148.0071,147.3555,0.4712,0.1693,4096,4,1
416,150.6985,150.1432,0.3566,0.1732,4096,5,1
417,152.4740,150.9607,1.3214,0.1759,4096,3,1
418,138.4559,137.4222,0.7495,0.2616,4096,3,1
419,135.6391,134.2533,1.2178,0.1547,4096,3,1
420,158.4864,156.0265,2.1766,0.2618,4096,2,1
421,152.8892,152.2422,0.3588,0.2678,4096,3,1
422,153.2156,151.7947,1.2247,0.1771,4096,2,1
423,163.6128,162.7498,0.6712,0.1710,4096,3,1
424,155.7344,155.0895,0.3739,0.2265,4096,1,1
425,196.0068,195.4779,0.3239,0.1811,4096,1,1
426,216.4387,215.8334,0.4093,0.1718,4096,1,1
427,183.3091,182.8066,0.2904,0.1822,4096,2,1
428,176.7685,175.7978,0.7494,0.2005,4096,2,1
429,152.0948,150.0282,1.8909,0.1605,4096,2,1
430,163.8165,163.1404,0.4829,0.1728,4096,2,1
431,174.7700,174.2113,0.3235,0.2116,4096,2,1
432,157.8954,155.6960,2.0058,0.1761,4096,2,1
433,146.8233,146.0431,0.4973,0.2585,4096,2,1
434,157.6215,155.3089,2.1265,0.1671,4096,1,1
435,174.4730,173.2420,1.0104,0.1918,4096,1,1
436,163.4562,162.3777,0.8976,0.1663,4096,3,1
437,152.7612,152.2033,0.3551,0.1826,4096,3,1
438,174.3205,173.8167,0.3018,0.1788,4096,3,1
439,166.9455,166.3310,0.4287,0.1658,4096,3,1
440,155.1852,154.6523,0.3283,0.1830,4096,3,1
441,145.1406,144.5696,0.3379,0.2165,4096,4,1
442,145.5956,144.3903,0.9015,0.2718,4096,4,1
443,151.5107,149.6132,1.6421,0.2188,4096,3,2
444,153.4245,152.2865,0.8863,0.2312,4096,3,2
445,143.0061,142.0581,0.6972,0.2257,4096,3,2
446,144.5256,142.1800,1.9530,0.3504,4096,4,2
447,146.5760,145.9353,0.3518,0.2538,4096,4,2
448,139.5733,138.5767,0.5903,0.3811,4096,5,2
449,154.1909,153.3729,0.6331,0.1625,4096,5,2
450,167.3660,166.8244,0.3384,0.1792,4096,5,2
451,163.4961,162.9864,0.2806,0.2057,4096,8,2
452,151.2843,150.6243,0.4877,0.1546,4096,8,2
453,158.5354,157.4976,0.7614,0.2383,4096,10,2
454,160.1499,159.3918,0.5760,0.1637,4096,10,2
455,151.4850,149.9856,1.3063,0.1752,4096,10,2
456,152.7653,151.7618,0.7904,0.1903,4096,10,2
457,146.4095,145.7477,0.4688,0.1769,4096,10,2
458,153.0685,150.7096,2.1370,0.2057,4096,10,2
459,150.0081,149.3151,0.4667,0.2061,4096,10,2
460,155.2079,154.1491,0.6856,0.3446,4096,10,2
461,181.9056,181.3121,0.2889,0.2819,4096,10,2
462,205.8339,205.2065,0.3135,0.2390,4096,11,2
463,171.0586,170.3820,0.4332,0.2198,4096,11,2
464,163.8978,163.2836,0.3555,0.2367,4096,12,2
465,159.8714,159.0874,0.4937,0.2594,4096,12,2
466,163.1145,161.7856,1.1229,0.1900,4096,12,2
467,149.8133,149.1573,0.4007,0.2349,4096,12,2
468,155.7744,153.4592,2.0563,0.2347,4096,12,2
469,155.3191,154.3411,0.7927,0.1719,4096,12,2
470,174.6398,172.2262,2.1883,0.2021,4096,12,2
471,169.0210,168.3315,0.4959,0.1719,4096,12,2
472,162.7250,162.1050,0.3788,0.1939,4096,12,2
473,162.6592,161.9909,0.4339,0.2101,4096,12,2
474,167.8106,165.4334,2.1826,0.1599,4096,13,2
475,153.8885,153.2472,0.3749,0.2297,4096,13,2
476,162.6630,161.7225,0.6768,0.2096,4096,14,2
477,150.1221,148.7003,1.1576,0.2452,4096,14,2
478,164.6395,163.8574,0.5429,0.2155,4096,14,2
479,159.5064,158.5745,0.7435,0.1726,4096,14,2
480,156.7991,156.0641,0.5594,0.1610,4096,14,2
481,159.7749,159.1854,0.3421,0.2253,4096,14,2
482,157.0032,156.1454,0.6825,0.1571,4096,15,2
483,162.0145,161.3211,0.4121,0.2443,4096,15,2
484,164.8813,163.3502,1.2733,0.2391,4096,15,2
485,161.5320,160.8228,0.5301,0.1633,4096,15,2
486,156.4549,155.5765,0.6825,0.1715,4096,15,2
487,151.4294,150.4403,0.7893,0.1843,4096,15,2
488,151.9095,149.8137,1.8875,0.1931,4096,15,2
489,156.8661,155.4856,1.1988,0.1646,4096,15,2
490,177.4408,176.7939,0.3230,0.2916,4096,15,2
491,177.7476,177.2516,0.3094,0.1616,4096,15,2
492,188.3542,186.1398,1.9603,0.2321,4096,15,2
493,185.2157,184.4945,0.4962,0.1984,4096,15,2
494,170.2896,169.7167,0.3039,0.2183,4096,15,2
495,166.9605,164.6396,2.1337,0.1731,4096,15,2
496,176.8044,176.1680,0.3758,0.2397,4096,16,2
497,187.6307,186.7098,0.5872,0.2802,4096,16,2
498,198.4024,197.7420,0.3573,0.2684,4096,16,2
499,194.4202,193.5807,0.5156,0.2598,4096,16,2
500,176.5602,174.0968,2.1562,0.2799,4096,17,2
501,177.4944,176.7421,0.5412,0.1875,4096,17,2
502,166.5322,165.5087,0.8359,0.1694,4096,17,2
503,165.5890,164.7334,0.6683,0.1625,4096,17,2
504,173.7094,172.9345,0.5222,0.2243,4096,17,2
505,168.9781,167.6970,1.0552,0.2107,4096,18,2
506,169.9056,169.1318,0.4656,0.2545,4096,18,2
507,188.0242,187.3092,0.4473,0.2074,4096,18,2
508,187.0929,185.8608,1.0556,0.1578,4096,18,2
509,186.0083,185.1247,0.6379,0.2107,4096,18,2
510,166.6029,165.7499,0.6660,0.1658,4096,19,2
511,180.4594,178.9782,1.2673,0.1860,4096,19,2
512,176.1302,175.3753,0.5264,0.2079,4096,19,2
513,167.2577,165.7935,1.2613,0.1863,4096,20,2
514,164.1349,163.5193,0.3461,0.2438,4096,20,2
515,179.6221,177.7200,1.6290,0.2480,4096,20,2
516,179.1043,178.5659,0.2963,0.2154,4096,20,2
517,165.3228,164.6372,0.4915,0.1671,4096,21,2
518,173.9808,173.3759,0.3646,0.2245,4096,21,2
519,180.6223,178.2465,2.1391,0.2193,4096,21,2
520,161.4363,160.7869,0.4483,0.1866,4096,21,2
521,167.1897,166.6014,0.3334,0.2224,4096,21,2
522,176.8253,175.8609,0.6194,0.3129,4096,21,2
523,153.9811,152.3069,1.4571,0.2005,4096,21,2
524,163.4961,161.5469,1.6705,0.2515,4096,21,2
525,167.7928,167.1875,0.4282,0.1599,4096,21,2
526,164.4371,163.6961,0.5175,0.2034,4096,21,2
527,179.2926,176.9754,2.0403,0.2589,4096,21,2
528,181.6728,181.0212,0.4673,0.1650,4096,22,2
529,152.1342,151.4606,0.4259,0.2166,4096,22,2
530,164.7021,163.7569,0.6409,0.2193,4096,23,2
531,176.0252,175.2169,0.6194,0.1716,4096,23,2
532,165.7057,165.0912,0.4293,0.1696,4096,23,2
533,168.4208,166.8153,1.3993,0.1843,4096,23,2
534,177.5978,176.3333,0.9772,0.2531,4096,23,2
535,156.5225,154.1672,2.1407,0.2000,4096,24,2
536,176.9097,175.9335,0.6986,0.2482,4096,24,2
537,186.6212,185.9933,0.4483,0.1614,4096,24,2
538,152.6876,152.0895,0.3286,0.2386,4096,24,2
539,159.3602,158.7484,0.3876,0.2046,4096,24,2
540,164.2367,163.3579,0.6406,0.2106,4096,25,2
541,143.1049,141.9432,0.9639,0.1767,4096,25,2
542,156.5024,154.2640,1.9999,0.2094,4096,25,2
543,156.9639,155.3466,1.3888,0.2008,4096,26,2
544,163.4616,162.7247,0.3831,0.2991,4096,26,2
545,157.5872,155.0897,2.1725,0.2865,4096,26,2
546,162.2931,161.4905,0.6061,0.1783,4096,27,2
547,159.0717,157.5792,1.2662,0.2115,4096,27,2
548,159.9904,159.3434,0.4582,0.1733,4096,27,2
549,153.9911,152.5541,1.1838,0.2364,4096,27,2
550,155.5946,154.6221,0.6506,0.2927,4096,27,2
551,165.7294,163.8230,1.6733,0.1994,4096,27,2
552,160.4023,159.7204,0.4349,0.2230,4096,27,2
553,169.2304,168.4797,0.4852,0.2361,4096,27,2
554,155.6585,154.7992,0.6742,0.1717,4096,27,2
555,149.9637,148.8710,0.8847,0.1911,4096,27,2
556,151.1344,150.4924,0.4281,0.1977,4096,27,2
557,166.1133,165.2308,0.7007,0.1631,4096,27,2
558,147.0854,146.3481,0.5524,0.1680,4096,27,2
559,159.7680,158.2858,1.3086,0.1591,4096,27,2
560,147.4199,146.4897,0.7074,0.2075,4096,28,2
561,155.0706,154.5009,0.3219,0.2255,4096,29,2
562,151.8239,149.7477,1.7381,0.3088,4096,29,2
563,160.0698,157.8168,2.0455,0.1923,4096,29,2
564,154.1562,153.0179,0.9387,0.1863,4096,29,2
565,160.6534,159.4141,1.0477,0.1754,4096,29,2
566,163.3154,162.4639,0.6082,0.2223,4096,29,2
567,146.1339,145.3990,0.5032,0.2122,4096,30,2
568,150.0837,149.3883,0.4996,0.1826,4096,30,2
569,148.2214,147.5867,0.3775,0.2251,4096,30,2
570,153.5022,152.1816,1.0787,0.2304,4096,30,2
571,143.4489,142.6614,0.6044,0.1676,4096,30,2
572,179.1951,178.3729,0.5644,0.2360,4096,30,2
573,284.9840,282.0387,2.5234,0.3867,4096,30,2
574,566.9326,566.1156,0.5418,0.2451,4096,30,2
575,331.7218,330.8916,0.5202,0.2769,4096,30,2
576,314.5111,313.4261,0.7182,0.3240,4096,30,2
577,315.5478,313.5299,1.7858,0.2125,4096,30,2
578,234.5226,231.5077,2.6585,0.3210,4096,31,2
579,501.0569,497.7931,2.5174,0.4971,4096,31,2
580,540.9524,540.1258,0.5345,0.2576,4096,31,2
581,678.1160,675.2255,2.5288,0.3257,4096,31,2
582,430.4703,427.3097,2.5501,0.5362,4096,31,2
583,476.2447,473.4497,2.4789,0.2812,4096,31,2
584,412.7458,409.4193,2.5859,0.6584,4096,32,2
585,550.8398,545.3289,5.0199,0.4120,4096,33,2
586,410.0198,408.1526,1.5510,0.2751,4096,33,2
587,480.1964,477.4867,2.3753,0.2811,4096,33,2
588,532.9575,529.1856,3.1478,0.4622,4096,33,2
589,600.8020,600.2041,0.3089,0.2504,4096,33,2
590,425.3643,422.6961,2.4046,0.2370,4096,34,2
591,555.3564,552.7467,2.3282,0.2518,4096,34,2
592,558.9156,557.8937,0.6460,0.3412,4096,34,2
593,546.0281,541.0935,4.4340,0.4538,4096,34,2
594,668.0365,664.7763,2.8204,0.3941,4096,34,2
595,538.4229,535.0045,3.1076,0.2800,4096,34,2
596,548.0791,545.1676,2.5422,0.3232,4096,34,2
597,545.0352,544.3330,0.4227,0.2470,4096,34,2
598,599.9488,596.3413,2.8606,0.6887,4096,34,2
599,424.1084,420.7724,2.7498,0.5292,4096,34,2
600,384.8133,381.7469,2.5848,0.4220,4096,34,2
