frame,tick,dropped_ticks,frame_ms,pack_ms,upload_ms,submit_ms,upload_bytes,latest_gpu_ms,gpu_timing_timestamp
121,27,85,0.38690,0.00000,0.00000,0.00000,0,-1.00000,399510560656
122,27,85,0.76480,0.00000,0.00000,0.00000,0,-1.00000,399510566458
123,27,85,0.54730,0.00000,0.00000,0.00000,0,-1.00000,399510570820
124,27,85,0.50810,0.00000,0.00000,0.00000,0,-1.00000,399510575259
125,27,85,0.51470,0.00000,0.00000,0.00000,0,-1.00000,399510579134
126,27,85,0.33670,0.00000,0.00000,0.00000,0,-1.00000,399510586784
127,28,85,0.76520,0.00000,0.00000,0.00000,0,-1.00000,399510592246
128,28,85,29.18820,0.00000,0.00000,0.00000,0,-1.00000,399510597324
129,28,85,0.46770,0.00000,0.00000,0.00000,0,-1.00000,399510602477
130,28,85,0.38640,0.00000,0.00000,0.00000,0,-1.00000,399510605843
131,28,85,0.36340,0.00000,0.00000,0.00000,0,-1.00000,399510613492
132,28,85,0.49890,0.00000,0.00000,0.00000,0,-1.00000,399510905420
133,28,85,0.38800,0.00000,0.00000,0.00000,0,-1.00000,399510910058
134,28,85,0.77300,0.00000,0.00000,0.00000,0,-1.00000,399510913913
135,28,85,0.35850,0.00000,0.00000,0.00000,0,-1.00000,399510917547
136,29,85,0.59250,0.00000,0.00000,0.00000,0,-1.00000,399510922540
137,29,85,28.79460,0.00000,0.00000,0.00000,0,-1.00000,399510926424
138,29,85,0.59470,0.00000,0.00000,0.00000,0,-1.00000,399510934155
139,29,85,0.78180,0.00000,0.00000,0.00000,0,-1.00000,399510937738
140,29,85,0.41499,0.00000,0.00000,0.00000,0,-1.00000,399510943662
141,29,85,0.38861,0.00000,0.00000,0.00000,0,-1.00000,399511231662
142,29,85,0.35950,0.00000,0.00000,0.00000,0,-1.00000,399511237558
143,29,85,0.29221,0.00000,0.00000,0.00000,0,-1.00000,399511245376
144,29,85,0.56779,0.00000,0.00000,0.00000,0,-1.00000,399511249648
145,29,85,0.50901,0.00000,0.00000,0.00000,0,-1.00000,399511253406
146,30,85,0.51229,0.00000,0.00000,0.00000,0,-1.00000,399511257003
147,30,85,29.45391,0.00000,0.00000,0.00000,0,-1.00000,399511259921
148,30,85,0.48600,0.00000,0.00000,0.00000,0,-1.00000,399511265603
149,30,85,0.36740,0.00000,0.00000,0.00000,0,-1.00000,399511270695
150,30,85,0.39719,0.00000,0.00000,0.00000,0,-1.00000,399511275815
151,30,85,0.36030,0.00000,0.00000,0.00000,0,-1.00000,399511570398
152,30,85,0.66100,0.00000,0.00000,0.00000,0,-1.00000,399511575219
153,30,85,0.39700,0.00000,0.00000,0.00000,0,-1.00000,399511578888
154,30,85,0.67140,0.00000,0.00000,0.00000,0,-1.00000,399511582861
155,31,85,0.57990,0.00000,0.00000,0.00000,0,-1.00000,399511586456
156,31,85,28.02930,0.00000,0.00000,0.00000,0,-1.00000,399511593077
157,31,85,0.68020,0.00000,0.00000,0.00000,0,-1.00000,399511597045
158,31,85,0.37250,0.00000,0.00000,0.00000,0,-1.00000,399511603758
159,31,85,0.35980,0.00000,0.00000,0.00000,0,-1.00000,399511609557
160,31,85,0.33400,0.00000,0.00000,0.00000,0,-1.00000,399511889888
161,31,85,0.30530,0.00000,0.00000,0.00000,0,-1.00000,399511896659
162,31,85,0.43690,0.00000,0.00000,0.00000,0,-1.00000,399511900378
163,31,85,0.49790,0.00000,0.00000,0.00000,0,-1.00000,399511903970
164,31,85,0.48080,0.00000,0.00000,0.00000,0,-1.00000,399511907309
165,31,85,0.32219,0.00000,0.00000,0.00000,0,-1.00000,399511910361
166,31,85,0.39180,0.00000,0.00000,0.00000,0,-1.00000,399511914737
167,31,85,0.34590,0.00000,0.00000,0.00000,0,-1.00000,399511919713
168,31,85,0.41890,0.00000,0.00000,0.00000,0,-1.00000,399511924527
169,32,85,0.47640,0.00000,0.00000,0.00000,0,-1.00000,399511927742
170,32,85,28.67550,0.00000,0.00000,0.00000,0,-1.00000,399511931656
171,32,85,0.52980,0.00000,0.00000,0.00000,0,-1.00000,399511935123
172,32,85,0.38260,0.00000,0.00000,0.00000,0,-1.00000,399511939315
173,32,85,0.33480,0.00000,0.00000,0.00000,0,-1.00000,399511944071
174,32,85,0.33630,0.00000,0.00000,0.00000,0,-1.00000,399512230888
175,32,85,0.28770,0.00000,0.00000,0.00000,0,-1.00000,399512236133
176,32,85,0.35680,0.00000,0.00000,0.00000,0,-1.00000,399512239955
177,32,85,0.98760,0.00000,0.00000,0.00000,0,-1.00000,399512243296
178,32,85,0.44530,0.00000,0.00000,0.00000,0,-1.00000,399512246660
179,32,85,0.39360,0.00000,0.00000,0.00000,0,-1.00000,399512249540
180,33,85,0.43810,0.00000,0.00000,0.00000,0,-1.00000,399512253104
181,33,85,31.16060,0.00000,0.00000,0.00000,0,-1.00000,399512262989
182,33,85,0.65640,0.00000,0.00000,0.00000,0,-1.00000,399512267441
183,33,85,0.43830,0.00000,0.00000,0.00000,0,-1.00000,399512271379
184,33,85,0.35940,0.00000,0.00000,0.00000,0,-1.00000,399512275758
185,33,85,0.45350,0.00000,0.00000,0.00000,0,-1.00000,399512587410
186,34,85,0.28720,0.00000,0.00000,0.00000,0,-1.00000,399512593940
187,34,85,29.68510,0.00000,0.00000,0.00000,0,-1.00000,399512598312
188,34,85,0.80200,0.00000,0.00000,0.00000,0,-1.00000,399512601906
189,34,85,0.40090,0.00000,0.00000,0.00000,0,-1.00000,399512606440
190,34,85,0.67881,0.00000,0.00000,0.00000,0,-1.00000,399512609310
191,34,85,0.55820,0.00000,0.00000,0.00000,0,-1.00000,399512906208
192,34,85,0.65620,0.00000,0.00000,0.00000,0,-1.00000,399512914188
193,35,85,0.45050,0.00000,0.00000,0.00000,0,-1.00000,399512918192
194,35,85,28.90270,0.00000,0.00000,0.00000,0,-1.00000,399512924978
195,35,85,0.80471,0.00000,0.00000,0.00000,0,-1.00000,399512930567
196,35,85,0.59480,0.00000,0.00000,0.00000,0,-1.00000,399512937126
197,35,85,0.40550,0.00000,0.00000,0.00000,0,-1.00000,399512941628
198,35,85,0.30130,0.00000,0.00000,0.00000,0,-1.00000,399513230713
199,35,85,0.32370,0.00000,0.00000,0.00000,0,-1.00000,399513238717
200,35,85,0.31780,0.00000,0.00000,0.00000,0,-1.00000,399513244711
201,35,85,0.26310,0.00000,0.00000,0.00000,0,-1.00000,399513248700
202,35,85,0.31920,0.00000,0.00000,0.00000,0,-1.00000,399513251709
203,35,85,0.65180,0.00000,0.00000,0.00000,0,-1.00000,399513254950
204,35,85,0.30520,0.00000,0.00000,0.00000,0,-1.00000,399513258124
205,36,85,2.05170,0.00000,0.00000,0.00000,0,-1.00000,399513260755
206,36,85,28.74970,0.00000,0.00000,0.00000,0,-1.00000,399513263947
207,36,85,0.50160,0.00000,0.00000,0.00000,0,-1.00000,399513270469
208,36,85,0.63120,0.00000,0.00000,0.00000,0,-1.00000,399513273520
209,36,85,0.56590,0.00000,0.00000,0.00000,0,-1.00000,399513294046
210,36,85,0.35150,0.00000,0.00000,0.00000,0,-1.00000,399513581596
211,36,85,0.31910,0.00000,0.00000,0.00000,0,-1.00000,399513586559
212,37,85,7.80410,0.00000,0.00000,0.00000,0,-1.00000,399513592875
213,38,85,30.80820,0.00000,0.00000,0.00000,0,-1.00000,399513598532
214,39,85,28.86900,0.00000,0.00000,0.00000,0,-1.00000,399513602045
215,39,85,27.51690,0.00000,0.00000,0.00000,0,-1.00000,399513605233
216,39,85,0.63810,0.00000,0.00000,0.00000,0,-1.00000,399513683294
217,39,85,0.45660,0.00000,0.00000,0.00000,0,-1.00000,399513991426
218,39,85,0.30800,0.00000,0.00000,0.00000,0,-1.00000,399514280107
219,39,85,0.31590,0.00000,0.00000,0.00000,0,-1.00000,399514555258
220,39,85,0.29750,0.00000,0.00000,0.00000,0,-1.00000,399514561614
221,39,85,0.27960,0.00000,0.00000,0.00000,0,-1.00000,399514566164
222,39,85,0.25590,0.00000,0.00000,0.00000,0,-1.00000,399514569235
223,39,85,0.27730,0.00000,0.00000,0.00000,0,-1.00000,399514572396
224,39,85,0.29610,0.00000,0.00000,0.00000,0,-1.00000,399514575369
225,39,85,0.45150,0.00000,0.00000,0.00000,0,-1.00000,399514578162
226,39,85,0.29220,0.00000,0.00000,0.00000,0,-1.00000,399514580719
227,39,85,0.27590,0.00000,0.00000,0.00000,0,-1.00000,399514583495
228,39,85,0.29850,0.00000,0.00000,0.00000,0,-1.00000,399514586457
229,39,85,0.40630,0.00000,0.00000,0.00000,0,-1.00000,399514590977
230,39,85,0.28450,0.00000,0.00000,0.00000,0,-1.00000,399514593892
231,40,85,0.26230,0.00000,0.00000,0.00000,0,-1.00000,399514596658
232,40,85,30.69820,0.00000,0.00000,0.00000,0,-1.00000,399514599637
233,40,85,0.77070,0.00000,0.00000,0.00000,0,-1.00000,399514603705
234,40,85,0.73960,0.00000,0.00000,0.00000,0,-1.00000,399514606545
235,40,85,0.44050,0.00000,0.00000,0.00000,0,-1.00000,399514609165
236,40,85,0.37929,0.00000,0.00000,0.00000,0,-1.00000,399514916210
237,41,85,0.33920,0.00000,0.00000,0.00000,0,-1.00000,399514923877
238,41,85,27.89000,0.00000,0.00000,0.00000,0,-1.00000,399514931266
239,41,85,0.79600,0.00000,0.00000,0.00000,0,-1.00000,399514935664
240,41,85,0.36640,0.00000,0.00000,0.00000,0,-1.00000,399514939463
241,41,85,0.33590,0.00000,0.00000,0.00000,0,-1.00000,399514942850
242,41,85,0.32390,0.00000,0.00000,0.00000,0,-1.00000,399515221805
243,41,85,0.31760,0.00000,0.00000,0.00000,0,-1.00000,399515229725
244,41,85,0.29030,0.00000,0.00000,0.00000,0,-1.00000,399515233371
245,41,85,0.43320,0.00000,0.00000,0.00000,0,-1.00000,399515236727
246,41,85,0.28630,0.00000,0.00000,0.00000,0,-1.00000,399515239969
247,41,85,0.28450,0.00000,0.00000,0.00000,0,-1.00000,399515243143
248,41,85,0.26480,0.00000,0.00000,0.00000,0,-1.00000,399515246052
249,41,85,0.27880,0.00000,0.00000,0.00000,0,-1.00000,399515250380
250,41,85,0.25430,0.00000,0.00000,0.00000,0,-1.00000,399515253238
251,41,85,0.28580,0.00000,0.00000,0.00000,0,-1.00000,399515256086
252,41,85,0.25450,0.00000,0.00000,0.00000,0,-1.00000,399515258736
253,41,85,0.27330,0.00000,0.00000,0.00000,0,-1.00000,399515261522
254,42,85,0.26090,0.00000,0.00000,0.00000,0,-1.00000,399515264069
255,42,85,28.36191,0.00000,0.00000,0.00000,0,-1.00000,399515266924
256,42,85,0.46849,0.00000,0.00000,0.00000,0,-1.00000,399515269471
257,42,85,0.33910,0.00000,0.00000,0.00000,0,-1.00000,399515272200
258,42,85,0.31320,0.00000,0.00000,0.00000,0,-1.00000,399515274805
259,42,85,0.30540,0.00000,0.00000,0.00000,0,-1.00000,399515558481
260,42,85,0.29620,0.00000,0.00000,0.00000,0,-1.00000,399515563121
261,42,85,0.38180,0.00000,0.00000,0.00000,0,-1.00000,399515566508
262,42,85,0.34471,0.00000,0.00000,0.00000,0,-1.00000,399515569640
263,42,85,0.28000,0.00000,0.00000,0.00000,0,-1.00000,399515572693
264,42,85,0.63460,0.00000,0.00000,0.00000,0,-1.00000,399515575651
265,42,85,0.32000,0.00000,0.00000,0.00000,0,-1.00000,399515579471
266,42,85,0.35820,0.00000,0.00000,0.00000,0,-1.00000,399515582919
267,42,85,0.29230,0.00000,0.00000,0.00000,0,-1.00000,399515585718
268,42,85,0.30740,0.00000,0.00000,0.00000,0,-1.00000,399515592064
269,43,85,0.41170,0.00000,0.00000,0.00000,0,-1.00000,399515595265
270,43,85,28.17070,0.00000,0.00000,0.00000,0,-1.00000,399515598844
271,43,85,0.84131,0.00000,0.00000,0.00000,0,-1.00000,399515601774
272,43,85,0.40470,0.00000,0.00000,0.00000,0,-1.00000,399515604840
273,43,85,0.37490,0.00000,0.00000,0.00000,0,-1.00000,399515608968
274,43,85,0.33510,0.00000,0.00000,0.00000,0,-1.00000,399515890738
275,43,85,0.33730,0.00000,0.00000,0.00000,0,-1.00000,399515899108
276,43,85,0.29340,0.00000,0.00000,0.00000,0,-1.00000,399515903133
277,43,85,0.30640,0.00000,0.00000,0.00000,0,-1.00000,399515906877
278,43,85,0.26210,0.00000,0.00000,0.00000,0,-1.00000,399515910230
279,43,85,0.26230,0.00000,0.00000,0.00000,0,-1.00000,399515913601
280,43,85,0.36950,0.00000,0.00000,0.00000,0,-1.00000,399515916538
281,43,85,0.25920,0.00000,0.00000,0.00000,0,-1.00000,399515919594
282,43,85,0.83510,0.00000,0.00000,0.00000,0,-1.00000,399515922218
283,44,85,5.09520,0.00000,0.00000,0.00000,0,-1.00000,399515924847
284,45,85,30.36920,0.00000,0.00000,0.00000,0,-1.00000,399515928536
285,45,85,28.88600,0.00000,0.00000,0.00000,0,-1.00000,399515931132
286,45,85,0.54550,0.00000,0.00000,0.00000,0,-1.00000,399515939484
287,45,85,0.38870,0.00000,0.00000,0.00000,0,-1.00000,399515990444
288,45,85,0.37870,0.00000,0.00000,0.00000,0,-1.00000,399516294197
289,45,85,0.39240,0.00000,0.00000,0.00000,0,-1.00000,399516583045
290,45,85,0.36980,0.00000,0.00000,0.00000,0,-1.00000,399516588452
291,46,85,0.35380,0.00000,0.00000,0.00000,0,-1.00000,399516592338
292,46,85,29.53090,0.00000,0.00000,0.00000,0,-1.00000,399516596116
293,46,85,0.60540,0.00000,0.00000,0.00000,0,-1.00000,399516600039
294,46,85,0.58370,0.00000,0.00000,0.00000,0,-1.00000,399516603743
295,46,85,0.38090,0.00000,0.00000,0.00000,0,-1.00000,399516607277
296,46,85,0.35430,0.00000,0.00000,0.00000,0,-1.00000,399516902647
297,46,85,0.32790,0.00000,0.00000,0.00000,0,-1.00000,399516908658
298,46,85,0.39200,0.00000,0.00000,0.00000,0,-1.00000,399516914479
299,46,85,0.33761,0.00000,0.00000,0.00000,0,-1.00000,399516918286
300,46,85,0.35270,0.00000,0.00000,0.00000,0,-1.00000,399516921830
301,46,85,0.32170,0.00000,0.00000,0.00000,0,-1.00000,399516925113
302,47,85,0.31270,0.00000,0.00000,0.00000,0,-1.00000,399516929029
303,47,85,30.09060,0.00000,0.00000,0.00000,0,-1.00000,399516932412
304,47,85,0.70000,0.00000,0.00000,0.00000,0,-1.00000,399516935936
305,47,85,0.57820,0.00000,0.00000,0.00000,0,-1.00000,399516939153
306,47,85,0.47070,0.00000,0.00000,0.00000,0,-1.00000,399516942274
307,47,85,0.37360,0.00000,0.00000,0.00000,0,-1.00000,399517243245
308,47,85,0.34259,0.00000,0.00000,0.00000,0,-1.00000,399517250190
309,47,85,0.39360,0.00000,0.00000,0.00000,0,-1.00000,399517255970
310,48,85,0.36830,0.00000,0.00000,0.00000,0,-1.00000,399517260670
311,48,85,30.71280,0.00000,0.00000,0.00000,0,-1.00000,399517264406
312,48,85,1.02920,0.00000,0.00000,0.00000,0,-1.00000,399517267848
313,48,85,0.51060,0.00000,0.00000,0.00000,0,-1.00000,399517271772
314,48,85,0.43400,0.00000,0.00000,0.00000,0,-1.00000,399517275449
315,48,85,0.41030,0.00000,0.00000,0.00000,0,-1.00000,399517582641
316,49,85,0.62420,0.00000,0.00000,0.00000,0,-1.00000,399517592891
317,49,85,29.41181,0.00000,0.00000,0.00000,0,-1.00000,399517597990
318,49,85,0.55190,0.00000,0.00000,0.00000,0,-1.00000,399517602327
319,49,85,0.46450,0.00000,0.00000,0.00000,0,-1.00000,399517606427
320,49,85,0.40700,0.00000,0.00000,0.00000,0,-1.00000,399517612667
321,49,85,0.40270,0.00000,0.00000,0.00000,0,-1.00000,399517906853
322,49,85,0.38680,0.00000,0.00000,0.00000,0,-1.00000,399517912303
323,49,85,0.49610,0.00000,0.00000,0.00000,0,-1.00000,399517916948
324,49,85,0.35720,0.00000,0.00000,0.00000,0,-1.00000,399517921013
325,50,85,0.37700,0.00000,0.00000,0.00000,0,-1.00000,399517925038
326,50,85,29.51960,0.00000,0.00000,0.00000,0,-1.00000,399517928913
327,50,85,0.59530,0.00000,0.00000,0.00000,0,-1.00000,399517933878
328,50,85,0.39950,0.00000,0.00000,0.00000,0,-1.00000,399517937438
329,50,85,0.36220,0.00000,0.00000,0.00000,0,-1.00000,399517941207
330,50,85,0.37960,0.00000,0.00000,0.00000,0,-1.00000,399518236456
331,50,85,0.35150,0.00000,0.00000,0.00000,0,-1.00000,399518242367
332,50,85,0.40560,0.00000,0.00000,0.00000,0,-1.00000,399518246355
333,50,85,0.32510,0.00000,0.00000,0.00000,0,-1.00000,399518249980
334,50,85,0.44360,0.00000,0.00000,0.00000,0,-1.00000,399518253779
335,50,85,0.38660,0.00000,0.00000,0.00000,0,-1.00000,399518257293
336,51,85,0.28920,0.00000,0.00000,0.00000,0,-1.00000,399518261344
337,51,85,30.43770,0.00000,0.00000,0.00000,0,-1.00000,399518264592
338,51,85,0.51980,0.00000,0.00000,0.00000,0,-1.00000,399518269031
339,51,85,0.37680,0.00000,0.00000,0.00000,0,-1.00000,399518272898
340,51,85,0.34240,0.00000,0.00000,0.00000,0,-1.00000,399518275791
341,51,85,0.45300,0.00000,0.00000,0.00000,0,-1.00000,399518580220
342,51,85,0.32380,0.00000,0.00000,0.00000,0,-1.00000,399518585375
343,51,85,0.50120,0.00000,0.00000,0.00000,0,-1.00000,399518589136
344,52,85,0.30840,0.00000,0.00000,0.00000,0,-1.00000,399518592561
345,52,85,29.62331,0.00000,0.00000,0.00000,0,-1.00000,399518597090
346,52,85,0.55140,0.00000,0.00000,0.00000,0,-1.00000,399518600323
347,52,85,0.39200,0.00000,0.00000,0.00000,0,-1.00000,399518605328
348,52,85,0.38670,0.00000,0.00000,0.00000,0,-1.00000,399518608419
349,52,85,0.44820,0.00000,0.00000,0.00000,0,-1.00000,399518904736
350,52,85,0.42320,0.00000,0.00000,0.00000,0,-1.00000,399518910177
351,52,85,0.41750,0.00000,0.00000,0.00000,0,-1.00000,399518914094
352,52,85,0.37360,0.00000,0.00000,0.00000,0,-1.00000,399518917959
353,52,85,0.51410,0.00000,0.00000,0.00000,0,-1.00000,399518922440
354,53,85,0.34910,0.00000,0.00000,0.00000,0,-1.00000,399518926676
355,53,85,30.33810,0.00000,0.00000,0.00000,0,-1.00000,399518930846
356,53,85,0.61830,0.00000,0.00000,0.00000,0,-1.00000,399518934586
357,53,85,0.35370,0.00000,0.00000,0.00000,0,-1.00000,399518939726
358,53,85,0.32730,0.00000,0.00000,0.00000,0,-1.00000,399518943212
359,53,85,0.32110,0.00000,0.00000,0.00000,0,-1.00000,399519246646
360,53,85,0.36280,0.00000,0.00000,0.00000,0,-1.00000,399519252787
361,53,85,0.34080,0.00000,0.00000,0.00000,0,-1.00000,399519256318
362,53,85,0.27690,0.00000,0.00000,0.00000,0,-1.00000,399519259587
363,54,85,0.27270,0.00000,0.00000,0.00000,0,-1.00000,399519262794
364,54,85,28.21180,0.00000,0.00000,0.00000,0,-1.00000,399519266422
365,54,85,0.53200,0.00000,0.00000,0.00000,0,-1.00000,399519269829
366,54,85,0.34540,0.00000,0.00000,0.00000,0,-1.00000,399519272595
367,54,85,0.29790,0.00000,0.00000,0.00000,0,-1.00000,399519275326
368,54,85,0.31310,0.00000,0.00000,0.00000,0,-1.00000,399519557498
369,54,85,0.29290,0.00000,0.00000,0.00000,0,-1.00000,399519562775
370,54,85,0.28910,0.00000,0.00000,0.00000,0,-1.00000,399519566218
371,54,85,0.27120,0.00000,0.00000,0.00000,0,-1.00000,399519569201
372,54,85,0.29950,0.00000,0.00000,0.00000,0,-1.00000,399519572327
373,54,85,0.63241,0.00000,0.00000,0.00000,0,-1.00000,399519575257
374,54,85,0.36160,0.00000,0.00000,0.00000,0,-1.00000,399519578144
375,54,85,0.30000,0.00000,0.00000,0.00000,0,-1.00000,399519580864
376,54,85,0.36620,0.00000,0.00000,0.00000,0,-1.00000,399519583856
377,54,85,0.34180,0.00000,0.00000,0.00000,0,-1.00000,399519590184
378,54,85,0.30050,0.00000,0.00000,0.00000,0,-1.00000,399519593802
379,55,85,0.33490,0.00000,0.00000,0.00000,0,-1.00000,399519596793
380,55,85,28.08590,0.00000,0.00000,0.00000,0,-1.00000,399519600456
381,55,85,0.85021,0.00000,0.00000,0.00000,0,-1.00000,399519603883
382,55,85,0.35230,0.00000,0.00000,0.00000,0,-1.00000,399519606880
383,55,85,0.30880,0.00000,0.00000,0.00000,0,-1.00000,399519610226
384,55,85,0.29290,0.00000,0.00000,0.00000,0,-1.00000,399519891153
385,55,85,0.44570,0.00000,0.00000,0.00000,0,-1.00000,399519899612
386,55,85,0.39571,0.00000,0.00000,0.00000,0,-1.00000,399519903114
387,55,85,0.37290,0.00000,0.00000,0.00000,0,-1.00000,399519906199
388,55,85,0.36740,0.00000,0.00000,0.00000,0,-1.00000,399519909138
389,55,85,0.28420,0.00000,0.00000,0.00000,0,-1.00000,399519913594
390,55,85,0.24800,0.00000,0.00000,0.00000,0,-1.00000,399519917549
391,55,85,0.35140,0.00000,0.00000,0.00000,0,-1.00000,399519921273
392,55,85,0.27290,0.00000,0.00000,0.00000,0,-1.00000,399519924945
393,55,85,0.25500,0.00000,0.00000,0.00000,0,-1.00000,399519927783
394,56,85,0.29870,0.00000,0.00000,0.00000,0,-1.00000,399519930265
395,56,85,29.47440,0.00000,0.00000,0.00000,0,-1.00000,399519933780
396,56,85,0.63040,0.00000,0.00000,0.00000,0,-1.00000,399519936510
397,56,85,0.50620,0.00000,0.00000,0.00000,0,-1.00000,399519939060
398,56,85,0.34230,0.00000,0.00000,0.00000,0,-1.00000,399519942053
399,56,85,0.37090,0.00000,0.00000,0.00000,0,-1.00000,399520237109
400,56,85,0.30450,0.00000,0.00000,0.00000,0,-1.00000,399520243121
401,56,85,0.36930,0.00000,0.00000,0.00000,0,-1.00000,399520248168
402,56,85,0.27340,0.00000,0.00000,0.00000,0,-1.00000,399520251588
403,56,85,0.49240,0.00000,0.00000,0.00000,0,-1.00000,399520255290
404,56,85,0.34570,0.00000,0.00000,0.00000,0,-1.00000,399520258339
405,57,85,0.30290,0.00000,0.00000,0.00000,0,-1.00000,399520262026
406,57,85,29.36240,0.00000,0.00000,0.00000,0,-1.00000,399520264759
407,57,85,0.58410,0.00000,0.00000,0.00000,0,-1.00000,399520269687
408,57,85,0.49690,0.00000,0.00000,0.00000,0,-1.00000,399520273147
409,57,85,0.45210,0.00000,0.00000,0.00000,0,-1.00000,399520276172
410,57,85,0.53280,0.00000,0.00000,0.00000,0,-1.00000,399520569868
411,57,85,0.36970,0.00000,0.00000,0.00000,0,-1.00000,399520575652
412,57,85,0.37540,0.00000,0.00000,0.00000,0,-1.00000,399520580622
413,57,85,0.46700,0.00000,0.00000,0.00000,0,-1.00000,399520585141
414,57,85,0.45840,0.00000,0.00000,0.00000,0,-1.00000,399520590465
415,58,85,0.42659,0.00000,0.00000,0.00000,0,-1.00000,399520594156
416,59,85,35.32490,0.00000,0.00000,0.00000,0,-1.00000,399520597905
417,59,85,28.75911,0.00000,0.00000,0.00000,0,-1.00000,399520602582
418,59,85,0.51440,0.00000,0.00000,0.00000,0,-1.00000,399520607166
419,59,85,0.45900,0.00000,0.00000,0.00000,0,-1.00000,399520611426
420,59,85,0.38440,0.00000,0.00000,0.00000,0,-1.00000,399520964742
421,59,85,0.39150,0.00000,0.00000,0.00000,0,-1.00000,399521252316
422,60,85,0.46530,0.00000,0.00000,0.00000,0,-1.00000,399521257428
423,60,85,29.18250,0.00000,0.00000,0.00000,0,-1.00000,399521262011
424,60,85,0.68990,0.00000,0.00000,0.00000,0,-1.00000,399521265849
425,60,85,0.41380,0.00000,0.00000,0.00000,0,-1.00000,399521269766
426,60,85,0.36860,0.00000,0.00000,0.00000,0,-1.00000,399521274419
427,60,85,0.34410,0.00000,0.00000,0.00000,0,-1.00000,399521566316
428,60,85,0.37929,0.00000,0.00000,0.00000,0,-1.00000,399521573154
429,60,85,0.34600,0.00000,0.00000,0.00000,0,-1.00000,399521577285
430,60,85,0.47900,0.00000,0.00000,0.00000,0,-1.00000,399521580966
431,60,85,0.42890,0.00000,0.00000,0.00000,0,-1.00000,399521584403
432,60,85,0.35660,0.00000,0.00000,0.00000,0,-1.00000,399521588203
433,61,85,0.37390,0.00000,0.00000,0.00000,0,-1.00000,399521591662
434,61,85,31.85780,0.00000,0.00000,0.00000,0,-1.00000,399521596449
435,61,85,0.52890,0.00000,0.00000,0.00000,0,-1.00000,399521600744
436,61,85,0.42670,0.00000,0.00000,0.00000,0,-1.00000,399521604307
437,61,85,0.33010,0.00000,0.00000,0.00000,0,-1.00000,399521608047
438,62,85,0.37770,0.00000,0.00000,0.00000,0,-1.00000,399521926812
439,62,85,30.61320,0.00000,0.00000,0.00000,0,-1.00000,399521931933
440,62,85,0.59290,0.00000,0.00000,0.00000,0,-1.00000,399521936181
441,62,85,0.42550,0.00000,0.00000,0.00000,0,-1.00000,399521939494
442,62,85,0.39520,0.00000,0.00000,0.00000,0,-1.00000,399521943270
443,62,85,0.42170,0.00000,0.00000,0.00000,0,-1.00000,399522249440
444,62,85,0.38740,0.00000,0.00000,0.00000,0,-1.00000,399522255336
445,63,85,0.35400,0.00000,0.00000,0.00000,0,-1.00000,399522259598
446,63,85,30.12880,0.00000,0.00000,0.00000,0,-1.00000,399522263528
447,63,85,0.52230,0.00000,0.00000,0.00000,0,-1.00000,399522267823
448,63,85,0.39390,0.00000,0.00000,0.00000,0,-1.00000,399522271622
449,63,85,0.36590,0.00000,0.00000,0.00000,0,-1.00000,399522275163
450,63,85,0.35350,0.00000,0.00000,0.00000,0,-1.00000,399522576498
451,63,85,0.34610,0.00000,0.00000,0.00000,0,-1.00000,399522581663
452,63,85,0.33020,0.00000,0.00000,0.00000,0,-1.00000,399522585608
453,63,85,0.40850,0.00000,0.00000,0.00000,0,-1.00000,399522589267
454,63,85,0.33479,0.00000,0.00000,0.00000,0,-1.00000,399522592796
455,64,85,0.33200,0.00000,0.00000,0.00000,0,-1.00000,399522596259
456,64,85,29.97840,0.00000,0.00000,0.00000,0,-1.00000,399522599558
457,64,85,0.55070,0.00000,0.00000,0.00000,0,-1.00000,399522603652
458,64,85,0.46600,0.00000,0.00000,0.00000,0,-1.00000,399522606998
459,64,85,0.38570,0.00000,0.00000,0.00000,0,-1.00000,399522610316
460,64,85,0.38270,0.00000,0.00000,0.00000,0,-1.00000,399522910156
461,64,85,0.36351,0.00000,0.00000,0.00000,0,-1.00000,399522915609
462,64,85,0.36880,0.00000,0.00000,0.00000,0,-1.00000,399522920267
463,64,85,0.34470,0.00000,0.00000,0.00000,0,-1.00000,399522924121
464,65,85,0.35509,0.00000,0.00000,0.00000,0,-1.00000,399522927955
465,65,85,29.59661,0.00000,0.00000,0.00000,0,-1.00000,399522931580
466,65,85,0.58260,0.00000,0.00000,0.00000,0,-1.00000,399522935275
467,65,85,0.46040,0.00000,0.00000,0.00000,0,-1.00000,399522938727
468,65,85,0.33590,0.00000,0.00000,0.00000,0,-1.00000,399522942267
469,65,85,0.31280,0.00000,0.00000,0.00000,0,-1.00000,399523238300
470,65,85,0.37760,0.00000,0.00000,0.00000,0,-1.00000,399523244082
471,65,85,0.30670,0.00000,0.00000,0.00000,0,-1.00000,399523248667
472,65,85,0.29200,0.00000,0.00000,0.00000,0,-1.00000,399523252025
473,65,85,0.29400,0.00000,0.00000,0.00000,0,-1.00000,399523255161
474,65,85,0.28910,0.00000,0.00000,0.00000,0,-1.00000,399523258927
475,65,85,0.27330,0.00000,0.00000,0.00000,0,-1.00000,399523261994
476,66,85,0.28040,0.00000,0.00000,0.00000,0,-1.00000,399523264913
477,66,85,32.21640,0.00000,0.00000,0.00000,0,-1.00000,399523267853
478,67,85,1.03430,0.00000,0.00000,0.00000,0,-1.00000,399523270742
479,67,85,30.76650,0.00000,0.00000,0.00000,0,-1.00000,399523273476
480,67,85,0.55100,0.00000,0.00000,0.00000,0,-1.00000,399523276283
481,67,85,0.41020,0.00000,0.00000,0.00000,0,-1.00000,399523598549
482,67,85,0.38060,0.00000,0.00000,0.00000,0,-1.00000,399523608822
483,67,85,0.35830,0.00000,0.00000,0.00000,0,-1.00000,399523916513
484,67,85,0.32161,0.00000,0.00000,0.00000,0,-1.00000,399523921973
485,67,85,0.28739,0.00000,0.00000,0.00000,0,-1.00000,399523926076
486,68,85,0.33840,0.00000,0.00000,0.00000,0,-1.00000,399523929881
487,68,85,29.57380,0.00000,0.00000,0.00000,0,-1.00000,399523933451
488,68,85,0.51110,0.00000,0.00000,0.00000,0,-1.00000,399523936671
489,68,85,0.37500,0.00000,0.00000,0.00000,0,-1.00000,399523939548
490,68,85,0.36720,0.00000,0.00000,0.00000,0,-1.00000,399523942932
491,68,85,0.40350,0.00000,0.00000,0.00000,0,-1.00000,399524238727
492,68,85,0.38090,0.00000,0.00000,0.00000,0,-1.00000,399524243787
493,68,85,0.35730,0.00000,0.00000,0.00000,0,-1.00000,399524247538
494,68,85,0.35160,0.00000,0.00000,0.00000,0,-1.00000,399524251202
495,68,85,0.38000,0.00000,0.00000,0.00000,0,-1.00000,399524255240
496,68,85,0.33260,0.00000,0.00000,0.00000,0,-1.00000,399524259050
497,69,85,0.31340,0.00000,0.00000,0.00000,0,-1.00000,399524262630
498,69,85,29.88040,0.00000,0.00000,0.00000,0,-1.00000,399524266139
499,69,85,0.52280,0.00000,0.00000,0.00000,0,-1.00000,399524269940
500,69,85,0.40960,0.00000,0.00000,0.00000,0,-1.00000,399524273263
501,69,85,0.36540,0.00000,0.00000,0.00000,0,-1.00000,399524276394
502,69,85,0.31330,0.00000,0.00000,0.00000,0,-1.00000,399524575255
503,69,85,0.35920,0.00000,0.00000,0.00000,0,-1.00000,399524580441
504,69,85,0.31870,0.00000,0.00000,0.00000,0,-1.00000,399524584522
505,69,85,0.36830,0.00000,0.00000,0.00000,0,-1.00000,399524588186
506,69,85,0.52920,0.00000,0.00000,0.00000,0,-1.00000,399524591310
507,70,85,0.31060,0.00000,0.00000,0.00000,0,-1.00000,399524594901
508,70,85,29.20800,0.00000,0.00000,0.00000,0,-1.00000,399524598241
509,70,85,0.59110,0.00000,0.00000,0.00000,0,-1.00000,399524601776
510,70,85,0.43580,0.00000,0.00000,0.00000,0,-1.00000,399524607064
511,70,85,0.43210,0.00000,0.00000,0.00000,0,-1.00000,399524610169
512,70,85,0.43490,0.00000,0.00000,0.00000,0,-1.00000,399524902301
513,70,85,0.62370,0.00000,0.00000,0.00000,0,-1.00000,399524908174
514,70,85,0.37700,0.00000,0.00000,0.00000,0,-1.00000,399524912526
515,70,85,0.41040,0.00000,0.00000,0.00000,0,-1.00000,399524916838
516,70,85,0.40310,0.00000,0.00000,0.00000,0,-1.00000,399524921195
517,71,85,0.31600,0.00000,0.00000,0.00000,0,-1.00000,399524927432
518,71,85,30.36330,0.00000,0.00000,0.00000,0,-1.00000,399524931204
519,71,85,0.51870,0.00000,0.00000,0.00000,0,-1.00000,399524935305
520,71,85,0.39460,0.00000,0.00000,0.00000,0,-1.00000,399524939331
521,71,85,0.31990,0.00000,0.00000,0.00000,0,-1.00000,399524942494
522,71,85,0.39470,0.00000,0.00000,0.00000,0,-1.00000,399525246176
523,71,85,0.34870,0.00000,0.00000,0.00000,0,-1.00000,399525251327
524,71,85,0.31390,0.00000,0.00000,0.00000,0,-1.00000,399525255261
525,71,85,0.35700,0.00000,0.00000,0.00000,0,-1.00000,399525258454
526,72,85,0.56030,0.00000,0.00000,0.00000,0,-1.00000,399525262409
527,72,85,30.94140,0.00000,0.00000,0.00000,0,-1.00000,399525265892
528,72,85,0.54870,0.00000,0.00000,0.00000,0,-1.00000,399525269033
529,72,85,0.46090,0.00000,0.00000,0.00000,0,-1.00000,399525272601
530,72,85,0.42030,0.00000,0.00000,0.00000,0,-1.00000,399525278210
531,72,85,0.47510,0.00000,0.00000,0.00000,0,-1.00000,399525587672
532,73,85,0.41250,0.00000,0.00000,0.00000,0,-1.00000,399525593112
533,73,85,32.65580,0.00000,0.00000,0.00000,0,-1.00000,399525597719
534,74,85,0.55220,0.00000,0.00000,0.00000,0,-1.00000,399525601918
535,74,85,30.97710,0.00000,0.00000,0.00000,0,-1.00000,399525606671
536,74,85,0.64860,0.00000,0.00000,0.00000,0,-1.00000,399525610793
537,74,85,0.34931,0.00000,0.00000,0.00000,0,-1.00000,399525937418
538,74,85,0.37080,0.00000,0.00000,0.00000,0,-1.00000,399525942885
539,74,85,0.36770,0.00000,0.00000,0.00000,0,-1.00000,399526252710
540,74,85,0.32840,0.00000,0.00000,0.00000,0,-1.00000,399526259150
541,75,85,0.35710,0.00000,0.00000,0.00000,0,-1.00000,399526262627
542,75,85,31.70229,0.00000,0.00000,0.00000,0,-1.00000,399526266331
543,75,85,0.51820,0.00000,0.00000,0.00000,0,-1.00000,399526270006
544,75,85,0.61440,0.00000,0.00000,0.00000,0,-1.00000,399526273286
545,76,85,0.37540,0.00000,0.00000,0.00000,0,-1.00000,399526276860
546,76,85,30.24980,0.00000,0.00000,0.00000,0,-1.00000,399526593977
547,76,85,0.46060,0.00000,0.00000,0.00000,0,-1.00000,399526599077
548,76,85,0.40240,0.00000,0.00000,0.00000,0,-1.00000,399526605218
549,76,85,0.37210,0.00000,0.00000,0.00000,0,-1.00000,399526608969
550,76,85,0.38950,0.00000,0.00000,0.00000,0,-1.00000,399526911520
551,76,85,0.37120,0.00000,0.00000,0.00000,0,-1.00000,399526916071
552,76,85,0.38030,0.00000,0.00000,0.00000,0,-1.00000,399526920098
553,76,85,0.34520,0.00000,0.00000,0.00000,0,-1.00000,399526923809
554,77,85,0.33420,0.00000,0.00000,0.00000,0,-1.00000,399526927720
555,77,85,29.26800,0.00000,0.00000,0.00000,0,-1.00000,399526931427
556,77,85,0.50690,0.00000,0.00000,0.00000,0,-1.00000,399526935229
557,77,85,0.40170,0.00000,0.00000,0.00000,0,-1.00000,399526938678
558,77,85,0.33300,0.00000,0.00000,0.00000,0,-1.00000,399526942016
559,77,85,0.30040,0.00000,0.00000,0.00000,0,-1.00000,399527234762
560,77,85,0.34060,0.00000,0.00000,0.00000,0,-1.00000,399527239788
561,77,85,0.32299,0.00000,0.00000,0.00000,0,-1.00000,399527243789
562,77,85,0.30610,0.00000,0.00000,0.00000,0,-1.00000,399527247115
563,77,85,0.33151,0.00000,0.00000,0.00000,0,-1.00000,399527250123
564,77,85,0.32970,0.00000,0.00000,0.00000,0,-1.00000,399527253525
565,77,85,0.31950,0.00000,0.00000,0.00000,0,-1.00000,399527256751
566,77,85,0.30710,0.00000,0.00000,0.00000,0,-1.00000,399527259811
567,78,85,0.29179,0.00000,0.00000,0.00000,0,-1.00000,399527263128
568,78,85,29.52261,0.00000,0.00000,0.00000,0,-1.00000,399527266425
569,78,85,0.46370,0.00000,0.00000,0.00000,0,-1.00000,399527269623
570,78,85,0.38190,0.00000,0.00000,0.00000,0,-1.00000,399527272693
571,78,85,0.34340,0.00000,0.00000,0.00000,0,-1.00000,399527275606
572,78,85,0.33450,0.00000,0.00000,0.00000,0,-1.00000,399527570896
573,78,85,0.31260,0.00000,0.00000,0.00000,0,-1.00000,399527575473
574,78,85,0.29190,0.00000,0.00000,0.00000,0,-1.00000,399527579290
575,78,85,0.33040,0.00000,0.00000,0.00000,0,-1.00000,399527582727
576,78,85,0.31000,0.00000,0.00000,0.00000,0,-1.00000,399527586068
577,78,85,0.35050,0.00000,0.00000,0.00000,0,-1.00000,399527589193
578,78,85,0.31340,0.00000,0.00000,0.00000,0,-1.00000,399527592114
579,79,85,0.28440,0.00000,0.00000,0.00000,0,-1.00000,399527595419
580,79,85,30.55281,0.00000,0.00000,0.00000,0,-1.00000,399527598518
581,79,85,0.46060,0.00000,0.00000,0.00000,0,-1.00000,399527602028
582,79,85,0.37650,0.00000,0.00000,0.00000,0,-1.00000,399527605156
583,79,85,0.33760,0.00000,0.00000,0.00000,0,-1.00000,399527608005
584,79,85,0.28840,0.00000,0.00000,0.00000,0,-1.00000,399527913582
585,79,85,0.29620,0.00000,0.00000,0.00000,0,-1.00000,399527918135
586,79,85,0.37820,0.00000,0.00000,0.00000,0,-1.00000,399527921906
587,79,85,0.44780,0.00000,0.00000,0.00000,0,-1.00000,399527925279
588,80,85,0.32440,0.00000,0.00000,0.00000,0,-1.00000,399527928159
589,80,85,29.38110,0.00000,0.00000,0.00000,0,-1.00000,399527931131
590,80,85,0.55530,0.00000,0.00000,0.00000,0,-1.00000,399527934909
591,80,85,0.54270,0.00000,0.00000,0.00000,0,-1.00000,399527939382
592,80,85,0.39220,0.00000,0.00000,0.00000,0,-1.00000,399527942683
593,80,85,0.37630,0.00000,0.00000,0.00000,0,-1.00000,399528236486
594,80,85,0.30540,0.00000,0.00000,0.00000,0,-1.00000,399528242004
595,80,85,0.38310,0.00000,0.00000,0.00000,0,-1.00000,399528247418
596,80,85,0.33460,0.00000,0.00000,0.00000,0,-1.00000,399528251342
597,80,85,0.36690,0.00000,0.00000,0.00000,0,-1.00000,399528255099
598,80,85,0.45080,0.00000,0.00000,0.00000,0,-1.00000,399528258196
599,81,85,0.40590,0.00000,0.00000,0.00000,0,-1.00000,399528261988
600,81,85,28.87440,0.00000,0.00000,0.00000,0,-1.00000,399528265339
601,81,85,0.59041,0.00000,0.00000,0.00000,0,-1.00000,399528269015
602,81,85,0.52749,0.00000,0.00000,0.00000,0,-1.00000,399528273518
603,81,85,0.59831,0.00000,0.00000,0.00000,0,-1.00000,399528277576
604,81,85,0.38070,0.00000,0.00000,0.00000,0,-1.00000,399528566365
605,81,85,0.48770,0.00000,0.00000,0.00000,0,-1.00000,399528572231
606,81,85,0.33930,0.00000,0.00000,0.00000,0,-1.00000,399528577493
607,81,85,0.30310,0.00000,0.00000,0.00000,0,-1.00000,399528583482
608,81,85,0.40429,0.00000,0.00000,0.00000,0,-1.00000,399528587289
609,81,85,0.39550,0.00000,0.00000,0.00000,0,-1.00000,399528592165
610,82,85,0.38750,0.00000,0.00000,0.00000,0,-1.00000,399528595554
611,82,85,29.80811,0.00000,0.00000,0.00000,0,-1.00000,399528598591
612,82,85,0.53310,0.00000,0.00000,0.00000,0,-1.00000,399528602636
613,82,85,0.42640,0.00000,0.00000,0.00000,0,-1.00000,399528606589
614,82,85,0.45020,0.00000,0.00000,0.00000,0,-1.00000,399528610464
615,82,85,0.40750,0.00000,0.00000,0.00000,0,-1.00000,399528908598
616,82,85,0.39500,0.00000,0.00000,0.00000,0,-1.00000,399528913874
617,82,85,0.35860,0.00000,0.00000,0.00000,0,-1.00000,399528918138
618,82,85,0.35870,0.00000,0.00000,0.00000,0,-1.00000,399528922646
619,83,85,0.40540,0.00000,0.00000,0.00000,0,-1.00000,399528926718
620,83,85,28.72309,0.00000,0.00000,0.00000,0,-1.00000,399528930658
621,83,85,0.54370,0.00000,0.00000,0.00000,0,-1.00000,399528934249
622,83,85,0.38241,0.00000,0.00000,0.00000,0,-1.00000,399528937836
623,83,85,0.38220,0.00000,0.00000,0.00000,0,-1.00000,399528941891
624,83,85,0.36050,0.00000,0.00000,0.00000,0,-1.00000,399529229177
625,83,85,0.30519,0.00000,0.00000,0.00000,0,-1.00000,399529234556
626,83,85,0.33690,0.00000,0.00000,0.00000,0,-1.00000,399529238376
627,83,85,0.28470,0.00000,0.00000,0.00000,0,-1.00000,399529242205
628,83,85,0.26939,0.00000,0.00000,0.00000,0,-1.00000,399529245807
629,83,85,0.30980,0.00000,0.00000,0.00000,0,-1.00000,399529248864
630,83,85,0.30580,0.00000,0.00000,0.00000,0,-1.00000,399529252225
631,83,85,0.29170,0.00000,0.00000,0.00000,0,-1.00000,399529255072
632,83,85,0.27871,0.00000,0.00000,0.00000,0,-1.00000,399529257764
633,83,85,0.26300,0.00000,0.00000,0.00000,0,-1.00000,399529260869
634,84,85,0.25310,0.00000,0.00000,0.00000,0,-1.00000,399529263921
635,84,85,30.61390,0.00000,0.00000,0.00000,0,-1.00000,399529266837
636,84,85,0.71580,0.00000,0.00000,0.00000,0,-1.00000,399529269623
637,84,85,0.34010,0.00000,0.00000,0.00000,0,-1.00000,399529272254
638,84,85,0.39630,0.00000,0.00000,0.00000,0,-1.00000,399529274785
639,84,85,0.35249,0.00000,0.00000,0.00000,0,-1.00000,399529580992
640,84,85,0.37900,0.00000,0.00000,0.00000,0,-1.00000,399529588098
641,84,85,0.31240,0.00000,0.00000,0.00000,0,-1.00000,399529591485
642,85,85,0.33970,0.00000,0.00000,0.00000,0,-1.00000,399529595458
643,85,85,30.10550,0.00000,0.00000,0.00000,0,-1.00000,399529598979
644,85,85,0.61340,0.00000,0.00000,0.00000,0,-1.00000,399529602765
645,85,85,0.34520,0.00000,0.00000,0.00000,0,-1.00000,399529605886
646,85,85,0.36900,0.00000,0.00000,0.00000,0,-1.00000,399529609286
647,85,85,0.33780,0.00000,0.00000,0.00000,0,-1.00000,399529910395
648,85,85,0.29280,0.00000,0.00000,0.00000,0,-1.00000,399529916486
649,85,85,0.30990,0.00000,0.00000,0.00000,0,-1.00000,399529919932
650,85,85,0.27060,0.00000,0.00000,0.00000,0,-1.00000,399529923618
651,85,85,0.28840,0.00000,0.00000,0.00000,0,-1.00000,399529926991
652,86,85,0.34450,0.00000,0.00000,0.00000,0,-1.00000,399529929923
653,86,85,29.37050,0.00000,0.00000,0.00000,0,-1.00000,399529933018
654,86,85,0.72490,0.00000,0.00000,0.00000,0,-1.00000,399529935725
655,86,85,0.34240,0.00000,0.00000,0.00000,0,-1.00000,399529938617
656,86,85,0.36680,0.00000,0.00000,0.00000,0,-1.00000,399529942058
657,86,85,0.58330,0.00000,0.00000,0.00000,0,-1.00000,399530235824
658,86,85,0.72840,0.00000,0.00000,0.00000,0,-1.00000,399530243016
659,86,85,0.39670,0.00000,0.00000,0.00000,0,-1.00000,399530246440
660,86,85,0.39110,0.00000,0.00000,0.00000,0,-1.00000,399530250104
661,87,85,0.35471,0.00000,0.00000,0.00000,0,-1.00000,399530255939
662,87,85,28.11229,0.00000,0.00000,0.00000,0,-1.00000,399530263230
663,87,85,0.64760,0.00000,0.00000,0.00000,0,-1.00000,399530267207
664,87,85,0.37460,0.00000,0.00000,0.00000,0,-1.00000,399530271109
665,87,85,0.38980,0.00000,0.00000,0.00000,0,-1.00000,399530274649
666,87,85,0.65100,0.00000,0.00000,0.00000,0,-1.00000,399530556170
667,87,85,0.40010,0.00000,0.00000,0.00000,0,-1.00000,399530562255
668,87,85,0.29900,0.00000,0.00000,0.00000,0,-1.00000,399530565991
669,87,85,0.27640,0.00000,0.00000,0.00000,0,-1.00000,399530569976
670,87,85,0.27850,0.00000,0.00000,0.00000,0,-1.00000,399530576406
671,87,85,0.27460,0.00000,0.00000,0.00000,0,-1.00000,399530580401
672,87,85,0.27780,0.00000,0.00000,0.00000,0,-1.00000,399530583391
673,87,85,0.36150,0.00000,0.00000,0.00000,0,-1.00000,399530586151
674,87,85,0.29580,0.00000,0.00000,0.00000,0,-1.00000,399530588933
675,87,85,0.52340,0.00000,0.00000,0.00000,0,-1.00000,399530591681
676,88,85,0.28690,0.00000,0.00000,0.00000,0,-1.00000,399530594466
677,88,85,29.14280,0.00000,0.00000,0.00000,0,-1.00000,399530598076
678,88,85,0.57299,0.00000,0.00000,0.00000,0,-1.00000,399530601034
679,88,85,0.35821,0.00000,0.00000,0.00000,0,-1.00000,399530606266
680,88,85,0.33120,0.00000,0.00000,0.00000,0,-1.00000,399530609133
681,88,85,0.34570,0.00000,0.00000,0.00000,0,-1.00000,399530900636
682,88,85,0.46870,0.00000,0.00000,0.00000,0,-1.00000,399530906306
683,88,85,0.34349,0.00000,0.00000,0.00000,0,-1.00000,399530909877
684,88,85,0.36070,0.00000,0.00000,0.00000,0,-1.00000,399530913189
685,88,85,0.34121,0.00000,0.00000,0.00000,0,-1.00000,399530916646
686,88,85,0.33240,0.00000,0.00000,0.00000,0,-1.00000,399530921342
687,88,85,0.35060,0.00000,0.00000,0.00000,0,-1.00000,399530924781
688,89,85,0.34900,0.00000,0.00000,0.00000,0,-1.00000,399530928383
689,89,85,30.91830,0.00000,0.00000,0.00000,0,-1.00000,399530931790
690,89,85,0.70360,0.00000,0.00000,0.00000,0,-1.00000,399530935117
691,89,85,0.69280,0.00000,0.00000,0.00000,0,-1.00000,399530938624
692,89,85,0.33250,0.00000,0.00000,0.00000,0,-1.00000,399530942108
693,89,85,0.38310,0.00000,0.00000,0.00000,0,-1.00000,399531251378
694,90,85,0.41400,0.00000,0.00000,0.00000,0,-1.00000,399531258342
695,90,85,29.12820,0.00000,0.00000,0.00000,0,-1.00000,399531265259
696,90,85,0.48800,0.00000,0.00000,0.00000,0,-1.00000,399531268584
697,90,85,0.41460,0.00000,0.00000,0.00000,0,-1.00000,399531272412
698,90,85,0.33241,0.00000,0.00000,0.00000,0,-1.00000,399531276553
699,90,85,0.34920,0.00000,0.00000,0.00000,0,-1.00000,399531567885
700,90,85,0.33760,0.00000,0.00000,0.00000,0,-1.00000,399531572713
701,90,85,0.49020,0.00000,0.00000,0.00000,0,-1.00000,399531576864
702,90,85,0.34050,0.00000,0.00000,0.00000,0,-1.00000,399531580186
703,90,85,0.34751,0.00000,0.00000,0.00000,0,-1.00000,399531583672
704,90,85,0.52209,0.00000,0.00000,0.00000,0,-1.00000,399531587058
705,90,85,0.30060,0.00000,0.00000,0.00000,0,-1.00000,399531591953
706,91,85,0.28240,0.00000,0.00000,0.00000,0,-1.00000,399531595357
707,91,85,28.74830,0.00000,0.00000,0.00000,0,-1.00000,399531598835
708,91,85,0.59060,0.00000,0.00000,0.00000,0,-1.00000,399531604053
709,91,85,0.41140,0.00000,0.00000,0.00000,0,-1.00000,399531607059
710,91,85,0.34820,0.00000,0.00000,0.00000,0,-1.00000,399531609883
711,91,85,0.31700,0.00000,0.00000,0.00000,0,-1.00000,399531897429
712,91,85,0.32760,0.00000,0.00000,0.00000,0,-1.00000,399531903281
713,91,85,0.28450,0.00000,0.00000,0.00000,0,-1.00000,399531907384
714,91,85,0.42940,0.00000,0.00000,0.00000,0,-1.00000,399531910868
715,91,85,0.36470,0.00000,0.00000,0.00000,0,-1.00000,399531914041
716,91,85,0.32960,0.00000,0.00000,0.00000,0,-1.00000,399531917314
717,91,85,0.29270,0.00000,0.00000,0.00000,0,-1.00000,399531920158
718,91,85,0.29889,0.00000,0.00000,0.00000,0,-1.00000,399531924457
719,91,85,0.29590,0.00000,0.00000,0.00000,0,-1.00000,399531928104
720,92,85,0.28870,0.00000,0.00000,0.00000,0,-1.00000,399531931398
