tick,preferred_ms,neighbors_ms,avoidance_ms,integration_ms,total_ms,gc_bytes,pending
1,11.7314,0.9224,0.8291,0.0294,13.5135,0,988
2,7.7417,0.9698,0.3760,0.0226,9.1114,0,978
3,5.3165,0.8415,0.3418,0.0208,6.5220,0,976
4,7.3357,0.7806,0.3165,0.0253,8.4593,0,966
5,7.9431,0.7215,0.3436,0.0294,9.0389,0,950
6,6.3604,0.7448,0.3526,0.0181,7.4771,0,942
7,6.4127,0.6946,0.3174,0.0197,7.4461,0,938
8,4.9878,0.7119,0.3105,0.0204,6.0322,0,937
9,5.8305,0.7226,0.3833,0.0197,6.9583,0,933
10,6.1810,0.6583,0.3080,0.0234,7.1722,0,926
11,5.9033,0.7254,0.2839,0.0199,6.9334,0,923
12,7.3175,0.7316,0.3370,0.0229,8.4102,0,911
13,5.2646,0.7283,0.2710,0.0208,6.2859,0,909
14,5.8216,0.7621,0.2606,0.0224,6.8682,0,901
15,5.6894,0.6498,0.2586,0.0269,6.6261,0,893
16,5.4120,0.6255,0.2822,0.0217,6.3427,0,887
17,4.7192,0.8134,0.3274,0.0187,5.8796,0,883
18,4.6869,0.8132,0.2985,0.0205,5.8200,0,881
19,5.0619,0.6651,0.2981,0.0225,6.0485,0,877
20,5.2566,0.6462,0.3568,0.0275,6.2879,0,878
21,6.1149,0.6893,0.3749,0.0230,7.2031,0,871
22,6.0977,0.6089,0.2678,0.0181,6.9935,0,868
23,5.6518,0.6528,0.2746,0.0202,6.6005,0,864
24,5.4899,0.6300,0.3742,0.0249,6.5205,0,861
25,5.6279,0.7459,0.2802,0.0198,6.6753,0,857
26,6.3651,0.6539,0.3129,0.0200,7.3532,0,850
27,5.2506,0.8615,0.3506,0.0314,6.4956,0,846
28,6.0403,0.6987,0.2884,0.0216,7.0503,0,843
29,7.0940,0.6549,0.3379,0.0515,8.1399,0,835
30,7.8362,0.8443,0.4174,0.0282,9.1280,0,827
31,6.7387,0.6496,0.3088,0.0194,7.7177,0,819
32,7.3238,0.9585,0.3463,0.0260,8.6568,0,810
33,7.0395,0.7247,0.4099,0.0244,8.1999,0,804
34,6.9282,0.6630,0.2891,0.0197,7.9010,0,794
35,5.3128,0.9129,0.2988,0.0194,6.5449,0,792
36,7.2947,0.6065,0.3942,0.0199,8.3164,0,783
37,6.4710,0.7327,0.3599,0.0230,7.5876,0,778
38,6.2714,0.7355,0.4281,0.0452,7.4818,0,772
39,5.9082,0.6775,0.3211,0.0191,6.9275,0,769
40,8.0152,0.6639,0.3337,0.0200,9.0340,0,759
41,7.0081,0.7093,0.2892,0.0187,8.0269,0,753
42,8.1739,0.7433,0.3897,0.0253,9.3335,0,739
43,7.7848,0.6050,0.3288,0.0210,8.7411,0,733
44,6.3748,0.6427,0.3393,0.0197,7.3777,0,731
45,5.6611,0.6864,0.3956,0.0226,6.7669,0,729
46,6.8291,0.7315,0.3042,0.0386,7.9046,0,724
47,7.6352,0.7613,0.4297,0.0280,8.8556,0,714
48,6.4221,0.7298,0.3630,0.0215,7.5440,0,713
49,6.4377,0.7428,0.2863,0.0177,7.4859,0,709
50,5.4554,0.7281,0.3509,0.0192,6.5548,0,706
51,6.5610,0.7159,0.3608,0.0250,7.6639,0,701
52,6.4220,0.6939,0.3202,0.0192,7.4562,0,693
53,6.8572,0.6327,0.3657,0.0348,7.8915,0,686
54,5.4695,0.7126,0.3265,0.0236,6.5335,0,683
55,7.1542,0.7901,0.3315,0.0180,8.2953,0,680
56,6.0711,0.7750,0.3404,0.0197,7.2077,0,678
57,7.5463,0.7369,0.3255,0.0214,8.6318,0,669
58,5.5176,0.7414,0.3015,0.0242,6.5865,0,665
59,7.4814,0.9228,0.3422,0.0201,8.7681,0,651
60,6.8368,0.7981,0.3171,0.0242,7.9774,0,646
61,7.3038,0.6804,0.3132,0.0250,8.3243,0,636
62,7.0199,0.7708,0.3515,0.0239,8.1675,0,629
63,7.1653,0.6796,0.3312,0.0375,8.2155,0,620
64,6.4969,0.7080,0.3349,0.0269,7.5691,0,610
65,6.8381,0.6462,0.3115,0.0253,7.8220,0,607
66,4.6757,0.7027,0.2887,0.0220,5.6904,0,608
67,5.9923,0.6306,0.2915,0.0234,6.9384,0,604
68,6.0024,0.6560,0.3550,0.0267,7.0412,0,596
69,5.4267,0.6705,0.2819,0.0246,6.4050,0,592
70,6.0158,0.6537,0.3267,0.0292,7.0263,0,588
71,5.5041,0.5960,0.3196,0.0226,6.4433,0,584
72,5.1114,0.7301,0.3499,0.0295,6.2220,0,588
73,6.7332,0.7499,0.5244,0.0239,8.0327,0,578
74,7.5001,0.7928,0.3417,0.0273,8.6629,0,572
75,5.6384,0.7348,0.3529,0.0258,6.7535,0,570
76,6.1745,0.6769,0.3422,0.0305,7.2254,0,565
77,7.2535,0.6424,0.2969,0.0257,8.2200,0,558
78,7.3070,0.6755,0.2828,0.0239,8.2910,0,552
79,6.5355,0.7078,0.2939,0.0261,7.5642,0,548
80,7.3906,0.6129,0.2971,0.0227,8.3245,0,536
81,6.8895,0.7293,0.3047,0.0243,7.9490,0,524
82,5.8787,0.6053,0.3043,0.0245,6.8139,0,516
83,5.3743,0.5980,0.2927,0.0237,6.2900,0,516
84,5.3849,0.6480,0.3149,0.0242,6.3728,0,518
85,5.6437,0.6606,0.3607,0.0259,6.6916,0,517
86,7.1188,0.6986,0.4000,0.0320,8.2508,0,505
87,7.1472,0.6759,0.5122,0.0244,8.3612,0,496
88,6.3232,0.6698,0.3595,0.0271,7.3808,0,494
89,5.9001,0.7671,0.3471,0.0272,7.0428,0,494
90,8.1085,0.6727,0.4668,0.0943,9.3442,0,491
91,7.0543,0.6703,0.3870,0.0312,8.1443,0,487
92,4.6943,0.6973,0.3995,0.0241,5.8163,0,488
93,5.2181,0.6690,0.3154,0.0301,6.2335,0,485
94,6.2678,0.7064,0.3450,0.0275,7.3476,0,475
95,6.2930,0.6999,0.3621,0.0244,7.3818,0,474
96,6.4518,0.6956,0.3489,0.0230,7.5208,0,469
97,6.9354,0.6614,0.3636,0.0288,7.9903,0,461
98,6.6877,0.6789,0.3482,0.0237,7.7395,0,451
99,6.8002,0.6939,0.3377,0.0439,7.8768,0,442
100,6.4455,0.6950,0.3956,0.0276,7.5649,0,438
101,5.6679,0.7024,0.3434,0.0217,6.7366,0,438
102,6.0612,0.6923,0.4874,0.0260,7.2679,0,439
103,8.3584,0.8139,0.3966,0.0355,9.6057,0,428
104,6.3438,0.6562,0.5149,0.0212,7.5377,0,423
105,7.0303,0.7331,0.5358,0.0200,8.3202,0,415
106,5.7341,0.6198,0.3958,0.0467,6.7972,0,416
107,6.2476,0.8284,0.5977,0.0482,7.7231,0,410
108,5.9520,0.7759,0.3477,0.0381,7.1149,0,410
109,8.1357,0.6911,0.4098,0.0401,9.2787,0,405
110,7.0894,0.6734,0.3113,0.0311,8.1063,0,390
111,7.4454,0.7730,0.3935,0.0275,8.6406,0,382
112,5.8149,0.8201,0.4221,0.0294,7.0875,0,380
113,4.9979,0.7989,0.4589,0.0336,6.2903,0,383
114,6.4916,0.7176,0.4204,0.0348,7.6655,0,379
115,6.1798,0.7328,0.3642,0.0402,7.3180,0,378
116,5.9843,0.7331,0.4086,0.0437,7.1707,0,374
117,5.8378,0.6991,0.3659,0.0288,6.9328,0,373
118,6.7773,0.6671,0.3529,0.0255,7.8238,0,368
119,7.8629,0.7999,0.5453,0.0369,9.2461,0,354
120,7.3289,0.7608,0.4199,0.0286,8.5392,0,347
121,5.7675,0.8110,0.4421,0.0358,7.0574,0,344
122,7.2395,0.7621,0.3937,0.0248,8.4210,0,338
123,7.5965,0.7443,0.3677,0.0324,8.7418,0,328
124,7.2758,0.7866,0.4117,0.0293,8.5045,0,324
125,6.0657,0.8511,0.5487,0.0320,7.4986,0,325
126,5.5981,0.7581,0.3615,0.0282,6.7471,0,324
127,5.7082,0.8063,0.5736,0.0204,7.1093,0,325
128,5.1887,0.7935,0.5677,0.0192,6.5699,0,328
129,4.5888,0.6610,0.5800,0.0209,5.8516,0,329
130,5.2302,0.7770,0.5233,0.0185,6.5500,0,329
131,6.2995,0.7560,0.5155,0.0193,7.5912,0,329
132,5.6329,0.7023,0.3608,0.0237,6.7205,0,327
133,6.1233,0.7812,0.3911,0.0199,7.3163,0,326
134,6.4684,0.8289,0.4370,0.0253,7.7603,0,321
135,6.6700,0.7757,0.3233,0.0246,7.7948,0,328
136,6.8579,0.6899,0.4394,0.0227,8.0112,0,323
137,7.2050,0.6927,0.4829,0.0253,8.4071,0,317
138,6.2686,0.8320,0.5777,0.0552,7.7346,0,318
139,6.8555,0.6697,0.4492,0.0304,8.0058,0,313
140,6.5742,0.7088,0.4555,0.0278,7.7673,0,311
141,7.4300,0.9138,0.6290,0.0373,9.0112,0,305
142,7.6494,0.6491,0.3969,0.0241,8.7205,0,294
143,8.7679,0.7445,0.4483,0.0281,9.9896,0,286
144,7.4510,0.7183,0.7599,0.0270,8.9568,0,278
145,7.1933,0.6562,0.3839,0.0240,8.2584,0,270
146,5.7314,0.7356,0.5992,0.0349,7.1021,0,268
147,5.0308,0.8096,0.4213,0.0263,6.2902,0,268
148,4.7484,0.7455,0.5831,0.0177,6.0954,0,271
149,5.3095,0.7422,0.3579,0.0333,6.4435,0,271
150,6.8998,0.7168,0.3897,0.0210,8.0282,0,263
151,5.0828,0.6816,0.5438,0.0170,6.3260,0,262
152,5.8331,0.6563,0.5757,0.0195,7.0859,0,263
153,5.6016,0.7473,0.4404,0.0221,6.8128,0,264
154,5.5597,0.6701,0.6038,0.0186,6.8533,0,264
155,4.9491,0.6453,0.4575,0.0344,6.0877,0,265
156,6.5536,0.7267,0.4160,0.0211,7.7190,0,264
157,6.3208,0.6820,0.5600,0.0185,7.5827,0,265
158,5.4449,0.6665,0.6113,0.0186,6.7424,0,264
159,4.6545,0.6615,0.3864,0.0191,5.7221,0,266
160,6.3812,0.7466,0.3953,0.0238,7.5479,0,260
161,5.6528,0.8167,0.4061,0.0244,6.9008,0,254
162,5.1591,0.6806,0.4287,0.0275,6.2967,0,256
163,6.6627,0.7727,0.4645,0.0321,7.9333,0,256
164,6.0226,0.6804,0.6565,0.0253,7.3856,0,256
165,6.8184,0.7494,0.4711,0.0249,8.0674,0,251
166,6.6811,0.7085,0.5758,0.0340,8.0006,0,247
167,7.1244,0.6612,0.4427,0.0207,8.2499,0,241
168,8.1996,0.6688,0.5523,0.0177,9.4393,0,232
169,7.1090,0.9767,0.6796,0.0163,8.7825,0,228
170,7.2202,1.0444,0.7269,0.0196,9.0122,0,226
171,5.7817,0.6919,0.6729,0.0218,7.1693,0,223
172,6.5683,0.6811,0.3984,0.0221,7.6708,0,213
173,6.2002,0.7208,0.6648,0.0383,7.6252,0,207
174,5.6429,0.7904,0.4186,0.0303,6.8837,0,209
175,5.8097,0.6543,0.4376,0.0192,6.9222,0,210
176,4.0933,0.7770,0.5814,0.0285,5.4810,0,213
177,4.7359,0.6946,0.5677,0.0163,6.0152,0,217
178,4.5612,0.6654,0.5867,0.0185,5.8325,0,218
179,5.8592,0.7601,0.6420,0.0215,7.2838,0,216
180,6.4224,0.7440,0.5545,0.0316,7.7537,0,213
181,6.9265,0.6774,0.6743,0.0187,8.2979,0,208
182,5.5877,0.8096,0.5641,0.0156,6.9780,0,210
183,5.1556,0.9072,0.7979,0.0251,6.8869,0,207
184,4.7443,0.6862,0.6371,0.0202,6.0889,0,211
185,5.7991,0.6691,0.3933,0.0208,6.8832,0,209
186,6.9013,0.6937,0.5873,0.0168,8.2001,0,203
187,7.3988,0.7617,0.6587,0.0192,8.8393,0,194
188,7.5488,0.8038,0.8361,0.0218,9.2117,0,193
189,6.4855,0.7893,0.6012,0.0170,7.8939,0,190
190,5.8020,0.8121,0.6562,0.0187,7.3138,0,189
191,7.5988,0.7482,0.6665,0.0223,9.0370,0,179
192,6.5048,0.7412,0.3962,0.0226,7.6665,0,177
193,6.6923,0.6911,0.5096,0.0239,7.9177,0,173
194,7.3607,0.6767,0.5977,0.0176,8.6536,0,169
195,5.0009,0.6754,0.6195,0.0175,6.3141,0,172
196,6.4580,0.8208,0.5062,0.0190,7.8049,0,168
197,6.6758,0.8929,0.5325,0.0237,8.1258,0,165
198,5.2943,0.7146,0.7811,0.0239,6.8153,0,161
199,5.3254,0.8732,0.5061,0.0251,6.7309,0,162
200,5.8178,0.7192,0.4460,0.0231,7.0073,0,162
201,5.3845,0.7215,0.4271,0.0209,6.5550,0,162
202,5.9211,0.7914,0.6534,0.0206,7.3878,0,161
203,6.5896,0.7111,0.7014,0.0225,8.0255,0,164
204,7.6433,0.7180,0.7206,0.0243,9.1071,0,158
205,7.8541,0.6853,0.4265,0.0213,8.9884,0,146
206,7.3437,0.7089,0.4940,0.0281,8.5760,0,148
207,5.7635,0.7972,0.7622,0.0473,7.3716,0,151
208,6.1560,1.0689,0.5546,0.0282,7.8095,0,150
209,7.1710,0.6989,0.4123,0.0227,8.3067,0,149
210,7.7237,0.7766,0.5843,0.0192,9.1052,0,141
211,8.1791,0.8695,0.5082,0.0298,9.5875,0,132
212,7.1746,0.7543,0.4988,0.0220,8.4509,0,132
213,7.1893,0.7202,0.4564,0.0280,8.3954,0,119
214,8.5343,0.8112,0.6118,0.0176,9.9762,0,109
215,7.9001,0.7556,0.6357,0.0406,9.3333,0,97
216,5.9276,0.8336,0.6886,0.0377,7.4888,0,100
217,7.5900,0.7117,0.5767,0.0180,8.8975,0,92
218,7.2415,0.7038,0.6208,0.0209,8.5882,0,86
219,7.3749,0.7731,0.5991,0.0188,8.7667,0,78
220,6.1985,0.7375,0.4193,0.0227,7.3791,0,77
221,5.0183,0.7136,0.4363,0.0213,6.1904,0,81
222,5.7138,0.8449,0.4368,0.0303,7.0272,0,80
223,6.9876,0.7714,0.6750,0.0264,8.4616,0,69
224,6.4890,0.8201,0.4485,0.0307,7.7893,0,59
225,8.6379,0.7495,0.4934,0.0331,9.9151,0,50
226,7.9257,0.7703,0.6309,0.0221,9.3505,0,43
227,6.4635,0.7426,0.4589,0.0329,7.6991,0,46
228,7.2200,0.8260,0.4720,0.0286,8.5475,0,49
229,7.0722,0.8441,0.4339,0.0277,8.3788,0,50
230,7.1108,0.8713,0.6695,0.0295,8.6826,0,47
231,7.6914,0.7555,0.5731,0.0178,9.0387,0,39
232,5.6825,0.7391,0.6280,0.0200,7.0705,0,27
233,7.1066,0.8060,0.4820,0.0288,8.4247,0,24
234,7.7314,0.7641,0.7596,0.0330,9.2891,0,18
235,6.9605,0.8350,0.4488,0.0321,8.2774,0,20
236,6.7878,0.9804,0.5885,0.0469,8.4046,0,24
237,8.9577,0.8208,0.6831,0.0260,10.4890,0,12
238,7.6195,0.8564,0.5315,0.0351,9.0436,0,11
239,7.1073,0.8522,0.5124,0.0284,8.5013,0,11
240,6.6080,0.7946,0.4527,0.0303,7.8867,0,8
241,5.9498,0.7889,0.4549,0.0282,7.2228,0,11
242,6.1976,0.7634,0.4464,0.0281,7.4365,0,7
243,6.1900,0.7395,0.6434,0.0330,7.6066,0,12
244,5.9243,0.8825,0.4801,0.0287,7.3166,0,10
245,5.1393,0.7694,0.6390,0.0219,6.5705,0,13
246,5.1696,0.7107,0.5904,0.0230,6.4948,0,14
247,4.5630,0.7833,0.6410,0.0177,6.0059,0,16
248,4.7199,0.8430,0.4617,0.0312,6.0566,0,17
249,4.7767,0.7055,0.6860,0.0212,6.1901,0,23
250,6.1840,0.8029,0.7158,0.0251,7.7290,0,23
251,5.8527,0.8558,0.6387,0.0206,7.3687,0,22
252,7.7937,0.7108,0.5973,0.0201,9.1227,0,14
253,6.6451,0.7791,0.6540,0.0245,8.1037,0,7
254,6.8938,0.8349,0.6971,0.0255,8.4526,0,7
255,5.5044,0.9008,0.8285,0.0370,7.2720,0,3
256,3.9934,0.7190,0.4672,0.0298,5.2106,0,11
257,6.4363,0.8224,0.7277,0.0291,8.0165,0,10
258,5.7147,0.8150,0.6945,0.0301,7.2554,0,12
259,5.5605,0.8817,0.6350,0.0251,7.1036,0,11
260,5.0404,0.7639,0.6029,0.0199,6.4283,0,13
261,6.6556,0.6950,0.5085,0.0210,7.8812,0,6
262,6.1537,0.7223,0.4940,0.0220,7.3929,0,8
263,6.8506,0.9009,0.5717,0.0388,8.3634,0,10
264,6.6251,0.8330,0.6511,0.0206,8.1316,0,7
265,5.5778,0.8261,0.4908,0.0274,6.9230,0,10
266,5.8719,0.8214,0.4924,0.0236,7.2102,0,9
267,6.0568,0.8029,0.5149,0.0271,7.4027,0,10
268,5.8989,0.8685,0.5289,0.0288,7.3261,0,16
269,6.5240,0.8432,0.4957,0.0309,7.8949,0,18
270,4.7512,0.8009,0.5725,0.0302,6.1558,0,20
271,5.1446,0.7894,0.5058,0.0443,6.4850,0,23
272,5.1560,0.8243,0.9712,0.0273,6.9800,0,29
273,6.4173,0.8351,0.6700,0.0239,7.9475,0,33
274,7.1019,0.8056,0.6143,0.0187,8.5415,0,29
275,7.8327,0.7329,0.6595,0.0356,9.2615,0,16
276,8.3952,0.7622,0.6418,0.0185,9.8186,0,6
277,5.8901,0.8107,0.6157,0.0185,7.3364,0,6
278,4.9267,0.7524,0.4310,0.0218,6.1331,0,6
279,3.9105,0.7896,0.5928,0.0182,5.3122,0,5
280,6.1446,0.7501,0.6127,0.0214,7.5298,0,7
281,5.6312,0.8953,0.6986,0.0186,7.2447,0,5
282,2.2054,0.7477,0.4984,0.0249,3.4772,0,5
283,2.4796,0.7312,0.6138,0.0293,3.8548,0,5
284,4.5036,0.7438,0.7257,0.0239,5.9978,0,4
285,4.1753,0.8142,0.8488,0.0297,5.8692,0,5
286,5.5881,0.8446,0.8684,0.0293,7.3317,0,6
287,4.4192,0.8141,0.7821,0.0384,6.0553,0,5
288,4.0285,0.7993,0.7045,0.0271,5.5607,0,6
289,3.2777,0.7875,0.6451,0.0243,4.7356,0,4
290,5.4791,0.8178,0.7750,0.0395,7.1125,0,5
291,5.1515,0.9009,0.6832,0.0523,6.7891,0,4
292,1.4894,1.0162,1.0255,0.0400,3.5729,0,5
293,1.7251,0.8709,1.1024,0.0536,3.7535,0,4
294,4.1678,0.7546,0.7154,0.0341,5.6733,0,11
295,5.9205,0.7879,0.8407,0.0284,7.5787,0,4
296,2.1220,0.8651,0.7730,0.0221,3.7833,0,6
297,7.4541,0.7913,0.6370,0.0236,8.9073,0,7
298,5.1803,0.8082,0.7075,0.0230,6.7201,0,5
299,5.1237,0.8401,0.6660,0.0228,6.6536,0,11
300,6.4557,0.7717,0.5295,0.0233,7.7815,0,7
301,6.1180,0.7767,0.8432,0.0396,7.7784,0,6
302,6.7175,0.8437,0.5133,0.0277,8.1035,0,10
303,5.6427,1.0347,0.9714,0.0360,7.6860,0,9
304,6.3269,0.8309,0.6187,0.0230,7.8009,0,8
305,5.9924,0.8486,0.4815,0.0307,7.3545,0,5
306,6.1865,0.8710,0.6453,0.0370,7.7416,0,3
307,0.9448,0.8086,0.4403,0.0228,2.2180,0,5
308,3.7815,0.8515,0.6648,0.0219,5.3207,0,5
309,4.9441,0.8652,0.4543,0.0282,6.2932,0,5
310,2.4042,0.7604,0.4447,0.0235,3.6347,0,12
311,6.3573,0.8694,0.6366,0.0208,7.8852,0,4
312,1.3456,0.7966,0.6646,0.0202,2.8280,0,6
313,5.0077,0.8599,0.6605,0.0190,6.5480,0,8
314,5.1394,0.8934,0.6480,0.0220,6.7041,0,6
315,4.5294,0.8159,0.6465,0.0235,6.0164,0,5
316,4.1428,0.8450,0.5608,0.0305,5.5801,0,7
317,4.3874,0.8548,0.6693,0.0189,5.9313,0,5
318,6.3296,0.7996,0.5663,0.0195,7.7162,0,5
319,6.6201,0.8264,0.5927,0.0194,8.0595,0,5
320,3.2530,0.7742,0.7193,0.0355,4.7833,0,2
321,1.6301,0.8077,0.6881,0.0283,3.1554,0,5
322,1.4084,0.8269,0.8168,0.0275,3.0807,0,10
323,5.4039,0.7584,0.7103,0.0246,6.8983,0,5
324,5.4234,0.8561,0.5861,0.0203,6.8872,0,5
325,3.0628,0.7554,0.6209,0.0187,4.4585,0,2
326,1.1176,0.7579,0.6280,0.0186,2.5231,0,4
327,1.4644,0.8412,0.6344,0.0212,2.9623,0,8
328,3.2534,0.7959,0.6426,0.0215,4.7145,0,11
329,6.5003,0.8697,0.8603,0.0334,8.2648,0,10
330,5.9543,0.8433,0.6446,0.0247,7.4679,0,4
331,4.7038,0.8767,0.8145,0.0429,6.4390,0,6
332,3.8093,0.7580,0.6715,0.0227,5.2626,0,3
333,1.1958,0.7887,0.4618,0.0239,2.4713,0,6
334,6.2361,0.8877,0.4177,0.0222,7.5649,0,9
335,6.8288,0.7273,0.6277,0.0196,8.2045,0,10
336,5.6967,0.7757,0.4855,0.0228,6.9816,0,11
337,5.8504,0.8358,0.6732,0.0246,7.3850,0,7
338,5.5342,0.8655,0.6612,0.0214,7.0834,0,14
339,5.1686,0.8909,0.9268,0.0373,7.0248,0,14
340,6.0455,0.8426,0.6266,0.0247,7.5407,0,13
341,5.1519,1.0314,0.9361,0.0329,7.1534,0,7
342,4.7601,0.8933,0.5195,0.0321,6.2061,0,6
343,4.7651,0.8496,0.6791,0.0254,6.3204,0,9
344,5.8602,0.8421,0.6511,0.0232,7.3779,0,7
345,4.9080,0.8580,0.7245,0.0255,6.5170,0,5
346,4.6240,0.8959,0.6664,0.0212,6.2086,0,8
347,6.4394,0.8931,0.6718,0.0280,8.0336,0,7
348,5.3845,0.8561,0.5173,0.0412,6.8003,0,3
349,4.3178,0.8451,0.6664,0.0228,5.8532,0,9
350,6.1878,0.8652,0.7372,0.0259,7.8170,0,7
351,4.9316,0.8787,0.7202,0.0310,6.5624,0,7
352,5.9499,0.9630,0.6566,0.0239,7.5946,0,6
353,4.2416,0.9476,0.8755,0.0322,6.0987,0,4
354,1.1910,0.8409,0.6833,0.0244,2.7406,0,4
355,5.8065,0.8450,0.6905,0.0230,7.3662,0,6
356,2.3336,0.7969,0.6930,0.0216,3.8460,0,5
357,1.7938,0.9390,0.7007,0.0382,3.4727,0,5
358,1.2143,0.8815,0.6201,0.0213,2.7382,0,5
359,3.6141,0.8480,0.6985,0.0284,5.1900,0,8
360,3.7054,0.9181,0.7600,0.0268,5.4115,0,3
361,0.6348,0.8334,0.6464,0.0192,2.1348,0,6
362,0.9092,0.9382,0.7181,0.0216,2.5882,0,2
363,1.6789,0.8316,0.6661,0.0207,3.1987,0,3
364,4.1424,0.8398,0.6911,0.0204,5.6952,0,4
365,3.0732,0.9285,0.6952,0.0220,4.7204,0,4
366,1.2066,0.9001,0.6854,0.0308,2.8242,0,3
367,2.3929,0.8625,0.6666,0.0200,3.9436,0,6
368,2.4686,0.8381,0.6558,0.0191,3.9837,0,4
369,4.1838,0.8369,0.6571,0.0200,5.6996,0,9
370,3.7114,0.8598,0.6764,0.0195,5.2692,0,5
371,3.1305,0.8518,0.6565,0.0224,4.6630,0,6
372,5.9383,0.9173,0.6826,0.0207,7.5613,0,8
373,6.0953,0.9303,0.7449,0.0221,7.7940,0,10
374,7.5876,0.8065,0.6949,0.0251,9.1155,0,5
375,2.1403,0.8023,0.6992,0.0211,3.6647,0,4
376,1.3465,0.8964,0.6760,0.0227,2.9424,0,6
377,3.4804,0.9160,0.6883,0.0235,5.1091,0,8
378,6.5935,0.9711,0.9838,0.0320,8.5816,0,9
379,3.8082,0.8629,0.7214,0.0348,5.4287,0,4
380,1.3677,0.8741,0.4954,0.0255,2.7639,0,2
381,2.2991,0.8101,0.5294,0.0260,3.6659,0,2
382,0.9533,0.8793,0.5725,0.0295,2.4358,0,3
383,5.3643,0.8220,0.5237,0.0299,6.7407,0,7
384,2.9215,0.8318,0.4880,0.0267,4.2690,0,8
385,2.2746,0.8833,0.6622,0.0204,3.8416,0,4
386,5.3021,0.8476,0.6837,0.0276,6.8621,0,6
387,4.7322,0.8707,0.4878,0.0238,6.1157,0,9
388,4.8667,0.9149,0.4949,0.0217,6.2991,0,3
389,0.8114,0.8550,0.4603,0.0204,2.1482,0,3
390,0.7905,0.9038,0.7220,0.0212,2.4383,0,5
391,3.5095,0.9113,0.6434,0.0208,5.0857,0,7
392,5.9851,0.9264,0.5153,0.0284,7.4559,0,11
393,7.0359,0.8336,0.4682,0.0219,8.3610,0,7
394,6.0918,0.9628,0.6482,0.0193,7.7229,0,8
395,4.7433,0.8247,0.6582,0.0216,6.2489,0,3
396,2.3446,0.8789,0.4646,0.0210,3.7103,0,3
397,1.1904,0.8409,0.4620,0.0232,2.5187,0,5
398,0.9748,0.9433,0.6551,0.0206,2.5945,0,8
399,5.2448,0.8901,0.7159,0.0236,6.8756,0,6
400,2.4677,0.9306,0.6911,0.0203,4.1108,0,9
401,6.3261,1.0088,0.6663,0.0285,8.0308,0,6
402,6.2745,0.9397,0.6826,0.0203,7.9180,0,7
403,4.2508,0.8394,0.5121,0.0211,5.6247,0,4
404,0.8262,0.9164,0.6881,0.0337,2.4654,0,3
405,1.4788,0.9201,0.6604,0.0219,3.0822,0,5
406,3.7881,0.8605,0.4790,0.0298,5.1585,0,7
407,2.8750,0.9419,0.6856,0.0242,4.5277,0,10
408,3.1612,0.8678,0.6726,0.0223,4.7251,0,3
409,0.9093,0.8073,0.6528,0.0216,2.3920,0,6
410,3.8219,0.8520,0.6409,0.0207,5.3365,0,5
411,5.2938,0.8888,0.5133,0.0233,6.7202,0,5
412,3.0374,0.9050,0.4764,0.0288,4.4486,0,7
413,3.9116,0.9968,0.8039,0.0314,5.7448,0,10
414,7.5286,0.9079,0.4442,0.0259,8.9080,0,8
415,6.2636,0.8709,0.4659,0.0257,7.6272,0,10
416,7.0951,1.2457,0.9933,0.0481,9.3837,0,3
417,5.1849,0.9339,0.5549,0.0283,6.7037,0,9
418,6.9281,0.9191,0.4877,0.0294,8.3655,0,7
419,3.3188,0.8761,0.7072,0.0267,4.9298,0,7
420,2.2717,0.8859,0.6584,0.0261,3.8432,0,6
421,6.1549,0.9392,0.6667,0.0475,7.8094,0,10
422,4.8406,0.9134,0.7702,0.0343,6.5602,0,5
423,4.8596,0.9893,0.8263,0.0269,6.7037,0,6
424,5.6020,0.9589,0.7341,0.0304,7.3266,0,3
425,1.9685,0.9081,0.5673,0.0336,3.4788,0,5
426,2.3219,0.9148,0.7071,0.0270,3.9720,0,5
427,2.2796,0.9065,0.6013,0.0425,3.8313,0,7
428,2.9423,0.9445,0.5496,0.0316,4.4692,0,6
429,3.0873,0.8853,0.6605,0.0234,4.6575,0,2
430,0.3473,0.8327,0.4692,0.0250,1.6755,0,6
431,1.2365,0.8712,0.6712,0.0202,2.8001,0,2
432,1.0426,0.8933,0.4679,0.0212,2.4260,0,5
433,4.8243,0.8964,0.5135,0.0259,6.2608,0,8
434,5.8901,0.9508,0.5044,0.0326,7.3792,0,3
435,1.3250,0.9216,0.4794,0.0383,2.7655,0,6
436,5.4868,0.9778,0.6610,0.0234,7.1512,0,4
437,1.6055,0.8847,0.6334,0.0209,3.1455,0,5
438,5.7173,0.9224,0.6611,0.0220,7.3239,0,4
439,2.2090,0.9454,0.6006,0.0223,3.7782,0,3
440,5.5489,0.8871,0.6117,0.0203,7.0690,0,4
441,4.1846,0.8693,0.6335,0.0239,5.7122,0,9
442,5.2646,0.8374,0.6725,0.0232,6.7988,0,7
443,2.8478,0.8176,0.6253,0.0234,4.3155,0,2
444,1.2937,0.8370,0.6008,0.0222,2.7547,0,8
445,7.2628,0.8417,0.4679,0.0243,8.5975,0,6
446,4.4203,0.8157,0.6281,0.0248,5.8898,0,4
447,1.5444,0.8414,0.6248,0.0225,3.0341,0,4
448,2.1465,0.8177,0.6481,0.0209,3.6339,0,3
449,1.9358,0.8857,0.6802,0.0257,3.5288,0,6
450,5.8695,0.9070,0.6411,0.0257,7.4445,0,6
451,2.2806,0.8447,0.7424,0.0355,3.9043,0,6
452,4.4445,0.9706,0.7603,0.0237,6.2001,0,2
453,1.4027,0.8891,0.6578,0.0194,2.9699,0,5
454,3.5317,0.8998,0.6667,0.0264,5.1256,0,3
455,2.5234,0.9160,0.4867,0.0232,3.9503,0,6
456,1.3960,0.8599,0.7010,0.0254,2.9835,0,10
457,6.9956,1.1696,0.8034,0.0222,8.9921,0,7
458,2.7650,0.9777,0.7752,0.0456,4.5648,0,3
459,1.0635,0.9697,0.7752,0.0413,2.8511,0,5
460,6.0688,0.7720,0.5325,0.0283,7.4029,0,6
461,6.2250,0.8143,0.6321,0.0199,7.6922,0,3
462,0.7328,0.9362,0.4927,0.0246,2.1874,0,3
463,1.0294,0.8285,0.4474,0.0227,2.3292,0,9
464,3.2633,0.8699,0.4454,0.0223,4.6018,0,3
465,0.8100,0.8369,0.4717,0.0286,2.1487,0,1
466,0.3531,0.8503,0.5184,0.0254,1.7481,0,4
467,4.8788,0.8413,0.4606,0.0250,6.2066,0,5
468,4.7259,0.8359,0.4690,0.0262,6.0581,0,7
469,5.0436,0.8650,0.5094,0.0295,6.4484,0,3
470,3.9025,0.8437,0.6683,0.0225,5.4382,0,3
471,5.8379,1.0001,0.7015,0.0246,7.5649,0,3
472,4.3635,0.7853,0.6562,0.0226,5.8285,0,3
473,1.6087,0.8816,0.4825,0.0231,2.9969,0,10
474,6.0128,0.8401,0.4784,0.0233,7.3554,0,14
475,5.7654,0.8933,0.4743,0.0331,7.1671,0,15
476,5.3313,0.8884,0.4577,0.0270,6.7057,0,20
477,4.4414,0.8061,0.4688,0.0281,5.7459,0,23
478,5.0217,0.9067,0.5039,0.0267,6.4599,0,25
479,6.0266,0.8784,0.6963,0.0443,7.6467,0,22
480,6.2319,0.8559,0.8608,0.0370,7.9869,0,23
481,6.1028,0.8707,0.7158,0.0264,7.7171,0,21
482,7.5400,0.8737,0.8777,0.0367,9.3294,0,10
483,6.7137,0.7953,0.6304,0.0213,8.1620,0,8
484,4.8426,0.8726,0.4494,0.0247,6.1903,0,7
485,5.3695,0.8573,0.7061,0.0209,6.9547,0,2
486,4.7279,0.9259,0.6683,0.0210,6.3442,0,7
487,3.2620,0.9256,0.6834,0.0324,4.9044,0,2
488,0.6754,0.8447,0.4594,0.0263,2.0066,0,6
489,2.2885,0.8553,0.6383,0.0213,3.8044,0,4
490,4.9907,0.8853,0.7235,0.0262,6.6268,0,3
491,2.8635,0.8295,0.6681,0.0228,4.3849,0,3
492,3.6704,0.8156,0.4666,0.0373,4.9910,0,6
493,5.2492,0.8705,0.5289,0.0266,6.6761,0,6
494,5.7806,0.9207,0.5518,0.0309,7.2851,0,8
495,6.5980,0.8824,0.5486,0.0343,8.0647,0,7
496,6.0508,0.8963,0.6196,0.0331,7.6014,0,5
497,3.8838,0.8492,0.6461,0.0219,5.4026,0,3
498,4.0956,0.8513,0.6499,0.0215,5.6194,0,7
499,5.4896,0.9469,0.6094,0.0430,7.0901,0,9
500,5.1071,0.9860,0.5073,0.0265,6.6281,0,12
501,5.0451,0.8273,0.6106,0.0372,6.5214,0,16
502,4.7570,0.8610,0.4636,0.0330,6.1160,0,14
503,5.0633,0.9224,0.5475,0.0330,6.5672,0,16
504,7.1891,0.8662,0.5975,0.0337,8.6877,0,9
505,6.1741,0.9067,0.5090,0.0328,7.6238,0,3
506,5.0827,0.8964,0.5042,0.0316,6.5160,0,1
507,2.9459,0.8491,0.7191,0.0233,4.5384,0,2
508,0.6511,0.8716,0.4553,0.0290,2.0078,0,7
509,5.7185,0.9861,0.6889,0.0407,7.4353,0,4
510,4.5778,0.8684,0.5152,0.0412,6.0038,0,3
511,0.8766,0.9026,0.4653,0.0245,2.2702,0,7
512,2.9078,0.9391,0.6914,0.0373,4.5773,0,6
513,5.1561,1.0011,0.5360,0.0323,6.7270,0,5
514,5.4924,0.9743,0.7367,0.0270,7.2320,0,1
515,3.2118,1.0127,0.5788,0.0342,4.8390,0,5
516,1.8081,0.9557,0.7229,0.0407,3.5287,0,8
517,7.3422,0.9133,0.5922,0.0376,8.8868,0,4
518,4.9226,1.0226,0.6840,0.0411,6.6716,0,4
519,4.5841,0.9177,0.8640,0.0347,6.4019,0,5
520,2.0832,1.0589,1.0650,0.0344,4.2428,0,13
521,7.3868,1.1962,0.5406,0.0263,9.1519,0,10
522,5.2512,1.0442,0.7635,0.0238,7.0844,0,11
523,7.4437,1.0860,0.6654,0.0227,9.2197,0,5
524,4.5478,0.9918,0.6692,0.0236,6.2341,0,6
525,6.2669,0.9722,0.4861,0.0257,7.7521,0,6
526,1.4670,1.0154,0.6867,0.0201,3.1904,0,6
527,3.4102,1.0259,0.7185,0.0256,5.1823,0,7
528,6.4271,0.9716,0.6982,0.0256,8.1240,0,8
529,5.9925,1.0119,0.7005,0.0260,7.7318,0,3
530,4.4542,1.0842,0.7075,0.0294,6.2768,0,3
531,1.2972,0.9938,0.6818,0.0237,2.9982,0,0
532,0.2639,1.0388,0.6988,0.0229,2.0254,0,7
533,3.6388,1.0722,0.7231,0.0395,5.4750,0,4
534,3.9229,0.9663,0.7366,0.0283,5.6556,0,2
535,0.9447,0.9481,0.6830,0.0341,2.6112,0,2
536,3.2215,0.9558,0.7208,0.0288,4.9281,0,6
537,4.3827,0.9517,0.6855,0.0274,6.0485,0,5
538,3.7669,0.8431,0.6925,0.0245,5.3281,0,1
539,0.5690,0.9191,0.7014,0.0297,2.2200,0,8
540,6.5553,0.8473,0.6927,0.0256,8.1218,0,4
541,1.8826,0.9053,0.6658,0.0234,3.4780,0,2
542,0.5986,0.9410,0.5095,0.0389,2.0890,0,5
543,1.9116,0.9423,0.6830,0.0211,3.5590,0,4
544,3.1547,0.8333,0.4906,0.0342,4.5139,0,4
545,1.3433,0.9502,0.6433,0.0246,2.9623,0,2
546,0.7487,0.9034,0.4752,0.0256,2.1538,0,6
547,2.2245,0.8936,0.5020,0.0317,3.6528,0,5
548,0.8325,0.9515,0.4701,0.0315,2.2867,0,9
549,3.8180,0.9271,0.7183,0.0229,5.4873,0,5
550,4.0501,0.8798,0.5075,0.0404,5.4788,0,3
551,1.1293,0.8713,0.5023,0.0374,2.5416,0,4
552,1.1571,0.9656,0.5489,0.0510,2.7237,0,4
553,2.4364,0.9158,0.4878,0.0272,3.8682,0,7
554,3.3446,0.8353,0.4746,0.0305,4.6873,0,6
555,5.6157,0.8929,0.4850,0.0291,7.0238,0,8
556,6.9452,1.1111,0.7827,0.0295,8.8699,0,2
557,0.6057,1.0678,0.7713,0.0294,2.4755,0,6
558,2.0467,1.0211,0.7039,0.0308,3.8038,0,4
559,1.7974,1.0639,0.4809,0.0433,3.3872,0,4
560,2.4888,1.0139,0.7842,0.0336,4.3222,0,1
561,0.4586,0.9811,0.7157,0.0285,2.1864,0,4
562,4.3998,0.9594,0.6676,0.0233,6.0514,0,4
563,2.3221,0.9210,0.6986,0.0252,3.9685,0,4
564,5.9176,1.0187,0.4677,0.0260,7.4317,0,3
565,0.7741,0.9544,0.7066,0.0270,2.4632,0,7
566,3.9745,0.9465,0.6465,0.0207,5.5894,0,8
567,3.9782,0.9169,0.4363,0.0287,5.3616,0,3
568,1.0637,0.8846,0.4476,0.0260,2.4228,0,4
569,1.3355,0.8962,0.4180,0.0201,2.6710,0,4
570,2.5609,0.8018,0.6459,0.0222,4.0318,0,6
571,2.0773,0.8042,0.4296,0.0258,3.3379,0,3
572,1.6926,0.9198,0.4194,0.0293,3.0623,0,4
573,4.0992,0.9322,0.4189,0.0229,5.4742,0,3
574,1.3463,0.9179,0.4110,0.0235,2.6995,0,6
575,2.1203,0.9145,0.4879,0.0345,3.5583,0,5
576,2.3888,0.9235,0.4463,0.0270,3.7868,0,2
577,0.4591,0.9382,0.4220,0.0238,1.8442,0,6
578,2.0375,0.9328,0.4242,0.0215,3.4171,0,7
579,2.6576,0.9766,0.4693,0.0263,4.1308,0,8
580,2.4775,0.9832,0.4950,0.0278,3.9847,0,4
581,3.6482,0.9235,0.7261,0.0214,5.3206,0,4
582,1.4619,0.9362,0.4656,0.0252,2.8900,0,5
583,1.6098,0.9401,0.4899,0.0304,3.0713,0,2
584,1.4288,0.9061,0.4526,0.0276,2.8163,0,0
585,0.2025,0.8897,0.4747,0.0234,1.5913,0,2
586,0.4834,0.9878,0.6948,0.0211,2.1882,0,4
587,1.6987,0.9129,0.6434,0.0193,3.2752,0,3
588,2.9779,0.8763,0.6612,0.0226,4.5393,0,1
589,0.5713,0.8991,0.4519,0.0218,1.9453,0,3
590,1.6254,0.9730,0.4652,0.0229,3.0878,0,2
591,0.8754,0.9283,0.4670,0.0233,2.2957,0,1
592,0.4107,0.9542,0.4460,0.0273,1.8392,0,4
593,5.8919,0.9518,0.4856,0.0329,7.3635,0,4
594,3.7227,0.9335,0.5021,0.0281,5.1875,0,5
595,2.3045,0.9374,0.4746,0.0317,3.7492,0,6
596,3.0136,0.9893,0.7123,0.0302,4.7464,0,2
597,0.3745,1.0600,0.7146,0.0253,2.1755,0,4
598,2.5533,0.9855,0.7313,0.0235,4.2951,0,7
599,4.9204,0.9868,0.6755,0.0254,6.6095,0,3
600,0.7159,1.0065,0.5113,0.0259,2.2609,0,2
