tick,pending,arrived,moving,limited_ticks,expanded,total_expanded,step_ms
1,988,0,36,0,3124,3124,13.4873
2,978,0,46,0,4096,7220,9.5870
3,976,0,48,0,4096,11316,6.9542
4,966,0,58,0,4096,15412,9.2248
5,951,0,73,0,3444,18856,9.1925
6,942,0,82,0,4096,22952,8.3517
7,938,0,87,0,4096,27048,7.9617
8,937,0,90,0,4096,31144,7.2077
9,933,0,97,0,4096,35240,7.6162
10,926,0,109,0,4096,39336,7.7932
11,923,0,116,0,4096,43432,7.4468
12,911,0,131,0,4096,47528,9.6729
13,909,0,136,0,4096,51624,6.7643
14,901,0,147,0,4096,55720,7.0959
15,893,0,156,0,4096,59816,7.4409
16,887,0,165,0,4096,63912,6.6683
17,883,0,170,0,4096,68008,5.9875
18,881,0,175,0,4096,72104,6.8108
19,877,0,181,0,4096,76200,6.5939
20,878,0,183,0,4096,80296,6.4831
21,871,0,195,0,4096,84392,7.6135
22,868,0,201,0,4096,88488,7.9026
23,864,0,203,0,4096,92584,7.1168
24,861,1,208,0,4096,96680,7.2020
25,857,1,210,0,4096,100776,7.1553
26,850,1,218,0,4096,104872,7.6295
27,846,1,225,0,4096,108968,6.4684
28,843,1,233,0,4096,113064,7.5005
29,835,1,246,0,4096,117160,8.1383
30,827,1,254,0,4096,121256,8.8749
31,819,1,263,0,4096,125352,7.7824
32,810,1,273,0,4096,129448,9.1339
33,804,1,277,0,4096,133544,8.2034
34,795,1,290,0,4096,137640,8.2042
35,792,1,293,0,4096,141736,6.7084
36,783,1,304,0,4096,145832,8.7882
37,778,1,310,0,4096,149928,7.8204
38,772,1,320,0,4096,154024,7.8968
39,769,1,330,0,4096,158120,7.1190
40,759,1,341,0,4096,162216,9.1663
41,753,1,347,0,4096,166312,8.1335
42,740,1,365,0,4096,170408,9.1264
43,733,1,375,0,4096,174504,8.6166
44,732,1,381,0,4096,178600,7.8814
45,731,1,386,0,4096,182696,6.6696
46,724,1,397,0,4096,186792,7.8856
47,714,1,405,0,4096,190888,8.8784
48,713,1,411,0,4096,194984,7.2688
49,709,1,417,0,4096,199080,7.4300
50,706,1,422,0,4096,203176,6.4227
51,701,1,429,0,4096,207272,7.6990
52,693,1,443,0,4096,211368,7.8115
53,687,1,452,0,4096,215464,7.8114
54,684,1,456,0,4096,219560,6.6132
55,680,1,461,0,4096,223656,7.4427
56,678,1,465,0,4096,227752,6.7676
57,668,1,473,0,4096,231848,9.0627
58,664,1,481,0,4096,235944,6.6477
59,651,1,497,0,2998,238942,8.8181
60,645,1,502,0,4096,243038,8.2929
61,635,1,509,0,4096,247134,8.6423
62,629,1,517,0,4096,251230,8.2102
63,620,1,523,0,4096,255326,8.6231
64,612,1,531,0,4096,259422,7.8753
65,607,1,538,0,4096,263518,8.1977
66,607,1,538,0,4096,267614,6.6430
67,603,1,541,0,4096,271710,7.1098
68,597,1,550,0,4096,275806,7.0559
69,596,1,554,0,4096,279902,6.9220
70,591,2,563,0,4096,283998,7.8946
71,590,2,566,0,4096,288094,6.5538
72,589,2,574,0,4096,292190,5.9422
73,580,2,581,0,4096,296286,7.8281
74,573,2,586,0,4096,300382,8.6639
75,573,2,585,0,4096,304478,7.0669
76,567,2,596,0,4096,308574,7.7956
77,558,2,603,0,4096,312670,8.3845
78,553,2,607,0,4096,316766,8.6600
79,548,2,614,0,4096,320862,8.0053
80,537,3,619,0,4096,324958,8.7072
81,527,3,629,0,4096,329054,8.3407
82,519,3,640,0,4096,333150,7.0946
83,520,3,641,0,4096,337246,6.6214
84,519,3,643,0,4096,341342,6.5038
85,519,4,641,0,4096,345438,6.8180
86,507,4,652,0,4096,349534,8.8218
87,498,4,656,0,4096,353630,8.5977
88,497,4,659,0,4096,357726,7.6775
89,496,4,664,0,4096,361822,6.9922
90,491,4,671,0,4096,365918,8.7636
91,488,4,678,0,4096,370014,8.1223
92,488,4,682,0,4096,374110,6.6469
93,485,4,683,0,4096,378206,6.9801
94,477,4,690,0,4096,382302,8.0721
95,474,4,689,0,4096,386398,7.6248
96,469,4,690,0,4096,390494,7.9211
97,462,4,702,0,4096,394590,8.7767
98,453,4,714,0,4096,398686,8.6779
99,444,4,722,0,4096,402782,8.6780
100,440,4,726,0,4096,406878,7.9969
101,440,4,727,0,4096,410974,6.8346
102,441,4,727,0,4096,415070,7.6437
103,430,4,736,0,4096,419166,10.2126
104,426,4,741,0,4096,423262,8.1270
105,418,4,743,1,4096,427358,8.8343
106,417,4,744,2,4096,431454,7.6029
107,411,4,752,2,4096,435550,7.9033
108,411,4,754,2,4096,439646,6.9733
109,403,5,766,2,4096,443742,9.5585
110,388,5,775,2,3632,447374,8.4705
111,379,5,786,2,4096,451470,9.0716
112,381,5,786,2,4096,455566,6.5893
113,383,5,787,2,4096,459662,6.2841
114,380,5,790,2,4096,463758,8.2089
115,379,6,797,2,4096,467854,7.6926
116,377,6,804,2,4096,471950,7.2933
117,376,6,806,2,4096,476046,6.3719
118,367,6,814,2,4096,480142,9.5473
119,354,6,820,2,3760,483902,9.0840
120,346,6,824,2,4096,487998,8.4630
121,344,6,828,2,4096,492094,7.5916
122,335,6,835,2,4096,496190,8.9461
123,328,5,843,2,4096,500286,9.8669
124,325,5,846,2,4096,504382,9.0029
125,324,5,844,2,4096,508478,7.5240
126,326,5,843,2,4096,512574,6.9636
127,328,6,843,2,4096,516670,6.9076
128,330,6,841,2,4096,520766,6.7790
129,331,6,843,2,4096,524862,6.0299
130,331,5,844,2,4096,528958,7.3610
131,326,5,847,2,4096,533054,8.0200
132,329,5,847,2,4096,537150,6.5529
133,326,5,851,2,4096,541246,7.1789
134,324,5,856,2,4096,545342,7.8936
135,325,5,860,2,4096,549438,7.8902
136,322,5,864,2,4096,553534,8.0726
137,318,5,864,2,4096,557630,8.8218
138,316,5,861,2,4096,561726,6.8664
139,314,5,864,2,4096,565822,7.9487
140,312,5,870,2,4096,569918,7.9678
141,301,5,879,2,4096,574014,8.6430
142,289,5,888,2,3694,577708,9.2388
143,278,5,894,2,4096,581804,10.2400
144,269,6,900,2,4096,585900,8.4096
145,264,6,900,2,4096,589996,8.5746
146,261,6,901,2,4096,594092,7.1793
147,261,5,902,2,4096,598188,6.1099
148,264,5,902,2,4096,602284,6.4232
149,265,6,899,2,4096,606380,7.6898
150,258,7,902,2,4096,610476,8.1412
151,260,7,901,2,4096,614572,6.2418
152,260,7,902,2,4096,618668,7.8731
153,262,5,899,2,4096,622764,7.5027
154,260,5,893,2,4096,626860,7.3154
155,264,6,895,2,4096,630956,7.7923
156,263,6,896,2,4096,635052,7.7608
157,260,6,900,2,4096,639148,8.1852
158,259,6,902,2,4096,643244,6.8684
159,260,5,905,2,4096,647340,6.2675
160,260,6,904,2,4096,651436,6.4670
161,256,6,904,2,4096,655532,6.6712
162,244,6,906,2,3968,659500,9.3728
163,244,6,909,2,4096,663596,7.9589
164,237,6,916,2,4096,667692,8.2178
165,233,6,918,2,4096,671788,9.1804
166,231,5,919,2,4096,675884,7.4787
167,225,6,923,2,4096,679980,7.7123
168,214,6,929,2,4096,684076,10.5051
169,203,6,934,2,4096,688172,9.2373
170,203,6,934,2,4096,692268,7.5360
171,198,6,936,2,4096,696364,8.1237
172,195,6,941,2,4096,700460,7.3948
173,198,6,936,2,4096,704556,6.8014
174,200,6,934,2,4096,708652,6.1952
175,200,8,937,2,4096,712748,6.6741
176,199,8,939,2,4096,716844,7.1238
177,203,7,940,2,4096,720940,6.7511
178,205,8,942,2,4096,725036,6.1806
179,205,8,940,2,4096,729132,6.1170
180,210,8,939,2,4096,733228,7.3569
181,213,8,938,2,4096,737324,7.5151
182,210,8,936,2,4096,741420,8.3626
183,203,8,941,2,4096,745516,8.8995
184,204,8,942,2,4096,749612,7.0640
185,200,7,940,2,4096,753708,7.2711
186,189,7,944,2,4096,757804,9.8294
187,178,7,942,2,4096,761900,8.9925
188,175,7,945,2,4096,765996,9.5114
189,175,7,947,2,4096,770092,7.9593
190,177,7,950,2,4096,774188,8.1638
191,178,7,950,2,4096,778284,6.8002
192,169,7,953,2,4096,782380,8.5443
193,166,7,953,2,4096,786476,8.5617
194,168,7,953,2,4096,790572,7.5021
195,165,7,955,2,4096,794668,8.2570
196,153,7,957,2,3233,797901,8.9985
197,143,7,968,2,3797,801698,9.4996
198,143,7,970,2,4096,805794,9.0231
199,141,7,967,2,4096,809890,10.3532
200,142,8,970,2,4096,813986,9.8840
201,133,8,969,2,4096,818082,9.7249
202,128,8,967,2,4096,822178,8.7211
203,128,8,966,2,4096,826274,7.7264
204,127,7,969,3,4096,830370,7.1378
205,120,7,975,4,4096,834466,8.9968
206,116,8,978,4,4096,838562,8.8154
207,103,8,986,4,3896,842458,9.4763
208,94,7,991,4,3601,846059,9.4760
209,83,7,996,4,4096,850155,8.4777
210,84,8,1000,4,4096,854251,7.9896
211,76,7,1001,4,4096,858347,8.6939
212,71,7,1005,4,4096,862443,9.8405
213,66,7,1008,4,4096,866539,8.6378
214,64,7,1007,5,4096,870635,7.0644
215,63,7,1008,5,4096,874731,8.2267
216,61,7,1008,5,4096,878827,7.5376
217,61,7,1006,5,4096,882923,6.7358
218,65,6,1006,6,4096,887019,6.6896
219,68,6,1005,7,4096,891115,6.3743
220,71,6,1004,7,4096,895211,6.8721
221,63,6,1005,7,4096,899307,8.5869
222,56,6,1007,7,4096,903403,9.4192
223,51,6,1009,7,4096,907499,9.5854
224,39,6,1012,7,4096,911595,11.5485
225,27,7,1015,7,4096,915691,10.7310
226,21,8,1016,7,4096,919787,9.5656
227,21,8,1019,8,4096,923883,8.4105
228,12,8,1017,8,4096,927979,8.9427
229,6,8,1017,8,4096,932075,8.1547
230,9,9,1016,8,4096,936171,7.6871
231,9,9,1017,8,4096,940267,7.8700
232,12,9,1017,8,4096,944363,6.8280
233,14,8,1018,8,4096,948459,6.9482
234,14,8,1016,8,4096,952555,7.4142
235,19,9,1013,9,4096,956651,6.3817
236,32,9,1012,9,4096,960747,5.4168
237,28,9,1014,9,4096,964843,9.0685
238,23,9,1016,9,4096,968939,8.3657
239,19,9,1013,9,4096,973035,8.4685
240,28,9,1014,9,4096,977131,6.0405
241,35,9,1013,9,4096,981227,6.1865
242,35,7,1017,9,4096,985323,8.0716
243,39,7,1016,9,4096,989419,6.8712
244,44,7,1012,9,4096,993515,6.7065
245,43,7,1010,9,4096,997611,7.8308
246,39,7,1010,9,4096,1001707,8.8907
247,36,7,1011,9,4096,1005803,8.9164
248,30,6,1012,9,4096,1009899,7.9949
249,37,6,1012,9,4096,1013995,8.0407
250,27,7,1010,10,4096,1018091,8.8864
251,18,7,1010,11,4096,1022187,9.4777
252,18,7,1013,11,4096,1026283,7.3644
253,16,8,1012,11,4096,1030379,7.8250
254,9,8,1012,12,4096,1034475,7.7600
255,3,8,1010,12,4073,1038548,9.2794
256,6,8,1010,12,791,1039339,3.2605
257,6,8,1013,12,4096,1043435,7.8191
258,8,8,1013,13,2650,1046085,6.6955
259,6,8,1013,13,4096,1050181,7.8370
260,7,8,1009,13,4096,1054277,7.0907
261,6,8,1011,13,4096,1058373,7.8882
262,7,8,1011,13,4096,1062469,7.8273
263,12,8,1011,13,4096,1066565,7.4355
264,10,9,1009,13,4096,1070661,7.1320
265,7,9,1011,13,4096,1074757,6.6839
266,13,9,1010,13,4096,1078853,7.4811
267,5,9,1009,13,4096,1082949,9.1727
268,7,9,1011,14,4096,1087045,7.4485
269,10,10,1011,14,4096,1091141,7.6847
270,2,10,1012,14,3564,1094705,6.9839
271,4,11,1011,14,470,1095175,2.7094
272,6,10,1009,14,660,1095835,3.5818
273,3,10,1008,14,733,1096568,4.1447
274,4,10,1007,14,141,1096709,2.8437
275,8,10,1008,14,127,1096836,2.9311
276,7,10,1007,14,4096,1100932,8.4047
277,8,9,1007,15,3432,1104364,7.0695
278,8,9,1006,16,1110,1105474,5.2784
279,4,9,1005,16,4096,1109570,8.0521
280,4,9,1007,16,3389,1112959,6.6944
281,6,9,1006,16,3977,1116936,7.8674
282,3,9,1004,16,715,1117651,3.8603
283,6,9,1006,16,340,1117991,3.1692
284,4,9,1007,16,4096,1122087,7.8253
285,4,9,1007,16,4096,1126183,6.2082
286,5,11,1009,16,636,1126819,2.8738
287,10,11,1007,16,3682,1130501,7.1664
288,7,11,1005,16,4096,1134597,8.8145
289,8,11,1006,16,4096,1138693,8.3952
290,5,10,1006,16,4096,1142789,7.4696
291,10,10,1007,16,4096,1146885,7.0920
292,14,10,1007,16,4096,1150981,7.4031
293,12,11,1006,16,4096,1155077,7.1488
294,5,13,1002,16,4096,1159173,8.5108
295,8,14,1000,17,4096,1163269,7.4992
296,14,13,1000,17,4096,1167365,5.7940
297,19,16,999,17,4096,1171461,6.3925
298,28,16,999,18,4096,1175557,6.2218
299,34,16,996,18,4096,1179653,6.0852
300,36,16,995,18,4096,1183749,5.7693
301,45,16,991,18,4096,1187845,6.6289
302,39,17,992,18,4096,1191941,8.6921
303,40,17,993,18,4096,1196037,7.8492
304,38,17,993,18,4096,1200133,9.0558
305,35,17,994,19,4096,1204229,9.0754
306,33,17,993,19,4096,1208325,8.4248
307,29,17,995,19,4096,1212421,9.1925
308,22,16,996,19,4096,1216517,9.2463
309,23,16,998,19,4096,1220613,8.7419
310,23,16,995,19,4096,1224709,8.8041
311,12,16,995,19,3815,1228524,10.4306
312,11,16,996,19,4096,1232620,8.0084
313,9,16,996,20,4096,1236716,8.2403
314,4,16,994,21,4096,1240812,8.6632
315,6,18,997,21,2350,1243162,5.6023
316,4,18,998,21,613,1243775,3.7634
317,7,18,996,21,391,1244166,3.0405
318,7,18,998,21,1406,1245572,5.1197
319,11,18,998,21,4096,1249668,8.3371
320,5,18,999,21,3301,1252969,8.2700
321,4,18,999,21,2019,1254988,4.6867
322,6,19,999,21,4096,1259084,6.9020
323,9,19,996,21,4096,1263180,5.7350
324,4,19,996,21,4096,1267276,6.2028
325,8,19,999,21,4096,1271372,5.0309
326,10,19,997,21,4096,1275468,7.5815
327,10,20,997,21,4096,1279564,7.5385
328,13,20,997,21,4096,1283660,8.2631
329,14,20,996,21,4096,1287756,7.3485
330,22,20,993,21,4096,1291852,7.3641
331,12,19,995,21,4096,1295948,10.3405
332,13,19,995,21,4096,1300044,8.7708
333,12,20,996,21,4096,1304140,8.3575
334,13,20,994,21,4096,1308236,6.9630
335,13,20,996,21,4096,1312332,6.8694
336,18,21,999,21,4096,1316428,7.6421
337,21,22,996,21,4096,1320524,7.1112
338,27,22,995,21,4096,1324620,5.8594
339,24,22,995,21,4096,1328716,6.5688
340,21,21,994,21,4096,1332812,7.8057
341,23,21,994,21,4096,1336908,6.3961
342,23,20,993,21,4096,1341004,6.8090
343,29,20,994,21,4096,1345100,6.7779
344,18,20,999,21,4096,1349196,8.3939
345,21,20,998,21,4096,1353292,8.1548
346,16,20,997,21,4096,1357388,8.0932
347,15,20,997,21,4096,1361484,7.5419
348,23,20,1000,21,4096,1365580,7.2376
349,27,20,998,21,4096,1369676,5.9503
350,27,21,998,21,4096,1373772,7.1766
351,23,21,1001,21,4096,1377868,8.4229
352,16,21,999,21,4096,1381964,7.8925
353,8,20,1000,21,4096,1386060,9.4695
354,4,20,1001,21,4096,1390156,8.0208
355,10,20,1001,21,3066,1393222,6.3293
356,6,20,999,21,2509,1395731,7.0247
357,3,20,1003,21,2277,1398008,5.4106
358,5,20,1004,21,112,1398120,2.4221
359,6,19,1004,21,322,1398442,3.4877
360,4,19,1001,21,4096,1402538,8.1904
