frame,tick,dropped_ticks,frame_ms,pack_ms,upload_ms,submit_ms,upload_bytes,latest_gpu_ms,gpu_timing_timestamp,simulation_cpu_ms
121,60,0,2.99480,0.00000,0.00000,0.03000,0,-1.00000,837352140941,0.00000
122,61,0,1.03420,1.15140,0.10150,0.02280,1280000,-1.00000,837352244486,0.00000
123,61,0,2.06621,0.00000,0.00000,0.02340,0,-1.00000,837352325993,0.00000
124,62,0,0.53279,1.73550,0.11270,0.05110,1280000,-1.00000,837352440387,0.00000
125,62,0,6.60330,0.00000,0.00000,0.06470,0,-1.00000,837352470126,0.00000
126,63,0,7.10770,1.06360,0.11870,0.05490,1280000,-1.00000,837352480401,0.00000
127,63,0,2.07350,0.00000,0.00000,0.02270,0,-1.00000,837352501064,0.00000
128,64,0,0.66870,1.18280,0.19990,0.05140,1280000,-1.00000,837352506382,0.00000
129,64,0,2.47820,0.00000,0.00000,0.03070,0,-1.00000,837352572633,0.00000
130,65,0,0.74900,1.31650,0.10390,0.03900,1280000,-1.00000,837352643592,0.00000
131,65,0,2.68870,0.00000,0.00000,0.02210,0,-1.00000,837352664241,0.00000
132,66,0,8.70630,1.08490,0.11130,0.05450,1280000,-1.00000,837352670916,0.00000
133,66,0,2.25220,0.00000,0.00000,0.03420,0,-1.00000,837352695733,0.00000
134,67,0,0.63720,1.06490,0.09250,0.02080,1280000,-1.00000,837352703198,0.00000
135,67,0,1.81900,0.00000,0.00000,0.02100,0,-1.00000,837352730100,0.00000
136,68,0,1.47190,1.04880,0.12060,0.05470,1280000,-1.00000,837352817227,0.00000
137,68,0,2.31690,0.00000,0.00000,0.02990,0,-1.00000,837352839680,0.00000
138,69,0,0.70170,1.04520,0.13720,0.02500,1280000,-1.00000,837352846025,0.00000
139,69,0,1.97110,0.00000,0.00000,0.02540,0,-1.00000,837352864244,0.00000
140,70,0,0.48160,1.22550,0.15150,0.05670,1280000,-1.00000,837352878973,0.00000
141,70,0,2.52240,0.00000,0.00000,0.06150,0,-1.00000,837352902134,0.00000
142,71,0,1.75550,1.20690,0.13280,0.03710,1280000,-1.00000,837352909131,0.00000
143,71,0,2.17160,0.00000,0.00000,0.02640,0,-1.00000,837352928860,0.00000
144,72,0,0.77960,1.01600,0.10530,0.02400,1280000,-1.00000,837352933658,0.00000
145,72,0,1.79060,0.00000,0.00000,0.02090,0,-1.00000,837352958905,0.00000
146,73,0,1.38610,1.20230,0.13690,0.08530,1280000,-1.00000,837352976435,0.00000
147,73,0,2.34010,0.00000,0.00000,0.04580,0,-1.00000,837352998192,0.00000
148,74,0,1.03030,1.16040,0.10210,0.02320,1280000,-1.00000,837353005963,0.00000
149,74,0,1.75540,0.00000,0.00000,0.01880,0,-1.00000,837353023855,0.00000
150,75,0,1.87740,1.12900,0.15080,0.04030,1280000,-1.00000,837353037714,0.00000
151,75,0,2.06510,0.00000,0.00000,0.02770,0,-1.00000,837353061176,0.00000
152,76,0,0.83540,1.09930,0.12890,0.03060,1280000,-1.00000,837353071423,0.00000
153,76,0,1.78280,0.00000,0.00000,0.02030,0,-1.00000,837353088970,0.00000
154,77,0,0.51550,1.31360,0.14350,0.04550,1280000,-1.00000,837353107757,0.00000
155,77,0,8.68410,0.00000,0.00000,0.04350,0,-1.00000,837353128423,0.00000
156,78,0,1.43390,3.50520,0.18550,0.13830,1280000,-1.00000,837353136764,0.00000
157,78,0,5.87770,0.00000,0.00000,0.32220,0,-1.00000,837353154574,0.00000
158,79,0,1.67130,1.09830,0.15440,0.05120,1280000,-1.00000,837353159730,0.00000
159,79,0,2.47750,0.00000,0.00000,0.03850,0,-1.00000,837353246635,0.00000
160,80,0,0.80020,1.16420,0.21840,0.10250,1280000,-1.00000,837353260953,0.00000
161,80,0,2.97701,0.00000,0.00000,0.03470,0,-1.00000,837353319773,0.00000
162,81,0,0.99190,1.16540,0.12600,0.05860,1280000,-1.00000,837353336443,0.00000
163,81,0,2.34140,0.00000,0.00000,0.02710,0,-1.00000,837353361234,0.00000
164,82,0,0.56670,1.16140,0.11990,0.02460,1280000,-1.00000,837353369208,0.00000
165,82,0,1.93750,0.00000,0.00000,0.02000,0,-1.00000,837353399035,0.00000
166,83,0,0.44269,1.07430,0.14810,0.02890,1280000,-1.00000,837353408896,0.00000
167,83,0,2.17350,0.00000,0.00000,0.02940,0,-1.00000,837353432334,0.00000
168,84,0,0.55500,1.22580,0.16450,0.03040,1280000,-1.00000,837353437951,0.00000
169,84,0,2.00450,0.00000,0.00000,0.02370,0,-1.00000,837353457332,0.00000
170,85,0,0.44010,1.08150,0.10060,0.02170,1280000,-1.00000,837353461748,0.00000
171,85,0,1.83270,0.00000,0.00000,0.02190,0,-1.00000,837353483556,0.00000
172,86,0,0.47250,1.11020,0.12510,0.05440,1280000,-1.00000,837353489039,0.00000
173,86,0,2.01550,0.00000,0.00000,0.02800,0,-1.00000,837353509083,0.00000
174,87,0,0.64940,1.08540,0.10570,0.02090,1280000,-1.00000,837353513479,0.00000
175,87,0,1.69870,0.00000,0.00000,0.01890,0,-1.00000,837353531813,0.00000
176,88,0,0.45600,1.18230,0.14120,0.03940,1280000,-1.00000,837353536533,0.00000
177,88,0,2.05120,0.00000,0.00000,0.02730,0,-1.00000,837353556712,0.00000
178,89,0,0.51760,1.10310,0.10820,0.08900,1280000,-1.00000,837353563188,0.00000
179,89,0,1.86530,0.00000,0.00000,0.01980,0,-1.00000,837353580170,0.00000
180,90,0,0.41000,1.51530,0.12850,0.02980,1280000,-1.00000,837353584719,0.00000
181,90,0,2.56770,0.00000,0.00000,0.02750,0,-1.00000,837353605288,0.00000
182,91,0,0.58690,1.42770,0.10680,0.03430,1280000,-1.00000,837353610415,0.00000
183,91,0,2.15240,0.00000,0.00000,0.02140,0,-1.00000,837353629089,0.00000
184,92,0,0.43610,1.11050,0.11440,0.02620,1280000,-1.00000,837353633165,0.00000
185,92,0,2.04630,0.00000,0.00000,0.02430,0,-1.00000,837353658888,0.00000
186,93,0,0.56409,1.62370,0.12150,0.06140,1280000,-1.00000,837353664740,0.00000
187,93,0,2.68761,0.00000,0.00000,0.02660,0,-1.00000,837353686254,0.00000
188,94,0,0.56900,1.52060,0.11050,0.03340,1280000,-1.00000,837353690602,0.00000
189,94,0,2.36620,0.00000,0.00000,0.02900,0,-1.00000,837353711094,0.00000
190,95,0,0.59690,1.50100,0.18070,0.08030,1280000,-1.00000,837353716719,0.00000
191,95,0,2.70180,0.00000,0.00000,0.02890,0,-1.00000,837353743639,0.00000
192,96,0,0.59900,1.14400,0.11010,0.03510,1280000,-1.00000,837353749280,0.00000
193,96,0,1.89320,0.00000,0.00000,0.02740,0,-1.00000,837353772971,0.00000
194,97,0,1.01570,1.21360,0.16240,0.10270,1280000,-1.00000,837353778918,0.00000
195,97,0,2.43070,0.00000,0.00000,0.02860,0,-1.00000,837353805964,0.00000
196,98,0,0.57410,1.11590,0.11730,0.02580,1280000,-1.00000,837353811918,0.00000
197,98,0,1.82990,0.00000,0.00000,0.02030,0,-1.00000,837353830884,0.00000
198,99,0,0.51310,2.11800,0.13670,0.07720,1280000,-1.00000,837353841041,0.00000
199,99,0,3.23350,0.00000,0.00000,0.02830,0,-1.00000,837353865353,0.00000
200,100,0,0.53600,1.28440,0.13180,0.04360,1280000,-1.00000,837353871053,0.00000
201,100,0,2.29790,0.00000,0.00000,0.03170,0,-1.00000,837353889354,0.00000
202,101,0,0.75030,1.81990,0.11420,0.05530,1280000,-1.00000,837353894486,0.00000
203,101,0,2.94150,0.00000,0.00000,0.02760,0,-1.00000,837353926858,0.00000
204,102,0,0.58990,1.17720,0.11070,0.05710,1280000,-1.00000,837353932178,0.00000
205,102,0,2.10980,0.00000,0.00000,0.02920,0,-1.00000,837353955200,0.00000
206,103,0,0.65630,1.29950,0.19050,0.04850,1280000,-1.00000,837353962690,0.00000
207,103,0,2.33110,0.00000,0.00000,0.02440,0,-1.00000,837353992117,0.00000
208,104,0,1.23819,1.28100,0.13880,0.04320,1280000,-1.00000,837353997973,0.00000
209,104,0,2.41130,0.00000,0.00000,0.09170,0,-1.00000,837354019114,0.00000
210,105,0,1.07940,1.43990,0.12210,0.04360,1280000,-1.00000,837354025645,0.00000
211,105,0,2.35800,0.00000,0.00000,0.02380,0,-1.00000,837354048977,0.00000
212,106,0,0.45910,1.75520,0.13360,0.05470,1280000,-1.00000,837354061326,0.00000
213,106,0,2.94460,0.00000,0.00000,0.06340,0,-1.00000,837354085495,0.00000
214,107,0,1.13670,1.85240,0.10430,0.04340,1280000,-1.00000,837354096275,0.00000
215,107,0,2.75920,0.00000,0.00000,0.02330,0,-1.00000,837354119829,0.00000
216,108,0,0.54130,1.55620,0.16520,0.05500,1280000,-1.00000,837354124411,0.00000
217,108,0,2.56630,0.00000,0.00000,0.02470,0,-1.00000,837354153967,0.00000
218,109,0,0.49570,1.26370,0.12520,0.03640,1280000,-1.00000,837354165241,0.00000
219,109,0,2.03930,0.00000,0.00000,0.02130,0,-1.00000,837354192841,0.00000
220,110,0,0.68980,1.84850,0.15340,0.05370,1280000,-1.00000,837354198224,0.00000
221,110,0,3.08040,0.00000,0.00000,0.03370,0,-1.00000,837354223916,0.00000
222,111,0,0.55630,1.23910,0.12360,0.02810,1280000,-1.00000,837354228837,0.00000
223,111,0,1.93330,0.00000,0.00000,0.02460,0,-1.00000,837354249244,0.00000
224,112,0,0.54210,2.27940,0.12120,0.05440,1280000,-1.00000,837354256167,0.00000
225,112,0,3.45150,0.00000,0.00000,0.04060,0,-1.00000,837354286993,0.00000
226,113,0,0.89070,1.25150,0.14550,0.02540,1280000,-1.00000,837354292504,0.00000
227,113,0,2.11530,0.00000,0.00000,0.08590,0,-1.00000,837354311839,0.00000
228,114,0,1.15800,1.71810,0.13660,0.05210,1280000,-1.00000,837354317253,0.00000
229,114,0,2.80710,0.00000,0.00000,0.02850,0,-1.00000,837354351814,0.00000
230,115,0,0.67720,1.46110,0.14640,0.04620,1280000,-1.00000,837354360687,0.00000
231,115,0,2.76450,0.00000,0.00000,0.04210,0,-1.00000,837354381839,0.00000
232,116,0,1.09910,1.57150,0.15460,0.02900,1280000,-1.00000,837354393453,0.00000
233,116,0,2.46891,0.00000,0.00000,0.02230,0,-1.00000,837354421502,0.00000
234,117,0,0.43649,2.12540,0.27350,0.05170,1280000,-1.00000,837354428269,0.00000
235,117,0,3.17431,0.00000,0.00000,0.02760,0,-1.00000,837354455948,0.00000
236,118,0,0.55020,1.62020,0.13950,0.02570,1280000,-1.00000,837354466918,0.00000
237,118,0,2.37400,0.00000,0.00000,0.02260,0,-1.00000,837354491579,0.00000
238,119,0,0.84130,1.57050,0.13070,0.05410,1280000,-1.00000,837354495937,0.00000
239,119,0,2.54730,0.00000,0.00000,0.02360,0,-1.00000,837354527714,0.00000
240,120,0,0.45800,1.29950,0.10720,0.02420,1280000,-1.00000,837354533192,0.00000
241,120,0,1.89920,0.00000,0.00000,0.02010,0,-1.00000,837354556927,0.00000
242,121,0,0.37670,2.16830,0.16410,0.05210,1280000,-1.00000,837354565373,0.00000
243,121,0,3.15180,0.00000,0.00000,0.02420,0,-1.00000,837354590848,0.00000
244,122,0,0.58130,1.83560,0.10970,0.02290,1280000,-1.00000,837354595395,0.00000
245,122,0,2.54550,0.00000,0.00000,0.02590,0,-1.00000,837354614382,0.00000
246,123,0,0.68890,1.68870,0.13000,0.06480,1280000,-1.00000,837354618145,0.00000
247,123,0,2.71210,0.00000,0.00000,0.02570,0,-1.00000,837354649708,0.00000
248,124,0,0.70840,1.28150,0.10410,0.02190,1280000,-1.00000,837354655487,0.00000
249,124,0,1.99340,0.00000,0.00000,0.02540,0,-1.00000,837354680943,0.00000
250,125,0,0.57620,2.11570,0.12720,0.05700,1280000,-1.00000,837354687854,0.00000
251,125,0,3.53559,0.00000,0.00000,0.02450,0,-1.00000,837354714995,0.00000
252,126,0,0.49121,1.18670,0.13480,0.02580,1280000,-1.00000,837354722039,0.00000
253,126,0,2.01460,0.00000,0.00000,0.02400,0,-1.00000,837354741978,0.00000
254,127,0,1.10110,1.46160,0.10780,0.04270,1280000,-1.00000,837354747794,0.00000
255,127,0,2.51130,0.00000,0.00000,0.02680,0,-1.00000,837354783121,0.00000
256,128,0,0.52540,1.76120,0.14590,0.03660,1280000,-1.00000,837354787993,0.00000
257,128,0,3.12330,0.00000,0.00000,0.04460,0,-1.00000,837354808153,0.00000
258,129,0,0.96850,1.24880,0.12720,0.03800,1280000,-1.00000,837354819191,0.00000
259,129,0,2.29930,0.00000,0.00000,0.03460,0,-1.00000,837354844273,0.00000
260,130,0,0.82640,1.85920,0.16510,0.05780,1280000,-1.00000,837354849514,0.00000
261,130,0,3.12720,0.00000,0.00000,0.02900,0,-1.00000,837354880836,0.00000
262,131,0,0.54330,1.19090,0.11930,0.02160,1280000,-1.00000,837354890452,0.00000
263,131,0,1.78190,0.00000,0.00000,0.01890,0,-1.00000,837354913467,0.00000
264,132,0,0.36300,1.39050,0.13010,0.03810,1280000,-1.00000,837354921723,0.00000
265,132,0,2.21750,0.00000,0.00000,0.02370,0,-1.00000,837354953009,0.00000
266,133,0,0.70830,1.41450,0.10330,0.02250,1280000,-1.00000,837354958399,0.00000
267,133,0,2.24600,0.00000,0.00000,0.02050,0,-1.00000,837354976213,0.00000
268,134,0,0.37061,1.19200,0.12780,0.05750,1280000,-1.00000,837354979843,0.00000
269,134,0,2.55570,0.00000,0.00000,0.04340,0,-1.00000,837355002045,0.00000
270,135,0,0.83960,2.07670,0.10550,0.02610,1280000,-1.00000,837355009128,0.00000
271,135,0,2.76330,0.00000,0.00000,0.01990,0,-1.00000,837355031562,0.00000
272,136,0,0.37220,1.61390,0.14730,0.06080,1280000,-1.00000,837355035268,0.00000
273,136,0,2.54330,0.00000,0.00000,0.02390,0,-1.00000,837355060888,0.00000
274,137,0,0.49390,1.25920,0.12020,0.02050,1280000,-1.00000,837355069252,0.00000
275,137,0,1.82080,0.00000,0.00000,0.01870,0,-1.00000,837355096857,0.00000
276,138,0,0.36630,1.30970,0.17610,0.03720,1280000,-1.00000,837355100576,0.00000
277,138,0,2.45780,0.00000,0.00000,0.04860,0,-1.00000,837355126050,0.00000
278,139,0,0.89000,1.61860,0.14540,0.04360,1280000,-1.00000,837355130953,0.00000
279,139,0,2.46970,0.00000,0.00000,0.02570,0,-1.00000,837355149157,0.00000
280,140,0,0.43560,1.83830,0.11850,0.03440,1280000,-1.00000,837355152816,0.00000
281,140,0,2.76820,0.00000,0.00000,0.04000,0,-1.00000,837355177552,0.00000
282,141,0,0.69690,2.06260,0.10720,0.03710,1280000,-1.00000,837355186329,0.00000
283,141,0,3.09500,0.00000,0.00000,0.04060,0,-1.00000,837355211010,0.00000
284,142,0,0.75490,1.90860,0.12250,0.06190,1280000,-1.00000,837355215348,0.00000
285,142,0,3.00689,0.00000,0.00000,0.03790,0,-1.00000,837355243075,0.00000
286,143,0,0.78020,1.41290,0.11410,0.03390,1280000,-1.00000,837355250033,0.00000
287,143,0,2.42630,0.00000,0.00000,0.04140,0,-1.00000,837355280997,0.00000
288,144,0,0.93850,2.02600,0.10730,0.05250,1280000,-1.00000,837355288511,0.00000
289,144,0,2.98870,0.00000,0.00000,0.02510,0,-1.00000,837355318620,0.00000
290,145,0,0.48900,1.19790,0.12980,0.02530,1280000,-1.00000,837355326388,0.00000
291,145,0,1.99320,0.00000,0.00000,0.03900,0,-1.00000,837355350690,0.00000
292,146,0,1.04500,1.54500,0.11390,0.07950,1280000,-1.00000,837355360043,0.00000
293,146,0,2.36640,0.00000,0.00000,0.02170,0,-1.00000,837355389940,0.00000
294,147,0,0.45080,1.25720,0.12370,0.02060,1280000,-1.00000,837355394799,0.00000
295,147,0,1.89370,0.00000,0.00000,0.02140,0,-1.00000,837355414794,0.00000
296,148,0,0.64799,2.15810,0.10560,0.04810,1280000,-1.00000,837355425225,0.00000
297,148,0,3.16750,0.00000,0.00000,0.02710,0,-1.00000,837355448844,0.00000
298,149,0,0.46940,1.21770,0.14220,0.02390,1280000,-1.00000,837355453346,0.00000
299,149,0,1.90800,0.00000,0.00000,0.02460,0,-1.00000,837355472299,0.00000
300,150,0,0.62850,1.97530,0.16170,0.05430,1280000,-1.00000,837355478819,0.00000
301,150,0,3.10120,0.00000,0.00000,0.02840,0,-1.00000,837355510477,0.00000
302,151,0,0.48820,1.77540,0.14410,0.03460,1280000,-1.00000,837355515132,0.00000
303,151,0,2.79010,0.00000,0.00000,0.04370,0,-1.00000,837355534230,0.00000
304,152,0,0.90480,1.24540,0.12540,0.02410,1280000,-1.00000,837355540553,0.00000
305,152,0,2.00410,0.00000,0.00000,0.02040,0,-1.00000,837355571559,0.00000
306,153,0,0.43950,1.86630,0.17790,0.06870,1280000,-1.00000,837355576395,0.00000
307,153,0,3.30050,0.00000,0.00000,0.04370,0,-1.00000,837355604376,0.00000
308,154,0,0.75310,1.96120,0.10450,0.02140,1280000,-1.00000,837355613371,0.00000
309,154,0,2.50900,0.00000,0.00000,0.02170,0,-1.00000,837355633388,0.00000
310,155,0,0.38260,1.55600,0.18500,0.06090,1280000,-1.00000,837355637808,0.00000
311,155,0,3.74889,0.00000,0.00000,0.04090,0,-1.00000,837355670856,0.00000
312,156,0,0.62120,1.25200,0.10600,0.02300,1280000,-1.00000,837355678318,0.00000
313,156,0,1.89800,0.00000,0.00000,0.02330,0,-1.00000,837355703404,0.00000
314,157,0,0.56900,1.72900,0.15390,0.05650,1280000,-1.00000,837355707230,0.00000
315,157,0,2.90070,0.00000,0.00000,0.02840,0,-1.00000,837355744788,0.00000
316,158,0,0.76840,1.24410,0.11220,0.03230,1280000,-1.00000,837355750943,0.00000
317,158,0,1.91480,0.00000,0.00000,0.02010,0,-1.00000,837355769926,0.00000
318,159,0,0.52610,1.76080,0.13280,0.04160,1280000,-1.00000,837355775619,0.00000
319,159,0,2.81840,0.00000,0.00000,0.02770,0,-1.00000,837355804661,0.00000
320,160,0,0.49630,1.19780,0.10310,0.02340,1280000,-1.00000,837355812302,0.00000
321,160,0,1.79010,0.00000,0.00000,0.01850,0,-1.00000,837355831448,0.00000
322,161,0,0.46570,2.04470,0.14630,0.04570,1280000,-1.00000,837355836788,0.00000
323,161,0,3.02650,0.00000,0.00000,0.02630,0,-1.00000,837355864921,0.00000
324,162,0,0.48630,1.23360,0.10280,0.01920,1280000,-1.00000,837355869853,0.00000
325,162,0,1.81540,0.00000,0.00000,0.01840,0,-1.00000,837355887751,0.00000
326,163,0,0.49080,2.72580,0.15750,0.06050,1280000,-1.00000,837355892407,0.00000
327,163,0,3.89279,0.00000,0.00000,0.02650,0,-1.00000,837355922712,0.00000
328,164,0,0.86280,1.35710,0.14160,0.02870,1280000,-1.00000,837355927539,0.00000
329,164,0,2.38920,0.00000,0.00000,0.04390,0,-1.00000,837355945688,0.00000
330,165,0,0.94270,1.95230,0.22240,0.11440,1280000,-1.00000,837355950600,0.00000
331,165,0,3.03530,0.00000,0.00000,0.02970,0,-1.00000,837355989579,0.00000
332,166,0,0.53790,1.43940,0.18730,0.06610,1280000,-1.00000,837355998190,0.00000
333,166,0,2.87579,0.00000,0.00000,0.04350,0,-1.00000,837356022095,0.00000
334,167,0,0.58710,1.70520,0.11800,0.03750,1280000,-1.00000,837356031523,0.00000
335,167,0,2.49460,0.00000,0.00000,0.02350,0,-1.00000,837356061876,0.00000
336,168,0,0.40170,1.25110,0.10260,0.03080,1280000,-1.00000,837356067214,0.00000
337,168,0,1.90330,0.00000,0.00000,0.02100,0,-1.00000,837356096040,0.00000
338,169,0,0.42290,1.35440,0.11890,0.03250,1280000,-1.00000,837356101835,0.00000
339,169,0,2.02560,0.00000,0.00000,0.02200,0,-1.00000,837356126795,0.00000
340,170,0,0.38880,1.77240,0.12420,0.02180,1280000,-1.00000,837356130796,0.00000
341,170,0,2.87100,0.00000,0.00000,0.05940,0,-1.00000,837356149840,0.00000
342,171,0,1.23910,1.65020,0.11350,0.02790,1280000,-1.00000,837356154059,0.00000
343,171,0,2.37389,0.00000,0.00000,0.02060,0,-1.00000,837356174326,0.00000
344,172,0,0.39240,2.32020,0.14920,0.06140,1280000,-1.00000,837356178202,0.00000
345,172,0,3.50220,0.00000,0.00000,0.05380,0,-1.00000,837356207014,0.00000
346,173,0,0.74450,1.22740,0.10760,0.02390,1280000,-1.00000,837356219351,0.00000
347,173,0,1.84120,0.00000,0.00000,0.01960,0,-1.00000,837356243045,0.00000
348,174,0,0.37410,2.31230,0.13080,0.03710,1280000,-1.00000,837356246964,0.00000
349,174,0,3.23390,0.00000,0.00000,0.02870,0,-1.00000,837356282070,0.00000
350,175,0,0.53770,1.83680,0.11330,0.02420,1280000,-1.00000,837356289436,0.00000
351,175,0,2.45191,0.00000,0.00000,0.02160,0,-1.00000,837356307849,0.00000
352,176,0,0.45920,2.45440,0.12220,0.19650,1280000,-1.00000,837356311586,0.00000
353,176,0,3.70740,0.00000,0.00000,0.02710,0,-1.00000,837356343977,0.00000
354,177,0,1.06270,1.55890,0.15390,0.05210,1280000,-1.00000,837356349305,0.00000
355,177,0,2.93321,0.00000,0.00000,0.04150,0,-1.00000,837356373825,0.00000
356,178,0,1.01110,1.40630,0.11170,0.02470,1280000,-1.00000,837356378420,0.00000
357,178,0,2.05490,0.00000,0.00000,0.02030,0,-1.00000,837356415543,0.00000
358,179,0,0.70740,2.73390,0.16640,0.05590,1280000,-1.00000,837356426167,0.00000
359,179,0,3.86630,0.00000,0.00000,0.02880,0,-1.00000,837356455533,0.00000
360,180,0,0.50880,2.08060,0.17560,0.07620,1280000,-1.00000,837356465568,0.00000
361,180,0,3.82870,0.00000,0.00000,0.05390,0,-1.00000,837356486109,0.00000
362,181,0,1.19470,2.18080,0.13030,0.05930,1280000,-1.00000,837356493218,0.00000
363,181,0,3.78700,0.00000,0.00000,0.05050,0,-1.00000,837356531895,0.00000
364,182,0,1.10040,1.64580,0.11350,0.04580,1280000,-1.00000,837356536934,0.00000
365,182,0,2.68120,0.00000,0.00000,0.04530,0,-1.00000,837356575308,0.00000
366,183,0,0.70520,1.56210,0.16370,0.05510,1280000,-1.00000,837356587219,0.00000
367,183,0,2.84530,0.00000,0.00000,0.04010,0,-1.00000,837356625137,0.00000
368,184,0,0.76340,1.79800,0.11070,0.05210,1280000,-1.00000,837356636098,0.00000
369,184,0,3.33649,0.00000,0.00000,0.04140,0,-1.00000,837356662913,0.00000
370,185,0,0.79900,1.54410,0.12610,0.05150,1280000,-1.00000,837356669920,0.00000
371,185,0,2.54640,0.00000,0.00000,0.02760,0,-1.00000,837356698422,0.00000
372,186,0,0.57430,1.81560,0.09480,0.02860,1280000,-1.00000,837356706011,0.00000
373,186,0,2.82251,0.00000,0.00000,0.05350,0,-1.00000,837356739414,0.00000
374,187,0,0.86960,2.03250,0.11930,0.05540,1280000,-1.00000,837356747376,0.00000
375,187,0,3.15879,0.00000,0.00000,0.03390,0,-1.00000,837356772854,0.00000
376,188,0,0.69751,1.46950,0.15970,0.07270,1280000,-1.00000,837356778554,0.00000
377,188,0,2.88090,0.00000,0.00000,0.03660,0,-1.00000,837356806821,0.00000
378,189,0,0.60111,1.35490,0.37660,0.07300,1280000,-1.00000,837356815498,0.00000
379,189,0,2.58890,0.00000,0.00000,0.02650,0,-1.00000,837356847113,0.00000
380,190,0,0.48100,1.33430,0.15930,0.12650,1280000,-1.00000,837356854053,0.00000
381,190,0,2.57300,0.00000,0.00000,0.02790,0,-1.00000,837356882919,0.00000
382,191,0,0.58829,1.48150,0.13310,0.03110,1280000,-1.00000,837356888872,0.00000
383,191,0,2.24550,0.00000,0.00000,0.02340,0,-1.00000,837356914792,0.00000
384,192,0,0.42601,2.21940,0.11610,0.06000,1280000,-1.00000,837356919565,0.00000
385,192,0,3.22929,0.00000,0.00000,0.02390,0,-1.00000,837356945349,0.00000
386,193,0,0.49150,1.28700,0.09130,0.02030,1280000,-1.00000,837356951171,0.00000
387,193,0,1.85940,0.00000,0.00000,0.01920,0,-1.00000,837356973639,0.00000
388,194,0,0.41441,1.65570,0.16190,0.05140,1280000,-1.00000,837356977888,0.00000
389,194,0,2.95889,0.00000,0.00000,0.02580,0,-1.00000,837357010202,0.00000
390,195,0,0.69211,1.58920,0.12550,0.03040,1280000,-1.00000,837357015092,0.00000
391,195,0,2.28830,0.00000,0.00000,0.02100,0,-1.00000,837357033685,0.00000
392,196,0,0.41020,1.58060,0.16370,0.06820,1280000,-1.00000,837357037826,0.00000
393,196,0,2.62040,0.00000,0.00000,0.02670,0,-1.00000,837357067475,0.00000
394,197,0,0.78480,1.38110,0.14150,0.04170,1280000,-1.00000,837357074360,0.00000
395,197,0,2.25370,0.00000,0.00000,0.02420,0,-1.00000,837357097232,0.00000
396,198,0,0.48850,1.29480,0.13650,0.05960,1280000,-1.00000,837357101327,0.00000
397,198,0,2.36280,0.00000,0.00000,0.03040,0,-1.00000,837357127575,0.00000
398,199,0,0.62580,1.22550,0.10890,0.02930,1280000,-1.00000,837357135407,0.00000
399,199,0,1.95580,0.00000,0.00000,0.02280,0,-1.00000,837357157935,0.00000
400,200,0,0.44990,1.50740,0.14600,0.05060,1280000,-1.00000,837357162805,0.00000
401,200,0,2.37960,0.00000,0.00000,0.02890,0,-1.00000,837357186490,0.00000
402,201,0,0.61620,1.37270,0.11360,0.03920,1280000,-1.00000,837357192689,0.00000
403,201,0,2.17190,0.00000,0.00000,0.02640,0,-1.00000,837357212254,0.00000
404,202,0,0.48430,1.19650,0.13800,0.02580,1280000,-1.00000,837357216745,0.00000
405,202,0,1.99500,0.00000,0.00000,0.02640,0,-1.00000,837357240573,0.00000
406,203,0,0.58440,1.17800,0.13520,0.04490,1280000,-1.00000,837357246701,0.00000
407,203,0,2.11430,0.00000,0.00000,0.02610,0,-1.00000,837357268446,0.00000
408,204,0,0.47370,1.26060,0.11310,0.03280,1280000,-1.00000,837357273261,0.00000
409,204,0,2.11760,0.00000,0.00000,0.03050,0,-1.00000,837357293245,0.00000
410,205,0,0.67490,1.86700,0.23980,0.05370,1280000,-1.00000,837357299073,0.00000
411,205,0,3.18530,0.00000,0.00000,0.02470,0,-1.00000,837357320230,0.00000
412,206,0,0.52330,1.18710,0.12100,0.02670,1280000,-1.00000,837357324947,0.00000
413,206,0,1.88390,0.00000,0.00000,0.03410,0,-1.00000,837357346161,0.00000
414,207,0,0.84820,1.40260,0.16370,0.06960,1280000,-1.00000,837357352879,0.00000
415,207,0,2.44680,0.00000,0.00000,0.02900,0,-1.00000,837357384765,0.00000
416,208,0,0.70100,1.19850,0.10220,0.02630,1280000,-1.00000,837357389954,0.00000
417,208,0,2.09160,0.00000,0.00000,0.03630,0,-1.00000,837357408807,0.00000
418,209,0,0.77919,1.20590,0.15230,0.05160,1280000,-1.00000,837357417308,0.00000
419,209,0,2.12740,0.00000,0.00000,0.02830,0,-1.00000,837357441771,0.00000
420,210,0,0.65610,1.23060,0.10620,0.03250,1280000,-1.00000,837357448751,0.00000
421,210,0,2.01590,0.00000,0.00000,0.02170,0,-1.00000,837357469707,0.00000
422,211,0,0.58570,1.46270,0.14200,0.06840,1280000,-1.00000,837357477492,0.00000
423,211,0,2.59580,0.00000,0.00000,0.03280,0,-1.00000,837357498766,0.00000
424,212,0,0.55250,1.85670,0.16450,0.04110,1280000,-1.00000,837357505306,0.00000
425,212,0,3.24710,0.00000,0.00000,0.05180,0,-1.00000,837357525455,0.00000
426,213,0,0.96030,1.26560,0.14130,0.03700,1280000,-1.00000,837357531307,0.00000
427,213,0,2.13020,0.00000,0.00000,0.02610,0,-1.00000,837357557328,0.00000
428,214,0,0.47810,1.18080,0.15940,0.03700,1280000,-1.00000,837357562791,0.00000
429,214,0,2.24481,0.00000,0.00000,0.03600,0,-1.00000,837357595312,0.00000
430,215,0,0.71880,1.21040,0.11250,0.03220,1280000,-1.00000,837357604889,0.00000
431,215,0,1.94520,0.00000,0.00000,0.02240,0,-1.00000,837357626176,0.00000
432,216,0,0.46200,1.30850,0.10400,0.02560,1280000,-1.00000,837357630947,0.00000
433,216,0,1.96170,0.00000,0.00000,0.02120,0,-1.00000,837357653456,0.00000
434,217,0,0.43370,1.86510,0.14610,0.06560,1280000,-1.00000,837357660736,0.00000
435,217,0,2.85360,0.00000,0.00000,0.02600,0,-1.00000,837357680040,0.00000
436,218,0,0.54259,1.21080,0.11040,0.02740,1280000,-1.00000,837357684657,0.00000
437,218,0,1.90820,0.00000,0.00000,0.02060,0,-1.00000,837357704273,0.00000
438,219,0,0.44790,1.77940,0.12970,0.05560,1280000,-1.00000,837357708613,0.00000
439,219,0,2.71190,0.00000,0.00000,0.02820,0,-1.00000,837357737189,0.00000
440,220,0,0.47670,1.21900,0.21860,0.03060,1280000,-1.00000,837357742570,0.00000
441,220,0,2.28910,0.00000,0.00000,0.02760,0,-1.00000,837357761657,0.00000
442,221,0,0.54260,1.16860,0.25530,0.05780,1280000,-1.00000,837357766136,0.00000
443,221,0,2.25810,0.00000,0.00000,0.02520,0,-1.00000,837357793285,0.00000
444,222,0,0.53490,1.21920,0.10010,0.03080,1280000,-1.00000,837357798016,0.00000
445,222,0,1.91320,0.00000,0.00000,0.02470,0,-1.00000,837357820955,0.00000
446,223,0,0.45650,1.74760,0.13430,0.02940,1280000,-1.00000,837357826338,0.00000
447,223,0,2.54190,0.00000,0.00000,0.02650,0,-1.00000,837357848950,0.00000
448,224,0,0.46030,1.21120,0.14660,0.02880,1280000,-1.00000,837357854272,0.00000
449,224,0,2.07550,0.00000,0.00000,0.02640,0,-1.00000,837357873409,0.00000
450,225,0,0.49150,1.19960,0.09820,0.02420,1280000,-1.00000,837357877959,0.00000
451,225,0,1.86270,0.00000,0.00000,0.03320,0,-1.00000,837357903398,0.00000
452,226,0,0.60130,1.90560,0.10550,0.05320,1280000,-1.00000,837357907990,0.00000
453,226,0,2.87600,0.00000,0.00000,0.02280,0,-1.00000,837357928801,0.00000
454,227,0,0.50120,1.78740,0.15930,0.04250,1280000,-1.00000,837357933659,0.00000
455,227,0,2.73950,0.00000,0.00000,0.03340,0,-1.00000,837357952293,0.00000
456,228,0,0.63830,1.26000,0.12180,0.03400,1280000,-1.00000,837357958327,0.00000
457,228,0,2.14560,0.00000,0.00000,0.02770,0,-1.00000,837357987097,0.00000
458,229,0,0.55440,1.33880,0.11560,0.04150,1280000,-1.00000,837357992077,0.00000
459,229,0,2.34530,0.00000,0.00000,0.03840,0,-1.00000,837358019535,0.00000
460,230,0,0.61550,1.83740,0.11260,0.03660,1280000,-1.00000,837358025860,0.00000
461,230,0,2.70660,0.00000,0.00000,0.02680,0,-1.00000,837358047338,0.00000
462,231,0,0.54481,1.18480,0.14840,0.02400,1280000,-1.00000,837358052854,0.00000
463,231,0,1.85420,0.00000,0.00000,0.03050,0,-1.00000,837358076364,0.00000
464,232,0,0.59510,1.23230,0.13420,0.03830,1280000,-1.00000,837358082465,0.00000
465,232,0,2.11500,0.00000,0.00000,0.02360,0,-1.00000,837358109544,0.00000
466,233,0,0.42659,1.24890,0.20340,0.02390,1280000,-1.00000,837358114966,0.00000
467,233,0,2.14870,0.00000,0.00000,0.02440,0,-1.00000,837358133527,0.00000
468,234,0,0.47510,1.15380,0.15090,0.03760,1280000,-1.00000,837358139469,0.00000
469,234,0,2.07380,0.00000,0.00000,0.02750,0,-1.00000,837358160621,0.00000
470,235,0,0.58120,1.34430,0.12700,0.03510,1280000,-1.00000,837358164873,0.00000
471,235,0,2.15640,0.00000,0.00000,0.02240,0,-1.00000,837358186383,0.00000
472,236,0,0.46170,1.17460,0.12600,0.03480,1280000,-1.00000,837358191120,0.00000
473,236,0,2.07370,0.00000,0.00000,0.03080,0,-1.00000,837358211889,0.00000
474,237,0,0.66100,1.24350,0.14350,0.05570,1280000,-1.00000,837358217659,0.00000
475,237,0,2.25990,0.00000,0.00000,0.02170,0,-1.00000,837358239244,0.00000
476,238,0,0.44220,1.18530,0.11710,0.02740,1280000,-1.00000,837358243848,0.00000
477,238,0,2.28940,0.00000,0.00000,0.02580,0,-1.00000,837358264640,0.00000
478,239,0,0.52770,1.17330,0.11450,0.03410,1280000,-1.00000,837358271194,0.00000
479,239,0,1.91780,0.00000,0.00000,0.02230,0,-1.00000,837358293814,0.00000
480,240,0,0.42770,1.19540,0.10280,0.02480,1280000,-1.00000,837358298207,0.00000
481,240,0,1.79590,0.00000,0.00000,0.01890,0,-1.00000,837358321135,0.00000
482,241,0,0.38360,1.12930,0.16140,0.03620,1280000,-1.00000,837358326394,0.00000
483,241,0,2.36260,0.00000,0.00000,0.02210,0,-1.00000,837358345588,0.00000
484,242,0,0.43600,1.18380,0.11640,0.02320,1280000,-1.00000,837358349843,0.00000
485,242,0,1.77970,0.00000,0.00000,0.01880,0,-1.00000,837358367797,0.00000
486,243,0,0.39000,1.14570,0.12090,0.03180,1280000,-1.00000,837358371635,0.00000
487,243,0,1.96930,0.00000,0.00000,0.03530,0,-1.00000,837358395282,0.00000
488,244,0,0.73400,1.92940,0.14420,0.04440,1280000,-1.00000,837358399621,0.00000
489,244,0,2.78550,0.00000,0.00000,0.02750,0,-1.00000,837358417417,0.00000
490,245,0,0.47610,1.13040,0.10420,0.02150,1280000,-1.00000,837358421312,0.00000
491,245,0,1.85030,0.00000,0.00000,0.02330,0,-1.00000,837358441064,0.00000
492,246,0,0.55030,1.29200,0.21620,0.04260,1280000,-1.00000,837358448362,0.00000
493,246,0,2.31280,0.00000,0.00000,0.02910,0,-1.00000,837358476231,0.00000
494,247,0,0.59460,1.72680,0.11360,0.02770,1280000,-1.00000,837358480966,0.00000
495,247,0,2.41780,0.00000,0.00000,0.02520,0,-1.00000,837358499476,0.00000
496,248,0,0.54841,1.94990,0.12660,0.04610,1280000,-1.00000,837358504994,0.00000
497,248,0,3.02950,0.00000,0.00000,0.02980,0,-1.00000,837358528134,0.00000
498,249,0,0.61100,1.38150,0.10780,0.03380,1280000,-1.00000,837358534050,0.00000
499,249,0,2.32370,0.00000,0.00000,0.02980,0,-1.00000,837358558238,0.00000
500,250,0,0.65021,1.34310,0.14710,0.04150,1280000,-1.00000,837358563729,0.00000
501,250,0,2.52000,0.00000,0.00000,0.02750,0,-1.00000,837358594045,0.00000
502,251,0,0.54160,1.15760,0.13320,0.02400,1280000,-1.00000,837358600115,0.00000
503,251,0,1.79300,0.00000,0.00000,0.02350,0,-1.00000,837358623395,0.00000
504,252,0,0.49880,1.40830,0.13390,0.04680,1280000,-1.00000,837358629867,0.00000
505,252,0,2.45310,0.00000,0.00000,0.03240,0,-1.00000,837358655098,0.00000
506,253,0,0.58090,1.14540,0.12250,0.02850,1280000,-1.00000,837358660473,0.00000
507,253,0,1.82630,0.00000,0.00000,0.02460,0,-1.00000,837358678409,0.00000
508,254,0,0.44550,1.44980,0.14620,0.05060,1280000,-1.00000,837358683396,0.00000
509,254,0,2.42200,0.00000,0.00000,0.02390,0,-1.00000,837358707980,0.00000
510,255,0,0.50900,1.14870,0.11030,0.02300,1280000,-1.00000,837358713729,0.00000
511,255,0,2.12700,0.00000,0.00000,0.02030,0,-1.00000,837358731991,0.00000
512,256,0,0.45830,1.79150,0.11490,0.08150,1280000,-1.00000,837358736442,0.00000
513,256,0,2.65640,0.00000,0.00000,0.02310,0,-1.00000,837358760696,0.00000
514,257,0,0.62760,1.18760,0.11120,0.02370,1280000,-1.00000,837358765758,0.00000
515,257,0,1.78620,0.00000,0.00000,0.02380,0,-1.00000,837358787022,0.00000
516,258,0,0.40470,1.13720,0.10410,0.02400,1280000,-1.00000,837358791617,0.00000
517,258,0,2.05970,0.00000,0.00000,0.02500,0,-1.00000,837358818221,0.00000
518,259,0,0.54640,1.40210,0.11110,0.06530,1280000,-1.00000,837358824450,0.00000
519,259,0,2.28040,0.00000,0.00000,0.02860,0,-1.00000,837358842312,0.00000
520,260,0,0.57280,1.83160,0.19930,0.02490,1280000,-1.00000,837358846354,0.00000
521,260,0,2.58440,0.00000,0.00000,0.02500,0,-1.00000,837358866975,0.00000
522,261,0,0.60570,1.36320,0.14490,0.06840,1280000,-1.00000,837358872426,0.00000
523,261,0,2.34401,0.00000,0.00000,0.02970,0,-1.00000,837358895240,0.00000
524,262,0,0.58279,1.17080,0.11210,0.02350,1280000,-1.00000,837358900948,0.00000
525,262,0,1.79090,0.00000,0.00000,0.01900,0,-1.00000,837358926801,0.00000
526,263,0,0.43010,1.96930,0.20200,0.04350,1280000,-1.00000,837358932864,0.00000
527,263,0,2.99010,0.00000,0.00000,0.02590,0,-1.00000,837358956341,0.00000
528,264,0,0.52630,1.18380,0.10970,0.02510,1280000,-1.00000,837358962116,0.00000
529,264,0,1.79100,0.00000,0.00000,0.02140,0,-1.00000,837358980023,0.00000
530,265,0,0.47590,1.22750,0.15640,0.05650,1280000,-1.00000,837358984337,0.00000
531,265,0,2.40651,0.00000,0.00000,0.03100,0,-1.00000,837359014257,0.00000
532,266,0,0.54380,1.15760,0.11930,0.02480,1280000,-1.00000,837359019488,0.00000
533,266,0,1.77029,0.00000,0.00000,0.02290,0,-1.00000,837359037400,0.00000
534,267,0,0.41901,1.13500,0.13960,0.02610,1280000,-1.00000,837359042161,0.00000
535,267,0,1.84300,0.00000,0.00000,0.02670,0,-1.00000,837359066272,0.00000
536,268,0,0.49200,1.25210,0.14020,0.05560,1280000,-1.00000,837359071671,0.00000
537,268,0,2.15410,0.00000,0.00000,0.02810,0,-1.00000,837359089371,0.00000
538,269,0,0.54520,1.18190,0.11650,0.02260,1280000,-1.00000,837359093561,0.00000
539,269,0,1.83050,0.00000,0.00000,0.02400,0,-1.00000,837359112009,0.00000
540,270,0,0.46630,1.88920,0.18360,0.04190,1280000,-1.00000,837359116912,0.00000
541,270,0,2.80610,0.00000,0.00000,0.02330,0,-1.00000,837359138474,0.00000
542,271,0,0.46541,1.18180,0.10660,0.02090,1280000,-1.00000,837359143905,0.00000
543,271,0,1.76040,0.00000,0.00000,0.02420,0,-1.00000,837359162205,0.00000
544,272,0,0.47850,1.95700,0.15080,0.03950,1280000,-1.00000,837359166868,0.00000
545,272,0,2.74270,0.00000,0.00000,0.01980,0,-1.00000,837359194962,0.00000
546,273,0,0.43090,1.15390,0.09520,0.02380,1280000,-1.00000,837359199579,0.00000
547,273,0,1.72749,0.00000,0.00000,0.01900,0,-1.00000,837359217193,0.00000
548,274,0,0.37770,1.13000,0.11930,0.02190,1280000,-1.00000,837359221970,0.00000
549,274,0,1.78861,0.00000,0.00000,0.02610,0,-1.00000,837359249423,0.00000
550,275,0,0.53379,1.18890,0.11400,0.03940,1280000,-1.00000,837359253708,0.00000
551,275,0,1.99450,0.00000,0.00000,0.02480,0,-1.00000,837359270977,0.00000
552,276,0,0.45220,1.72050,0.10380,0.02140,1280000,-1.00000,837359274756,0.00000
553,276,0,2.31049,0.00000,0.00000,0.02210,0,-1.00000,837359292665,0.00000
554,277,0,0.51171,2.00950,0.15020,0.06160,1280000,-1.00000,837359297989,0.00000
555,277,0,3.26780,0.00000,0.00000,0.03160,0,-1.00000,837359317941,0.00000
556,278,0,0.65010,1.15590,0.12370,0.02250,1280000,-1.00000,837359322452,0.00000
557,278,0,1.92270,0.00000,0.00000,0.02610,0,-1.00000,837359345566,0.00000
558,279,0,0.48630,1.40980,0.10710,0.03150,1280000,-1.00000,837359350679,0.00000
559,279,0,2.15069,0.00000,0.00000,0.02570,0,-1.00000,837359383397,0.00000
560,280,0,0.57961,1.14700,0.11920,0.02180,1280000,-1.00000,837359389849,0.00000
561,280,0,1.77440,0.00000,0.00000,0.01920,0,-1.00000,837359409138,0.00000
562,281,0,0.39860,1.76510,0.11220,0.04470,1280000,-1.00000,837359413940,0.00000
563,281,0,2.56740,0.00000,0.00000,0.02810,0,-1.00000,837359435482,0.00000
564,282,0,0.50080,1.18070,0.10500,0.02390,1280000,-1.00000,837359441248,0.00000
565,282,0,1.80390,0.00000,0.00000,0.01940,0,-1.00000,837359458986,0.00000
566,283,0,0.38760,1.14460,0.13110,0.02440,1280000,-1.00000,837359462977,0.00000
567,283,0,1.92030,0.00000,0.00000,0.03970,0,-1.00000,837359488688,0.00000
568,284,0,0.65420,1.95920,0.14640,0.04260,1280000,-1.00000,837359493655,0.00000
569,284,0,2.75830,0.00000,0.00000,0.02090,0,-1.00000,837359511694,0.00000
570,285,0,0.45410,1.12210,0.09700,0.02010,1280000,-1.00000,837359515568,0.00000
571,285,0,1.80339,0.00000,0.00000,0.03350,0,-1.00000,837359534820,0.00000
572,286,0,0.59960,1.81460,0.18520,0.03700,1280000,-1.00000,837359541328,0.00000
573,286,0,2.66470,0.00000,0.00000,0.02480,0,-1.00000,837359568912,0.00000
574,287,0,0.52691,1.21150,0.08930,0.02230,1280000,-1.00000,837359573438,0.00000
575,287,0,1.77839,0.00000,0.00000,0.02110,0,-1.00000,837359591492,0.00000
576,288,0,0.44280,1.24740,0.10760,0.03570,1280000,-1.00000,837359597478,0.00000
577,288,0,2.16310,0.00000,0.00000,0.02310,0,-1.00000,837359624136,0.00000
578,289,0,0.48230,1.17290,0.10850,0.02190,1280000,-1.00000,837359629385,0.00000
579,289,0,1.74360,0.00000,0.00000,0.01810,0,-1.00000,837359647171,0.00000
580,290,0,0.37960,1.72560,0.13710,0.03360,1280000,-1.00000,837359651597,0.00000
581,290,0,2.72580,0.00000,0.00000,0.09660,0,-1.00000,837359673267,0.00000
582,291,0,0.55400,1.13210,0.14410,0.03020,1280000,-1.00000,837359678059,0.00000
583,291,0,1.79850,0.00000,0.00000,0.02410,0,-1.00000,837359695486,0.00000
584,292,0,0.46390,1.14800,0.11950,0.02090,1280000,-1.00000,837359699280,0.00000
585,292,0,1.82810,0.00000,0.00000,0.02410,0,-1.00000,837359726584,0.00000
586,293,0,0.47560,1.88500,0.11530,0.03630,1280000,-1.00000,837359732090,0.00000
587,293,0,2.64009,0.00000,0.00000,0.02320,0,-1.00000,837359750071,0.00000
588,294,0,0.44280,1.67630,0.13590,0.02520,1280000,-1.00000,837359754703,0.00000
589,294,0,2.61340,0.00000,0.00000,0.03830,0,-1.00000,837359773003,0.00000
590,295,0,0.77920,1.40180,0.14750,0.06380,1280000,-1.00000,837359777748,0.00000
591,295,0,2.47020,0.00000,0.00000,0.02760,0,-1.00000,837359804156,0.00000
592,296,0,0.49720,1.18070,0.09810,0.02230,1280000,-1.00000,837359808572,0.00000
593,296,0,1.80560,0.00000,0.00000,0.05330,0,-1.00000,837359834732,0.00000
594,297,0,0.47040,2.11400,0.23180,0.05060,1280000,-1.00000,837359842523,0.00000
595,297,0,3.13340,0.00000,0.00000,0.02190,0,-1.00000,837359867231,0.00000
596,298,0,0.45990,1.18460,0.14630,0.02250,1280000,-1.00000,837359872176,0.00000
597,298,0,1.80930,0.00000,0.00000,0.02010,0,-1.00000,837359890229,0.00000
598,299,0,0.45480,1.50110,0.13780,0.21640,1280000,-1.00000,837359894930,0.00000
599,299,0,2.69100,0.00000,0.00000,0.02510,0,-1.00000,837359926289,0.00000
600,300,0,0.49230,1.17000,0.10900,0.03270,1280000,-1.00000,837359930865,0.00000
601,300,0,1.80690,0.00000,0.00000,0.01970,0,-1.00000,837359948956,0.00000
602,301,0,0.39310,1.10470,0.13430,0.03580,1280000,-1.00000,837359953509,0.00000
603,301,0,2.10400,0.00000,0.00000,0.02970,0,-1.00000,837359980453,0.00000
604,302,0,0.57280,1.63420,0.17110,0.02490,1280000,-1.00000,837359985347,0.00000
605,302,0,2.36181,0.00000,0.00000,0.02170,0,-1.00000,837360003404,0.00000
606,303,0,0.43510,1.10220,0.12190,0.02420,1280000,-1.00000,837360007337,0.00000
607,303,0,1.74370,0.00000,0.00000,0.02140,0,-1.00000,837360028430,0.00000
608,304,0,0.43920,1.30700,0.09940,0.03400,1280000,-1.00000,837360034109,0.00000
609,304,0,1.99600,0.00000,0.00000,0.02030,0,-1.00000,837360057733,0.00000
610,305,0,0.39980,1.11350,0.17870,0.02390,1280000,-1.00000,837360062072,0.00000
611,305,0,1.73470,0.00000,0.00000,0.02050,0,-1.00000,837360079522,0.00000
612,306,0,0.42200,2.27480,0.17490,0.09220,1280000,-1.00000,837360083909,0.00000
613,306,0,3.89810,0.00000,0.00000,0.04920,0,-1.00000,837360103884,0.00000
614,307,0,0.83810,1.17440,0.10780,0.02650,1280000,-1.00000,837360107861,0.00000
615,307,0,1.84660,0.00000,0.00000,0.02380,0,-1.00000,837360125207,0.00000
616,308,0,0.52520,1.57700,0.12080,0.04500,1280000,-1.00000,837360129445,0.00000
617,308,0,2.50281,0.00000,0.00000,0.02670,0,-1.00000,837360168484,0.00000
618,309,0,0.57479,1.16400,0.09520,0.02080,1280000,-1.00000,837360176857,0.00000
619,309,0,1.78330,0.00000,0.00000,0.02390,0,-1.00000,837360195258,0.00000
620,310,0,0.40770,1.91300,0.15740,0.05950,1280000,-1.00000,837360200551,0.00000
621,310,0,2.92780,0.00000,0.00000,0.02660,0,-1.00000,837360225570,0.00000
622,311,0,0.50070,1.10400,0.09130,0.02310,1280000,-1.00000,837360231284,0.00000
623,311,0,1.68230,0.00000,0.00000,0.02290,0,-1.00000,837360249120,0.00000
624,312,0,0.42770,1.69550,0.11070,0.04550,1280000,-1.00000,837360253202,0.00000
625,312,0,2.53490,0.00000,0.00000,0.02640,0,-1.00000,837360282513,0.00000
626,313,0,0.62320,1.10610,0.13290,0.02380,1280000,-1.00000,837360287492,0.00000
627,313,0,1.75060,0.00000,0.00000,0.01870,0,-1.00000,837360304305,0.00000
628,314,0,0.39700,1.19760,0.12450,0.02710,1280000,-1.00000,837360308581,0.00000
629,314,0,1.88210,0.00000,0.00000,0.05830,0,-1.00000,837360333973,0.00000
630,315,0,0.89860,1.44810,0.16700,0.06480,1280000,-1.00000,837360340170,0.00000
631,315,0,2.49110,0.00000,0.00000,0.02310,0,-1.00000,837360357666,0.00000
632,316,0,0.45880,1.11980,0.12140,0.02350,1280000,-1.00000,837360361637,0.00000
633,316,0,1.73710,0.00000,0.00000,0.02170,0,-1.00000,837360380479,0.00000
634,317,0,0.38810,1.35450,0.11850,0.04860,1280000,-1.00000,837360389487,0.00000
635,317,0,2.31350,0.00000,0.00000,0.02470,0,-1.00000,837360414380,0.00000
636,318,0,0.49370,1.13550,0.13730,0.02410,1280000,-1.00000,837360418948,0.00000
637,318,0,1.79360,0.00000,0.00000,0.02150,0,-1.00000,837360436322,0.00000
638,319,0,0.44870,1.38860,0.15970,0.05210,1280000,-1.00000,837360440193,0.00000
639,319,0,2.41440,0.00000,0.00000,0.02940,0,-1.00000,837360463363,0.00000
640,320,0,0.59970,1.13040,0.32490,0.08440,1280000,-1.00000,837360468272,0.00000
641,320,0,2.18980,0.00000,0.00000,0.02760,0,-1.00000,837360486207,0.00000
642,321,0,0.46620,1.15310,0.14610,0.03030,1280000,-1.00000,837360490694,0.00000
643,321,0,1.97510,0.00000,0.00000,0.02670,0,-1.00000,837360514880,0.00000
644,322,0,0.46860,1.82470,0.11650,0.02830,1280000,-1.00000,837360520842,0.00000
645,322,0,2.49140,0.00000,0.00000,0.02030,0,-1.00000,837360542761,0.00000
646,323,0,0.39430,1.68420,0.13040,0.02760,1280000,-1.00000,837360547394,0.00000
647,323,0,2.40780,0.00000,0.00000,0.04500,0,-1.00000,837360567167,0.00000
648,324,0,0.95560,1.78670,0.13420,0.03680,1280000,-1.00000,837360571836,0.00000
649,324,0,2.63650,0.00000,0.00000,0.01990,0,-1.00000,837360596746,0.00000
650,325,0,0.46010,1.13330,0.11700,0.02350,1280000,-1.00000,837360600682,0.00000
651,325,0,1.77720,0.00000,0.00000,0.02050,0,-1.00000,837360624787,0.00000
652,326,0,0.45470,2.01980,0.12280,0.06300,1280000,-1.00000,837360634338,0.00000
653,326,0,3.13670,0.00000,0.00000,0.02870,0,-1.00000,837360660701,0.00000
654,327,0,0.49670,1.13470,0.10060,0.02210,1280000,-1.00000,837360665284,0.00000
655,327,0,1.79831,0.00000,0.00000,0.02200,0,-1.00000,837360683180,0.00000
656,328,0,0.45270,2.30000,0.15480,0.04800,1280000,-1.00000,837360687601,0.00000
657,328,0,3.22010,0.00000,0.00000,0.02680,0,-1.00000,837360719017,0.00000
658,329,0,0.53450,1.70250,0.11880,0.02220,1280000,-1.00000,837360723940,0.00000
659,329,0,2.43189,0.00000,0.00000,0.02470,0,-1.00000,837360741927,0.00000
660,330,0,0.60021,1.88890,0.11850,0.03760,1280000,-1.00000,837360746447,0.00000
661,330,0,2.63490,0.00000,0.00000,0.02060,0,-1.00000,837360778687,0.00000
662,331,0,0.48890,1.08090,0.10750,0.02440,1280000,-1.00000,837360783993,0.00000
663,331,0,1.73990,0.00000,0.00000,0.02340,0,-1.00000,837360808335,0.00000
664,332,0,0.48610,1.91720,0.21240,0.04940,1280000,-1.00000,837360814337,0.00000
665,332,0,2.94201,0.00000,0.00000,0.02210,0,-1.00000,837360840681,0.00000
666,333,0,0.46490,1.08850,0.10490,0.01960,1280000,-1.00000,837360845552,0.00000
667,333,0,1.72720,0.00000,0.00000,0.01810,0,-1.00000,837360862960,0.00000
668,334,0,0.65740,1.50660,0.13100,0.04560,1280000,-1.00000,837360867816,0.00000
669,334,0,2.48890,0.00000,0.00000,0.02550,0,-1.00000,837360897264,0.00000
670,335,0,0.49709,1.12940,0.10750,0.02110,1280000,-1.00000,837360901882,0.00000
671,335,0,1.69480,0.00000,0.00000,0.01800,0,-1.00000,837360919156,0.00000
672,336,0,0.35620,1.10840,0.13600,0.02660,1280000,-1.00000,837360925769,0.00000
673,336,0,1.86570,0.00000,0.00000,0.03410,0,-1.00000,837360950673,0.00000
674,337,0,0.79620,1.16150,0.10130,0.02120,1280000,-1.00000,837360955597,0.00000
675,337,0,1.77870,0.00000,0.00000,0.02170,0,-1.00000,837360972536,0.00000
676,338,0,0.38200,1.13540,0.09940,0.01960,1280000,-1.00000,837360976098,0.00000
677,338,0,1.76240,0.00000,0.00000,0.02370,0,-1.00000,837360994795,0.00000
678,339,0,0.45390,1.57240,0.13620,0.04250,1280000,-1.00000,837361002721,0.00000
679,339,0,2.39940,0.00000,0.00000,0.02100,0,-1.00000,837361020502,0.00000
680,340,0,0.46640,1.20430,0.10490,0.02830,1280000,-1.00000,837361024320,0.00000
681,340,0,1.85760,0.00000,0.00000,0.02160,0,-1.00000,837361041954,0.00000
682,341,0,0.43540,1.67760,0.12750,0.08240,1280000,-1.00000,837361046482,0.00000
683,341,0,2.75830,0.00000,0.00000,0.02380,0,-1.00000,837361070505,0.00000
684,342,0,0.48800,1.12470,0.11290,0.02960,1280000,-1.00000,837361075153,0.00000
685,342,0,1.75779,0.00000,0.00000,0.02390,0,-1.00000,837361093731,0.00000
686,343,0,0.44780,1.67880,0.13950,0.03770,1280000,-1.00000,837361098072,0.00000
687,343,0,2.41690,0.00000,0.00000,0.02450,0,-1.00000,837361125698,0.00000
688,344,0,0.46900,1.08960,0.11480,0.03040,1280000,-1.00000,837361130545,0.00000
689,344,0,1.75940,0.00000,0.00000,0.02240,0,-1.00000,837361148122,0.00000
690,345,0,0.40599,1.08180,0.11890,0.02030,1280000,-1.00000,837361152597,0.00000
691,345,0,1.65821,0.00000,0.00000,0.01870,0,-1.00000,837361176784,0.00000
692,346,0,0.37180,1.67680,0.11420,0.03900,1280000,-1.00000,837361181454,0.00000
693,346,0,2.49030,0.00000,0.00000,0.02160,0,-1.00000,837361199052,0.00000
694,347,0,0.44050,1.11050,0.09280,0.01970,1280000,-1.00000,837361203104,0.00000
695,347,0,1.65940,0.00000,0.00000,0.01810,0,-1.00000,837361219686,0.00000
696,348,0,0.36550,1.12780,0.11880,0.02400,1280000,-1.00000,837361223409,0.00000
697,348,0,1.79460,0.00000,0.00000,0.04200,0,-1.00000,837361248334,0.00000
698,349,0,0.89160,1.34440,0.11580,0.04040,1280000,-1.00000,837361252723,0.00000
699,349,0,2.20850,0.00000,0.00000,0.02200,0,-1.00000,837361269308,0.00000
700,350,0,0.42770,1.13680,0.11670,0.02060,1280000,-1.00000,837361272961,0.00000
701,350,0,1.71240,0.00000,0.00000,0.01880,0,-1.00000,837361290948,0.00000
702,351,0,0.46680,1.56680,0.13520,0.04720,1280000,-1.00000,837361299855,0.00000
703,351,0,2.49640,0.00000,0.00000,0.02350,0,-1.00000,837361321937,0.00000
704,352,0,0.48450,1.13370,0.10200,0.02050,1280000,-1.00000,837361326188,0.00000
705,352,0,1.70010,0.00000,0.00000,0.02380,0,-1.00000,837361343310,0.00000
706,353,0,0.43370,1.07460,0.15870,0.03710,1280000,-1.00000,837361347991,0.00000
707,353,0,2.09979,0.00000,0.00000,0.04650,0,-1.00000,837361372992,0.00000
708,354,0,0.73270,1.23970,0.14150,0.02300,1280000,-1.00000,837361377791,0.00000
709,354,0,1.90850,0.00000,0.00000,0.01980,0,-1.00000,837361394790,0.00000
710,355,0,0.47710,1.31800,0.16220,0.02220,1280000,-1.00000,837361399126,0.00000
711,355,0,2.05520,0.00000,0.00000,0.03220,0,-1.00000,837361420193,0.00000
712,356,0,0.75890,1.42340,0.12720,0.02780,1280000,-1.00000,837361427456,0.00000
713,356,0,2.18830,0.00000,0.00000,0.02030,0,-1.00000,837361446537,0.00000
714,357,0,0.42299,1.11250,0.10900,0.02490,1280000,-1.00000,837361451318,0.00000
715,357,0,1.71981,0.00000,0.00000,0.02070,0,-1.00000,837361471876,0.00000
716,358,0,0.39189,1.14550,0.90070,0.05120,1280000,-1.00000,837361479477,0.00000
717,358,0,3.98660,0.00000,0.00000,0.02580,0,-1.00000,837361501351,0.00000
718,359,0,0.52680,1.19820,0.10270,0.02280,1280000,-1.00000,837361505561,0.00000
719,359,0,1.89340,0.00000,0.00000,0.03120,0,-1.00000,837361522758,0.00000
720,360,0,0.52770,1.49130,0.10530,0.04550,1280000,-1.00000,837361526687,0.00000
