axis,wall,lane,level,plane,along,crossings,unique_agents
X,0,0,lower,-16,-30,61,61
X,0,0,upper,-16,-30,164,164
X,0,1,lower,-16,0,213,213
X,0,1,upper,-16,0,231,231
X,0,2,lower,-16,30,147,147
X,0,2,upper,-16,30,68,68
X,1,0,lower,16,-30,119,119
X,1,0,upper,16,-30,111,111
X,1,1,lower,16,0,319,317
X,1,1,upper,16,0,119,119
X,1,2,lower,16,30,59,59
X,1,2,upper,16,30,159,159
Z,0,0,lower,-16,-30,109,109
Z,0,0,upper,-16,-30,115,115
Z,0,1,lower,-16,0,313,311
Z,0,1,upper,-16,0,125,125
Z,0,2,lower,-16,30,64,64
Z,0,2,upper,-16,30,145,145
Z,1,0,lower,16,-30,147,147
Z,1,0,upper,16,-30,52,52
Z,1,1,lower,16,0,125,125
Z,1,1,upper,16,0,328,328
Z,1,2,lower,16,30,102,102
Z,1,2,upper,16,30,96,96
