agent,start_x,start_y,start_z,goal_x,goal_y,goal_z,direct_clear
0,-43.25,-25.25,-23.25,4.75,-16.75,-32.25,False
1,-9.75,-24.25,-34.75,22.75,-13.25,-39.75,False
2,30.25,-18.75,-34.75,-24.75,-15.75,8.75,False
3,-33.25,-20.75,-8.25,0.75,-12.75,6.25,True
4,-9.25,-19.25,-3.25,34.25,-22.75,-0.25,True
5,25.25,-17.25,6.75,-24.75,-25.25,42.25,False
6,-23.25,-17.25,36.75,-1.25,-18.25,36.25,False
7,2.75,-21.25,34.75,30.75,-12.75,22.75,False
8,21.25,-23.75,32.75,-32.25,19.75,-33.75,False
9,-26.25,13.25,-30.25,-8.75,12.25,-27.75,True
10,5.25,23.25,-31.75,32.25,25.25,-26.25,True
11,32.25,23.75,-38.25,-41.25,22.75,-10.75,False
12,-40.75,15.75,-1.25,2.25,21.75,6.25,True
13,1.75,13.75,-7.75,32.75,14.25,7.25,False
14,23.75,21.25,-1.75,-35.75,24.25,37.25,False
15,-31.75,22.25,38.75,-0.75,26.25,34.75,False
16,-3.25,21.75,37.75,40.25,19.75,26.25,True
17,37.25,22.25,21.25,-27.75,-15.75,-27.25,False
18,-26.25,-20.75,-39.25,32.75,-17.75,-31.25,False
19,9.25,-19.75,-32.75,-31.25,-15.75,0.75,False
20,33.75,-12.75,-38.25,-10.25,-13.25,-10.75,False
21,-33.25,-24.75,-8.25,30.25,-14.25,3.25,False
22,-11.25,-14.25,6.75,-24.75,-16.75,31.25,False
23,32.25,-24.75,3.25,4.25,-25.25,42.25,False
24,-37.25,-20.25,29.25,35.25,-24.75,21.25,False
25,-10.75,-21.75,28.75,-23.75,20.75,-37.75,False
26,24.25,-22.75,35.25,-6.75,23.25,-34.75,False
27,-28.25,17.25,-37.75,24.75,23.75,-38.25,False
28,1.75,19.75,-38.75,-41.75,11.75,1.25,False
29,30.25,12.75,-22.75,5.75,13.25,-10.75,False
30,-40.75,16.25,-7.75,39.75,19.75,3.75,False
31,-1.75,12.75,4.75,-28.75,23.25,39.75,False
32,22.75,14.75,7.75,-8.25,19.25,24.25,False
33,-33.75,23.75,34.25,38.25,15.25,30.75,True
34,2.75,26.25,36.25,-23.25,-25.25,-31.75,False
35,37.25,17.25,41.75,1.25,-23.25,-23.25,False
36,-32.25,-24.25,-32.75,-37.75,-22.75,-4.75,False
37,-0.75,-17.75,-26.25,3.25,-25.25,7.25,True
38,34.25,-12.25,-28.25,37.25,-20.75,-6.25,False
39,-27.75,-19.25,-8.75,-38.25,-17.25,23.25,False
40,2.25,-22.75,-6.75,3.75,-15.75,31.25,False
41,39.75,-15.75,-2.25,21.75,-12.75,37.25,True
42,-42.25,-23.25,23.75,-35.25,23.25,-29.25,False
43,8.25,-22.25,42.75,8.75,24.75,-30.75,False
44,36.25,-18.25,23.25,41.75,14.25,-38.75,False
45,-42.75,13.25,-40.75,-23.75,22.75,-9.75,False
46,-4.75,12.75,-24.75,2.75,25.75,-2.75,False
47,36.75,18.25,-41.75,21.25,12.25,-7.25,False
48,-28.25,13.25,-5.25,-32.25,21.25,23.75,False
49,-4.75,13.25,4.25,4.25,26.75,25.25,True
50,38.25,16.75,-2.75,38.25,12.75,33.25,False
51,-39.75,17.75,35.25,-41.25,-17.25,-32.25,False
52,-3.25,20.75,27.75,1.75,-13.25,-22.75,False
53,26.25,23.75,36.25,30.75,-21.75,-31.25,False
54,-36.25,-13.75,-29.75,-9.25,-11.75,0.25,False
55,-7.75,-18.25,-22.75,33.75,-22.25,-8.25,False
56,40.25,-26.75,-28.75,-24.75,-11.75,35.75,False
57,-26.25,-21.25,7.25,-1.25,-16.25,37.75,False
58,10.25,-18.25,1.75,28.75,-15.25,28.75,False
59,38.75,-21.75,-10.75,-28.75,22.25,-39.25,False
60,-36.75,-24.25,37.75,5.75,16.25,-39.25,False
61,7.75,-20.25,41.75,41.25,16.25,-28.25,False
62,22.25,-17.25,32.25,-38.75,23.75,-7.75,False
63,-36.75,16.25,-42.75,-9.75,16.75,3.75,False
64,-1.25,23.25,-25.25,30.75,23.75,-10.75,False
65,39.25,12.75,-23.25,-24.75,23.75,27.75,False
66,-28.75,11.75,8.75,-10.75,17.25,30.75,False
67,-2.25,21.75,-9.25,25.75,26.75,26.25,False
68,37.75,13.25,4.75,-27.75,-23.75,-32.75,False
69,-32.25,23.75,31.75,2.75,-13.75,-30.75,False
70,-6.25,16.25,38.25,33.25,-15.25,-32.25,False
71,33.75,11.75,40.25,-33.25,-13.75,-3.25,False
72,-27.25,-16.75,-34.75,21.75,-24.25,-7.75,False
73,7.25,-20.75,-39.25,-24.25,-23.75,31.75,False
74,36.25,-18.75,-21.75,5.25,-21.25,32.75,False
75,-37.25,-23.75,-5.25,40.75,-26.75,38.75,False
76,-3.25,-15.75,-8.75,-35.25,11.75,-23.25,False
77,21.75,-16.75,-3.75,6.75,21.25,-36.75,False
78,-32.25,-14.25,22.75,30.75,15.25,-21.75,False
79,8.75,-17.75,25.25,-30.25,16.75,7.25,False
80,26.25,-24.25,42.25,-10.25,19.25,8.75,False
81,-36.25,19.25,-26.25,23.75,13.25,-9.25,False
82,-9.75,12.75,-38.75,-42.75,12.75,37.75,False
83,35.75,19.25,-21.25,-2.25,17.25,32.75,False
84,-24.25,21.75,-8.75,24.75,23.25,33.25,False
85,-4.75,14.75,9.25,-31.25,-11.75,-22.75,False
86,35.25,24.75,-10.25,-10.75,-25.75,-22.75,False
87,-40.75,15.25,29.75,21.25,-21.75,-27.75,False
88,-4.75,25.75,35.25,-42.75,-21.75,2.75,False
89,27.75,26.75,37.75,-8.25,-23.25,-7.25,False
90,-22.25,-15.75,-38.75,-22.25,-22.75,29.75,False
91,-4.75,-16.25,-24.75,6.25,-26.75,33.25,True
92,27.25,-16.25,-39.75,23.25,-23.25,25.75,False
93,-29.75,-22.25,-2.75,-34.25,17.25,-42.75,False
94,1.25,-18.75,-9.75,-6.75,20.25,-26.25,True
95,40.75,-18.75,0.75,32.25,17.25,-38.75,False
96,-40.25,-19.25,22.25,-28.75,17.75,-3.75,False
97,-2.75,-15.25,24.25,-7.25,24.25,3.75,False
98,41.75,-13.75,25.75,39.25,26.75,-0.25,False
99,-21.75,17.75,-27.75,-22.75,15.25,22.75,False
100,0.75,17.75,-38.25,3.75,12.25,32.25,False
101,23.25,12.75,-41.25,29.25,13.25,23.25,False
102,-24.75,26.25,-2.75,-36.25,-23.25,-29.75,False
103,0.25,22.75,4.25,-0.25,-21.25,-27.25,False
104,39.75,12.75,0.75,31.25,-20.75,-29.75,False
105,-24.75,14.75,32.75,-26.75,-26.25,5.75,False
106,0.25,16.25,37.75,3.75,-25.75,-7.25,True
107,26.25,14.75,34.25,39.75,-21.75,7.75,False
108,-37.75,-15.25,-34.25,7.75,-20.75,42.25,False
109,-5.25,-17.25,-27.25,32.25,-26.25,35.75,False
110,33.75,-24.75,-39.75,-24.75,11.75,-29.25,False
111,-37.25,-24.75,6.75,-2.25,12.75,-22.25,False
112,6.25,-18.75,-9.75,28.75,24.75,-33.75,False
113,21.75,-17.75,-2.25,-35.25,22.75,3.25,False
114,-23.25,-23.75,26.75,-10.25,22.75,5.75,False
115,-8.75,-25.75,24.25,34.25,13.25,7.75,False
116,37.25,-15.75,28.25,-23.25,23.25,35.25,False
117,-27.25,24.25,-25.25,4.75,11.75,27.75,False
118,9.25,19.75,-33.75,38.25,24.75,30.75,False
119,37.75,20.75,-40.75,-27.25,-22.75,-21.25,False
120,-34.25,26.25,-6.75,6.75,-12.75,-28.75,False
121,-1.75,23.25,2.25,38.25,-12.25,-33.25,False
122,32.25,12.25,5.25,-23.25,-23.75,9.25,False
123,-30.75,26.75,28.75,-10.75,-16.75,0.75,False
124,-0.25,14.75,34.25,28.25,-17.25,8.75,False
125,39.25,20.25,28.25,-23.75,-17.25,40.25,False
126,-42.75,-23.25,-34.75,25.25,-20.75,25.75,False
127,-10.75,-25.75,-25.75,-23.25,16.25,-34.25,False
128,28.25,-23.75,-29.25,-8.25,16.75,-35.25,False
129,-21.25,-14.25,-7.75,23.25,18.75,-26.25,False
130,2.25,-19.75,-1.25,-23.75,19.75,3.75,False
131,36.75,-18.75,-8.75,-3.75,22.25,-6.25,False
132,-34.75,-24.25,38.25,40.75,15.75,-3.75,False
133,6.75,-25.75,42.25,-39.25,15.25,25.75,False
134,40.75,-20.75,34.25,9.75,18.75,40.75,False
135,-41.25,21.25,-42.25,38.25,19.75,31.75,False
136,-0.25,21.25,-38.75,-34.25,-24.75,-36.75,False
137,27.25,15.75,-23.75,7.25,-14.25,-34.25,False
138,-23.25,19.75,6.25,38.75,-20.75,-32.75,False
139,-3.75,25.75,3.75,-31.25,-24.75,4.75,False
140,39.25,26.75,0.25,9.75,-12.75,0.75,True
141,-36.75,18.75,38.25,39.25,-15.25,-10.25,False
142,8.25,15.75,36.75,-26.75,-24.75,29.25,True
143,40.25,17.25,40.75,5.75,-20.25,25.25,False
144,-32.25,-20.25,-21.25,-39.75,12.75,-33.25,True
145,-3.75,-24.25,-30.75,-2.75,13.75,-37.25,True
146,22.75,-23.25,-22.25,30.25,21.25,-41.25,False
147,-22.75,-18.75,10.75,-22.25,21.25,4.75,True
148,-0.25,-15.25,2.75,-5.25,13.75,-8.25,False
149,41.75,-25.25,3.25,29.25,13.75,6.75,True
150,-33.25,-12.25,39.75,-37.25,19.25,28.75,False
151,-2.75,-21.25,25.75,2.25,13.25,39.25,True
152,26.75,-24.25,32.75,37.75,16.75,24.25,True
153,-25.75,21.25,-42.75,-31.75,-11.75,-26.25,True
154,10.25,17.75,-38.25,-0.25,-14.25,-29.25,True
155,27.25,25.75,-40.25,25.25,-21.25,-38.75,False
156,-21.75,15.25,-0.25,-36.25,-12.25,7.75,True
157,6.75,18.25,-1.25,-10.75,-17.75,8.75,False
158,42.25,26.25,5.25,37.75,-14.75,3.75,True
159,-37.75,15.75,27.75,-33.25,-24.25,37.25,False
160,3.75,19.75,39.75,6.75,-26.75,37.75,True
161,36.25,24.75,25.75,40.25,-25.25,38.25,True
162,-23.75,-26.25,-41.75,10.75,13.75,-33.25,False
163,-5.75,-18.75,-36.75,40.25,12.75,-35.25,False
164,22.25,-23.25,-27.75,-41.75,25.25,-4.25,False
165,-21.75,-16.75,-10.25,-0.25,19.75,-6.75,False
166,6.25,-21.75,3.25,23.25,20.75,3.75,False
167,23.25,-16.25,-6.75,-39.75,17.25,29.25,False
168,-28.75,-19.25,35.75,6.75,12.75,26.75,True
169,-5.25,-22.75,24.75,27.25,13.75,32.75,True
170,35.25,-13.25,25.25,-32.75,-18.75,-21.25,False
171,-41.25,26.75,-27.25,-8.75,-25.25,-22.25,False
172,7.25,26.75,-31.75,39.75,-15.75,-27.25,False
173,34.25,24.75,-36.75,-36.25,-15.25,-3.75,False
174,-23.25,25.75,4.75,9.25,-15.75,6.25,False
175,8.25,22.25,-10.75,41.25,-24.25,8.25,False
176,42.75,14.75,-8.75,-23.75,-14.25,25.25,False
177,-27.25,18.75,25.25,-7.25,-19.75,32.25,True
178,-8.25,26.25,33.75,34.25,-12.25,39.75,False
179,41.25,21.75,37.75,-25.25,13.75,-26.75,False
180,-33.75,-13.75,-30.75,24.75,13.25,-23.75,False
181,3.25,-24.25,-21.25,-38.25,21.75,-8.25,False
182,42.25,-13.25,-26.75,1.25,17.25,-2.25,False
183,-25.25,-21.75,-8.75,34.75,15.75,9.75,False
184,-9.75,-23.25,-3.25,-26.75,24.75,28.75,False
185,22.75,-19.25,1.25,7.75,14.25,27.75,False
186,-21.25,-14.75,28.75,29.25,23.25,40.25,False
187,9.25,-20.25,23.75,-30.75,-18.75,-29.25,False
188,41.25,-24.25,28.75,4.75,-18.75,-33.25,False
189,-39.75,11.75,-38.75,29.25,-19.25,-25.25,False
190,8.25,20.75,-28.25,-24.25,-23.25,-10.75,False
191,22.25,26.25,-35.75,7.75,-20.75,-10.25,False
192,-24.75,15.75,-0.25,35.25,-17.75,2.75,False
193,-5.75,17.75,-6.75,-32.25,-21.75,30.25,False
194,30.75,21.75,-4.75,-9.25,-19.25,40.75,False
195,-42.25,25.75,29.75,40.25,-19.25,35.75,False
196,7.75,25.75,39.75,-21.75,24.75,-30.25,False
197,24.25,18.25,31.25,-6.25,15.25,-22.25,False
198,-28.75,-24.25,-36.25,-25.75,24.75,-3.75,False
199,-8.25,-16.25,-41.25,-7.75,13.75,0.75,False
200,38.75,-18.75,-29.75,23.75,23.25,-4.25,True
201,-27.75,-25.25,0.25,-42.75,25.75,30.75,False
202,4.25,-11.75,-5.75,2.25,15.25,20.75,False
203,26.25,-25.75,-2.25,35.75,15.75,30.25,False
204,-41.25,-23.75,38.25,-27.75,-21.25,-30.75,False
205,-3.75,-18.25,24.25,-9.75,-13.75,-32.75,False
206,26.75,-16.25,29.75,27.75,-25.75,-37.75,True
207,-39.75,24.75,-37.75,-32.75,-13.25,-6.25,False
208,3.75,15.25,-41.75,-0.75,-24.25,-3.25,True
209,42.25,25.25,-21.75,30.25,-11.75,6.25,False
210,-21.25,13.75,5.75,-33.25,-17.25,22.75,True
211,2.25,24.75,4.25,3.25,-21.25,30.25,True
212,27.75,15.25,6.25,36.25,-22.25,29.25,False
213,-36.75,12.25,38.75,-26.25,15.75,-41.25,False
214,-4.25,21.25,21.25,8.75,17.75,-27.25,False
215,22.75,15.25,33.25,27.25,17.25,-26.75,False
216,-26.25,-14.75,-33.25,-5.25,24.25,-6.25,False
217,8.75,-25.25,-33.75,31.75,25.75,-3.75,False
218,23.25,-20.75,-29.25,-41.75,22.25,31.75,False
219,-36.75,-12.75,10.75,-1.25,17.25,22.25,False
220,0.75,-20.75,-10.25,38.75,18.25,32.75,False
221,36.25,-16.25,5.25,-25.25,-17.75,-34.25,False
222,-41.75,-21.75,28.25,1.25,-17.75,-39.75,False
223,-1.25,-12.25,21.75,36.25,-19.25,-34.75,False
224,39.25,-17.25,32.75,-27.75,-15.25,-2.75,False
225,-34.75,11.75,-38.75,8.75,-11.75,10.25,False
226,-9.25,16.25,-27.25,32.25,-20.75,-9.25,False
227,32.75,26.75,-41.25,-36.75,-25.25,21.25,False
228,-32.75,14.25,-2.75,8.25,-12.25,30.75,False
229,10.75,25.25,-1.75,37.25,-17.25,41.25,False
230,30.75,24.75,-4.75,-36.75,22.75,-33.25,False
231,-32.75,18.75,40.75,6.75,17.75,-21.25,False
232,-6.25,15.75,35.25,22.25,15.25,-36.75,False
233,24.25,22.75,31.75,-22.75,23.75,1.75,False
234,-29.75,-26.75,-24.25,37.25,14.75,6.25,False
235,5.25,-20.25,-38.25,-37.25,13.75,32.25,False
236,23.75,-12.75,-27.75,1.25,23.75,37.75,False
237,-29.25,-25.75,10.75,25.25,11.75,42.25,False
238,-0.75,-18.25,-8.75,-25.25,-26.25,-20.75,False
239,28.75,-21.25,7.75,-4.25,-21.75,-25.25,False
240,-36.25,-25.75,23.25,28.25,-25.75,-27.75,False
241,-8.25,-26.75,26.25,-23.25,-25.75,-7.75,False
242,40.25,-20.25,30.75,0.75,-19.75,10.75,False
243,-25.75,17.75,-33.75,24.75,-22.75,-0.75,False
244,-10.75,25.25,-22.75,-30.25,-21.25,31.75,False
245,27.75,20.25,-39.25,-5.75,-14.25,39.25,False
246,-26.75,15.25,7.75,23.25,-16.75,28.75,False
247,-0.75,23.75,-7.25,-29.25,20.25,-25.25,False
248,34.75,13.25,-2.25,-10.75,18.25,-40.25,False
249,-26.75,14.25,30.75,24.75,16.75,-27.25,False
250,-6.25,13.25,27.25,-27.25,24.75,3.75,False
251,33.75,25.75,24.25,-3.25,15.25,9.75,False
252,-24.25,-25.25,-21.25,-30.75,24.75,34.25,False
253,-10.75,-24.25,-27.25,4.75,15.25,22.75,False
254,40.25,-16.25,-34.25,42.25,14.75,31.25,False
255,-29.25,-19.25,3.75,-36.25,-23.25,-37.75,True
256,-2.25,-26.25,-0.75,-6.25,-14.75,-35.25,False
257,24.75,-20.25,-5.25,39.75,-26.25,-37.25,True
258,-30.75,-22.75,32.75,-31.75,-25.25,10.75,True
259,-5.25,-21.75,34.25,5.25,-21.75,2.75,True
260,24.75,-15.75,24.25,33.25,-23.75,10.25,True
261,-25.25,24.75,-37.25,-24.75,-25.25,36.25,False
262,-6.75,14.25,-36.25,4.75,-24.75,37.25,False
263,29.75,22.25,-37.75,33.75,-23.25,26.25,False
264,-23.75,22.25,-1.75,-24.75,14.75,-21.25,False
265,7.25,15.25,-1.25,-9.25,19.75,-22.75,False
266,42.25,14.75,-4.75,27.75,18.25,-33.25,False
267,-37.75,15.75,32.75,-37.25,15.75,10.25,False
268,8.75,15.75,23.75,-10.25,25.75,2.75,False
269,39.25,14.25,40.25,39.25,24.25,9.25,False
270,-28.75,-17.25,-25.25,-9.75,24.75,37.75,False
271,4.75,-25.25,-21.25,42.75,17.25,21.75,False
272,31.75,-15.75,-22.75,-22.25,-21.75,-28.25,False
273,-38.75,-15.75,-2.75,3.75,-19.25,-41.25,False
274,-1.25,-23.25,4.75,29.25,-13.25,-24.25,False
275,27.75,-16.25,-6.25,-34.75,-11.75,8.25,False
276,-40.75,-22.25,31.25,-0.75,-23.25,5.75,False
277,-3.25,-17.25,29.25,33.25,-19.25,9.75,False
278,39.75,-16.75,41.25,-29.75,-17.75,41.25,True
279,-40.25,21.25,-28.75,-0.75,-19.25,23.25,False
280,10.75,23.25,-38.75,37.25,-16.25,28.75,False
281,31.25,17.25,-38.75,-26.75,21.25,-28.75,False
282,-41.75,25.75,-9.75,6.25,23.25,-24.25,False
283,-1.25,26.25,7.25,21.25,19.25,-32.25,False
284,31.75,26.25,5.25,-42.75,23.75,-10.75,False
285,-42.25,12.75,41.25,1.25,14.75,7.75,False
286,10.25,14.75,42.25,23.75,14.25,-0.25,False
287,20.75,12.75,31.75,-34.25,16.25,30.75,False
288,-25.75,-23.25,-30.75,39.75,17.25,34.25,False
289,-6.25,-20.75,-33.75,-29.25,-13.25,-23.25,False
290,31.75,-25.25,-37.75,9.75,-14.25,-29.25,True
291,-31.25,-15.75,7.75,34.75,-16.75,-28.75,False
292,6.25,-14.75,2.25,-29.75,-23.25,-1.25,True
293,31.75,-16.25,2.25,1.75,-24.25,-5.75,True
294,-28.25,-15.25,22.25,40.75,-13.75,-9.75,False
295,10.75,-13.25,31.75,-37.75,-16.75,38.75,False
296,32.75,-15.75,26.75,5.25,-19.75,26.75,False
297,-30.25,24.25,-23.25,36.25,-18.25,27.25,False
298,0.75,15.25,-31.25,-34.25,14.25,-27.25,True
299,24.25,13.75,-24.75,3.25,23.25,-30.75,True
300,-36.25,15.75,1.75,30.25,25.75,-31.75,False
301,-5.25,19.75,2.25,-42.25,18.75,-2.25,True
302,36.75,17.25,8.75,-2.75,23.25,-7.25,False
303,-32.75,21.75,40.25,40.75,16.25,4.25,False
304,9.25,12.25,42.25,-29.25,16.75,42.75,True
305,26.25,11.75,22.25,-8.25,14.75,34.75,False
306,-37.75,-15.75,-22.25,2.75,-16.75,-29.75,False
307,-10.75,-15.25,-29.25,29.75,-17.75,-36.25,False
308,38.25,-14.25,-38.25,-21.25,-18.75,7.75,False
309,-30.25,-16.75,3.75,3.75,-23.75,3.25,True
310,-7.75,-11.75,-0.75,31.25,-18.25,-4.25,True
311,24.75,-16.25,1.75,-35.75,-21.25,23.75,False
312,-40.75,-19.25,26.25,10.25,-18.75,24.75,False
313,-8.75,-12.75,25.75,32.25,-15.75,29.25,False
314,26.75,-12.25,39.75,-25.75,19.25,-28.75,False
315,-43.25,13.25,-34.75,11.25,20.25,-37.25,False
316,2.25,25.25,-33.25,31.75,25.25,-29.25,True
317,33.25,14.75,-41.75,-34.75,11.75,3.75,False
318,-35.75,23.75,8.25,-5.75,16.75,-4.25,True
319,-1.75,19.75,0.75,33.75,14.25,2.75,False
320,39.75,22.25,-9.25,-25.25,15.25,42.75,False
321,-25.25,15.25,21.25,-4.75,23.75,40.75,False
322,1.75,20.75,40.25,33.75,25.75,36.75,False
323,34.25,19.75,30.25,-30.75,-15.25,-30.25,False
324,-29.25,-16.75,-38.25,33.25,-24.25,-34.75,False
325,10.25,-17.25,-34.75,-29.75,-20.75,-4.75,False
326,23.25,-21.75,-37.75,3.25,-19.75,-2.75,False
327,-41.75,-12.75,5.75,24.75,-15.75,5.75,False
328,-2.75,-12.25,-10.25,-38.75,-20.25,41.75,False
329,25.25,-15.75,9.25,5.75,-23.25,41.75,False
330,-34.75,-20.75,21.25,29.25,-24.75,30.25,False
331,-1.75,-13.75,33.75,-33.75,24.25,-23.75,False
332,33.25,-13.25,42.25,5.25,14.75,-30.25,False
333,-27.75,13.75,-22.25,34.75,25.25,-39.75,False
334,-10.25,23.75,-34.75,-21.75,22.75,-1.75,False
335,27.75,26.25,-23.25,7.75,13.25,-6.25,False
336,-36.25,22.75,-4.75,24.75,12.75,-0.75,False
337,-0.75,17.75,-8.25,-28.75,15.25,34.25,False
338,24.75,24.75,7.25,6.25,19.75,40.25,False
339,-36.25,26.75,23.25,36.75,21.25,31.75,False
340,10.25,24.25,38.25,-28.75,-13.25,-38.25,False
341,37.25,20.25,28.25,-8.75,-24.25,-26.75,False
342,-42.75,-13.25,-42.25,-31.75,-17.75,3.75,False
343,-5.75,-12.75,-23.75,1.25,-24.75,8.25,False
344,37.25,-13.75,-31.25,21.75,-24.25,2.75,False
345,-35.75,-11.75,6.25,-22.25,-21.25,21.25,False
346,9.75,-17.25,-2.25,0.75,-12.75,35.75,False
347,25.25,-19.25,-6.75,40.75,-23.25,39.25,True
348,-38.25,-16.25,26.25,-22.25,21.25,-27.25,False
349,-9.75,-22.25,39.25,0.75,16.75,-29.25,False
350,22.25,-11.75,30.75,35.25,21.25,-33.25,False
351,-24.75,20.25,-36.75,-26.25,16.75,-1.75,False
352,1.25,20.25,-41.25,-9.75,21.75,-2.25,False
353,24.75,24.25,-25.25,21.25,22.25,10.25,False
354,-28.25,22.75,-3.25,-41.25,21.75,40.75,False
355,-0.25,24.25,-4.25,-8.75,23.25,33.25,False
356,42.75,13.25,-6.75,40.75,23.75,38.25,True
357,-25.25,20.75,40.75,-33.25,-15.75,-25.75,False
358,5.25,24.25,29.25,8.75,-12.25,-41.75,False
359,33.75,24.75,21.25,40.25,-12.75,-27.75,False
360,-34.75,-21.75,-25.75,6.75,-19.75,3.25,False
361,3.75,-16.75,-32.25,29.75,-18.75,-4.75,False
362,28.75,-24.25,-26.25,-26.25,-21.25,32.75,False
363,-31.75,-12.25,-1.25,6.25,-19.75,39.75,False
364,1.75,-13.75,-7.25,25.25,-22.25,38.75,False
365,25.25,-21.25,7.75,-36.25,23.75,-32.25,False
366,-30.75,-20.25,21.75,-2.25,23.25,-25.25,False
367,4.25,-19.25,25.25,41.75,20.25,-25.75,False
368,33.25,-16.75,29.25,-28.75,14.25,10.75,False
369,-38.25,16.75,-37.25,-1.25,17.75,1.25,False
370,4.75,24.75,-41.25,30.25,23.25,7.75,False
371,26.75,19.75,-29.75,-38.25,21.25,37.25,False
372,-37.75,23.75,-0.25,-5.75,26.75,22.25,False
373,9.75,22.75,-7.25,37.75,25.25,26.75,True
374,36.25,26.25,-10.75,-25.25,-21.25,-31.75,False
375,-30.75,13.25,40.25,-6.75,-21.25,-42.75,False
376,8.75,22.25,22.75,28.25,-19.75,-39.75,False
377,25.25,17.75,22.25,-37.25,-17.75,-5.25,False
378,-26.25,-20.75,-42.25,40.25,-12.75,1.75,False
379,-9.25,-18.75,-28.25,-40.75,-23.25,27.25,False
380,28.75,-25.25,-37.25,6.25,-15.25,32.75,False
381,-42.25,-25.75,-4.25,31.25,-15.25,37.75,False
382,-6.25,-23.25,-7.25,-26.25,15.25,-33.75,False
383,24.75,-23.75,8.75,-4.25,26.25,-35.25,False
384,-24.75,-18.25,34.25,27.75,20.25,-26.75,False
385,-1.75,-23.75,22.25,-41.75,21.75,-8.75,False
386,42.75,-14.75,34.75,3.75,23.75,0.25,False
387,-25.25,13.75,-32.25,38.25,13.75,7.75,False
388,1.25,20.25,-27.75,-35.25,23.25,25.75,False
389,30.25,18.75,-34.75,-9.25,22.25,25.25,False
390,-38.75,14.75,2.75,41.25,18.25,27.25,False
391,9.25,18.25,-0.75,-26.75,-19.75,-37.25,False
392,42.25,25.25,-6.75,9.25,-23.25,-33.75,False
393,-24.25,26.25,35.75,40.75,-21.25,-25.25,False
394,-5.25,21.25,41.25,-40.75,-12.25,8.25,False
395,25.75,12.25,35.75,8.75,-14.75,3.25,False
396,-32.75,-14.75,-33.25,-26.25,-15.25,38.25,True
397,-1.25,-21.75,-27.25,-6.75,-19.75,38.25,False
398,41.25,-22.25,-34.75,26.75,-15.75,39.25,False
399,-24.75,-15.75,-5.25,-28.75,20.25,-22.75,False
400,10.75,-17.25,-5.25,-2.75,22.25,-22.75,False
401,36.75,-16.25,-4.75,23.25,16.75,-34.25,False
402,-42.25,-12.75,35.75,-35.25,22.25,-2.75,False
403,-10.75,-15.75,22.25,5.25,17.25,-7.75,False
404,29.25,-12.25,30.25,27.75,11.75,-7.25,False
405,-22.75,24.75,-31.25,-29.75,12.25,29.75,False
406,4.25,16.75,-26.75,1.25,21.25,31.75,False
407,30.75,24.75,-38.75,42.75,14.75,27.75,False
408,-26.25,15.25,-6.25,-26.75,-12.75,-39.75,False
409,8.75,25.75,-6.75,-6.25,-12.75,-29.25,False
410,28.75,12.25,-10.75,32.25,-23.75,-35.75,True
411,-22.75,23.75,33.75,-41.75,-15.75,-1.25,True
412,2.75,24.75,30.75,-5.75,-19.25,-3.75,False
413,37.25,19.25,30.25,33.25,-22.75,4.25,False
414,-27.75,-24.25,-26.25,9.25,-12.75,34.25,False
415,0.25,-22.25,-34.75,29.25,-17.25,26.75,False
416,32.75,-25.25,-28.75,-41.75,15.25,-36.25,True
417,-32.75,-19.75,9.75,-4.25,16.25,-37.25,False
418,-9.75,-14.25,3.75,21.75,17.75,-40.25,False
419,23.75,-22.25,3.25,-26.25,20.75,-7.75,False
420,-27.75,-14.25,41.25,-1.25,15.25,-0.75,False
421,1.75,-24.25,39.25,29.75,18.25,2.25,False
422,42.25,-25.25,27.25,-24.25,13.75,36.25,False
423,-34.75,16.25,-31.75,1.25,15.75,26.25,False
424,10.75,17.25,-31.25,33.75,23.25,24.75,False
425,31.25,25.25,-36.75,-41.25,-26.25,-27.25,False
426,-35.25,14.75,-5.75,3.25,-12.25,-29.25,False
427,-4.25,16.25,9.75,32.25,-25.25,-37.75,False
428,29.25,16.25,-8.75,-25.75,-21.25,-7.25,False
429,-24.75,23.75,41.25,0.75,-20.25,-4.75,False
430,-8.25,17.25,29.25,23.25,-21.25,5.25,False
431,29.75,25.75,40.25,-24.75,-23.75,28.75,False
432,-40.25,-19.25,-42.75,21.75,-24.75,38.75,False
433,2.25,-15.25,-34.75,-21.25,14.75,-36.25,False
434,27.75,-15.25,-21.25,0.75,16.75,-31.25,False
435,-39.75,-26.25,2.25,22.25,18.75,-23.75,False
436,7.25,-23.25,7.25,-39.75,23.25,-8.75,False
437,32.25,-11.75,-2.75,-8.25,17.25,10.75,False
438,-27.75,-21.25,21.25,35.75,24.25,-8.75,False
439,7.25,-16.75,24.25,-25.25,19.75,31.75,False
440,38.75,-23.75,22.75,6.75,16.25,41.75,False
441,-36.75,19.25,-24.25,31.25,14.25,42.75,False
442,7.75,15.75,-28.25,-25.25,-22.25,-37.75,False
443,41.75,12.75,-22.75,4.25,-26.25,-28.75,False
444,-29.75,23.75,-0.75,25.25,-22.75,-31.25,False
445,1.25,24.75,-10.25,-28.25,-15.75,7.25,False
446,33.75,23.75,3.75,-2.25,-15.75,-0.25,False
447,-31.25,12.25,35.25,31.25,-23.75,4.75,False
448,3.25,22.75,39.25,-22.75,-16.75,27.75,True
449,23.25,14.25,40.75,4.25,-18.25,41.75,True
450,-27.75,-18.75,-38.25,-32.25,18.25,-28.25,True
451,7.75,-13.25,-35.25,0.25,19.75,-27.25,True
452,39.25,-20.25,-22.75,22.75,16.25,-27.25,False
453,-30.75,-25.25,-11.25,-29.75,16.75,9.25,True
454,7.75,-24.25,9.25,8.25,25.75,-3.75,True
455,28.25,-12.75,-5.25,22.25,17.25,-7.25,True
456,-33.25,-26.75,22.25,-38.75,13.25,39.25,False
457,-4.75,-14.75,31.25,3.25,21.75,36.75,True
458,40.75,-17.75,27.75,40.75,22.75,41.25,True
459,-36.25,23.25,-39.25,-34.75,-22.25,-41.75,True
460,5.75,26.25,-28.25,0.75,-11.75,-30.25,True
461,42.75,22.75,-41.75,37.25,-22.75,-40.75,True
462,-29.25,13.25,-10.25,-39.25,-24.75,-1.75,True
463,-5.25,12.25,0.25,6.75,-21.25,-2.75,False
464,23.25,11.75,-6.25,32.75,-23.75,0.75,True
465,-29.25,13.25,39.25,-37.25,-18.25,38.25,True
466,-9.25,12.75,41.25,1.75,-21.75,26.25,True
467,38.75,13.75,23.75,30.75,-18.25,24.25,True
468,-23.25,-22.75,-21.25,6.25,17.75,-26.25,False
469,-1.75,-21.75,-42.75,27.75,21.75,-42.75,True
470,24.75,-21.25,-25.75,-34.75,18.75,-7.75,False
471,-40.75,-14.75,-7.25,6.25,23.75,-1.75,False
472,-10.75,-17.25,-0.75,26.75,14.25,-8.25,False
473,23.75,-13.25,-5.25,-34.25,14.25,39.75,False
474,-31.25,-16.75,26.25,6.25,25.25,30.75,False
475,-10.75,-20.75,22.25,37.75,22.25,38.25,True
476,28.25,-19.75,31.75,-42.25,-22.75,-29.75,False
477,-41.75,17.75,-34.25,-1.75,-16.75,-38.25,False
478,-3.25,19.75,-37.75,38.25,-16.75,-30.75,False
479,24.25,18.25,-23.75,-23.75,-13.75,-8.75,False
480,-32.75,22.25,-4.75,-9.25,-24.75,-5.75,False
481,8.75,15.25,-7.25,31.25,-17.75,-9.25,False
482,38.75,17.25,-6.75,-25.75,-18.25,25.25,False
483,-42.25,11.75,21.25,-4.25,-13.75,28.75,False
484,7.25,17.75,33.75,21.25,-18.75,26.25,False
485,25.25,16.75,28.75,-25.25,15.25,-42.25,False
486,-24.75,-25.25,-33.75,25.75,25.75,-35.75,False
487,-1.25,-15.25,-24.75,-34.25,23.75,10.75,False
488,42.75,-21.25,-25.75,-9.75,19.75,-5.75,False
489,-30.25,-11.75,-3.75,31.75,15.75,-3.25,False
490,0.75,-20.25,9.75,-22.25,17.75,29.75,False
491,21.25,-17.75,-0.75,11.25,15.25,36.75,False
492,-30.25,-15.25,22.75,39.25,16.75,25.25,False
493,-5.75,-13.25,29.75,-41.25,-15.75,-36.75,False
494,42.25,-24.25,25.25,0.75,-22.25,-34.75,False
495,-21.25,23.25,-21.25,42.75,-12.75,-32.25,False
496,-6.75,12.25,-38.75,-42.25,-16.75,-8.25,False
497,26.25,20.75,-32.25,-9.25,-15.75,-4.25,False
498,-31.75,17.75,2.75,24.25,-15.75,1.25,False
499,10.25,23.75,0.25,-25.75,-15.75,21.25,False
500,35.75,12.25,-8.75,-8.25,-20.75,30.75,False
501,-31.75,25.75,41.25,38.75,-21.25,38.25,False
502,-7.25,20.75,24.25,-42.25,15.25,-26.75,False
503,39.25,23.25,22.75,1.75,17.25,-25.75,False
504,-27.75,-19.25,-41.75,-40.25,21.25,8.75,False
505,-4.75,-20.75,-42.25,-0.75,13.25,5.25,False
506,34.25,-16.25,-34.75,41.75,26.75,-9.25,False
507,-23.25,-18.75,-8.75,-28.25,19.75,24.25,False
508,-10.75,-25.75,-10.75,3.25,19.25,29.75,False
509,33.25,-12.75,-8.25,26.75,24.25,27.25,True
510,-42.75,-15.25,39.75,-40.25,-12.75,-22.25,False
511,-9.75,-12.25,42.25,-1.75,-25.75,-24.25,False
512,41.25,-20.75,39.25,21.75,-19.75,-41.75,False
513,-26.75,14.75,-32.25,-29.25,-14.25,0.75,False
514,3.25,23.25,-30.25,-4.25,-20.75,-10.75,True
515,36.25,19.25,-37.25,28.25,-25.25,0.75,False
516,-42.75,19.25,-0.75,-36.75,-22.25,29.75,False
517,4.75,11.75,9.75,3.75,-14.25,23.25,False
518,21.75,22.75,1.25,39.25,-25.25,28.75,False
519,-34.25,21.75,40.75,-29.25,25.75,-34.75,True
520,-2.25,26.25,27.75,5.75,14.75,-25.75,False
521,36.75,15.25,35.25,25.75,22.75,-33.25,False
522,-35.75,-14.25,-35.25,9.75,13.25,9.25,False
523,-6.75,-15.75,-23.75,39.25,24.25,-3.25,False
524,32.25,-15.25,-42.75,-30.75,13.25,24.25,False
525,-26.75,-21.75,-0.25,4.75,14.75,35.25,False
526,-4.25,-19.75,8.75,41.75,24.25,40.25,False
527,21.75,-12.25,1.75,-22.75,-19.25,-23.25,False
528,-24.25,-25.25,38.75,2.25,-24.25,-34.75,False
529,6.75,-16.75,33.75,30.25,-17.25,-33.25,False
530,40.75,-19.75,23.25,-38.25,-26.25,1.25,False
531,-26.75,16.75,-29.25,-5.75,-15.25,-0.75,False
532,0.75,13.75,-24.25,39.75,-24.75,5.25,False
533,24.25,18.75,-29.75,-22.25,-15.75,28.75,False
534,-33.75,16.25,-4.75,-10.25,-18.25,31.25,False
535,-10.75,12.25,-5.75,36.25,-26.75,34.25,False
536,29.25,25.25,4.25,-24.25,23.25,-34.75,False
537,-40.75,19.75,43.25,9.25,26.25,-34.75,False
538,-1.75,12.25,34.25,22.75,13.75,-24.25,False
539,26.75,22.75,31.75,-39.75,19.25,-3.75,False
540,-21.75,-22.25,-40.75,41.75,14.25,-3.75,False
541,-5.75,-14.25,-34.75,-33.25,13.25,27.25,False
542,31.75,-13.25,-38.25,2.25,16.25,35.75,False
543,-29.25,-22.75,-0.75,39.25,19.25,34.75,False
544,-5.25,-13.25,-8.75,-30.75,-19.75,-27.75,False
545,30.75,-13.25,-10.75,9.75,-26.75,-40.75,False
546,-23.25,-19.25,35.25,24.75,-21.25,-35.25,False
547,-7.25,-24.75,25.75,-21.25,-18.25,-0.75,False
548,21.75,-13.75,37.75,7.75,-16.75,-5.75,False
549,-38.25,24.25,-25.25,38.75,-12.25,7.25,False
550,9.75,15.25,-20.75,-28.75,-22.75,33.75,False
551,40.75,12.75,-42.25,-4.75,-21.25,41.25,False
552,-23.25,22.75,9.75,23.75,-21.25,32.25,False
553,0.75,17.75,-3.25,-30.75,12.75,-27.75,False
554,28.75,23.75,-2.25,-5.75,19.25,-39.25,False
555,-24.75,18.75,22.75,29.25,23.25,-38.75,False
556,9.25,25.75,35.75,-40.25,25.75,-9.75,False
557,30.75,15.75,28.25,8.75,17.25,-8.75,False
558,-34.25,-23.25,-42.75,-29.75,13.25,42.75,False
559,-2.75,-18.75,-33.75,-5.75,17.75,36.25,False
560,34.75,-26.75,-35.25,30.75,19.75,36.25,False
561,-38.75,-25.25,-0.25,-21.75,-17.75,-34.25,True
562,0.75,-18.75,-7.25,-10.25,-26.75,-40.75,True
563,25.75,-15.25,-6.75,21.75,-17.75,-32.75,False
564,-36.75,-17.25,27.25,-37.25,-13.75,1.25,False
565,-1.75,-20.75,41.75,4.25,-23.75,5.25,True
566,22.75,-24.25,21.75,26.25,-21.75,6.25,False
567,-24.25,11.75,-33.75,-35.75,-18.25,29.25,False
568,-7.75,12.25,-24.25,-10.75,-12.25,42.75,False
569,42.25,15.75,-41.25,33.25,-22.75,40.75,False
570,-25.75,11.75,4.25,-40.25,15.25,-27.75,False
571,-9.25,15.25,-1.75,7.25,20.25,-34.75,False
572,35.75,23.25,-8.75,39.75,22.75,-30.25,False
573,-42.25,13.75,38.25,-22.75,26.25,-1.25,False
574,-7.75,13.25,30.25,-6.75,23.75,1.75,False
575,42.25,13.75,28.75,25.75,11.75,-3.25,False
576,-41.75,-13.25,-35.25,9.25,19.25,35.25,False
577,1.25,-17.25,-39.75,27.25,26.25,26.75,False
578,21.25,-26.75,-34.25,-22.75,-13.25,-30.25,False
579,-25.75,-13.25,2.25,-5.75,-12.25,-22.25,False
580,8.25,-12.25,4.75,30.75,-13.25,-38.25,False
581,28.25,-20.25,-5.25,-21.25,-25.75,0.25,False
582,-27.25,-20.75,39.75,3.25,-24.25,-8.75,False
583,-5.25,-15.75,32.75,21.75,-17.25,9.75,False
584,29.75,-20.75,41.75,-31.75,-15.75,25.75,False
585,-23.75,18.25,-34.25,9.25,-26.75,40.75,False
586,-9.75,23.75,-36.75,31.75,-19.25,35.25,False
587,25.25,24.75,-30.75,-34.75,13.75,-36.75,False
588,-27.25,17.75,-5.75,-10.25,20.25,-34.75,False
589,7.75,20.25,10.75,21.25,24.75,-22.25,False
590,30.75,15.75,7.75,-25.25,15.25,-4.25,False
591,-24.75,23.75,33.75,8.25,13.75,1.25,False
592,-0.75,17.75,35.25,34.25,21.75,6.75,False
593,39.25,23.25,29.75,-25.75,12.75,31.75,False
594,-32.75,-26.75,-31.75,42.25,26.25,30.25,False
595,2.75,-12.25,-38.75,-37.75,-16.75,-25.75,False
596,38.75,-21.75,-22.75,-7.75,-19.75,-25.25,False
597,-42.25,-21.25,-7.25,26.75,-15.75,-37.25,False
598,-6.75,-13.25,6.25,-31.25,-13.75,10.75,False
599,28.25,-22.25,5.75,0.75,-25.75,-2.25,True
600,-39.25,-14.75,41.25,42.75,-13.25,-2.25,False
601,3.25,-14.25,42.25,-39.25,-16.25,42.25,True
602,42.75,-26.75,33.25,1.75,-25.25,41.75,False
603,-26.75,16.75,-35.25,23.25,-17.25,36.75,False
604,-11.25,17.75,-25.75,-21.75,25.75,-38.75,False
605,33.75,21.75,-26.75,0.75,21.75,-38.75,False
606,-25.75,21.75,-2.25,33.75,21.75,-35.75,False
607,-5.25,22.75,-5.25,-29.75,11.75,0.75,True
608,24.75,25.75,-2.25,3.25,15.75,-3.25,False
609,-40.25,24.25,33.75,42.25,18.75,10.75,False
610,-6.25,23.25,32.25,-25.25,13.25,26.75,False
611,25.75,19.75,22.75,3.25,14.25,32.75,False
612,-38.75,-26.75,-23.25,-6.25,-24.25,-21.25,False
613,-5.25,-12.25,-21.25,36.25,-14.75,-38.25,True
614,30.75,-14.25,-42.25,-36.25,-12.25,10.25,False
615,-31.75,-14.25,-0.25,-4.75,-18.75,-7.25,False
616,-0.25,-20.75,4.75,39.25,-19.75,-3.25,True
617,28.25,-20.25,-9.25,-34.75,-20.25,30.25,False
618,-30.75,-20.75,23.25,-10.25,-18.25,26.25,False
619,-5.75,-20.75,38.25,37.25,-21.75,36.75,False
620,34.25,-23.75,41.25,-41.75,14.25,-29.25,False
621,-29.75,25.75,-27.75,2.25,21.25,-32.25,True
622,-6.25,13.25,-39.75,41.75,25.25,-34.25,False
623,29.25,25.25,-38.25,-41.75,14.25,6.75,False
624,-40.25,17.25,0.25,6.25,12.25,-0.25,True
625,-2.75,20.75,4.75,39.25,20.25,-3.25,False
626,26.25,19.25,4.25,-41.25,20.25,38.75,False
627,-21.75,26.75,36.25,0.25,16.75,32.25,False
628,4.75,23.25,26.25,25.25,26.75,40.75,False
629,36.75,19.25,41.75,-42.25,-12.75,-39.75,False
630,-42.25,-12.75,-21.75,21.75,-15.75,-36.75,False
631,1.25,-26.25,-42.25,-32.75,-16.75,-5.25,False
632,40.25,-24.75,-26.75,1.25,-22.75,3.25,False
633,-37.25,-11.75,-4.25,36.75,-19.25,1.25,True
634,-8.25,-17.25,-0.25,-36.25,-21.75,36.75,False
635,26.75,-12.75,-7.75,-5.25,-21.25,36.25,False
636,-27.75,-11.75,25.25,36.25,-20.25,32.75,False
637,2.25,-25.75,28.75,-25.25,25.75,-25.25,False
638,25.75,-26.25,25.25,3.75,26.25,-37.25,False
639,-29.25,26.25,-37.75,23.75,21.25,-37.75,False
640,4.75,17.25,-28.75,-41.25,19.75,-8.75,False
641,28.75,20.75,-34.25,4.75,18.75,0.25,False
642,-31.75,18.25,-0.25,37.25,23.75,-7.75,False
643,-4.25,18.75,-10.25,-28.75,12.75,39.25,False
644,30.25,15.75,-0.75,-10.75,15.25,21.75,False
645,-38.25,19.25,25.25,41.25,11.75,27.25,False
646,9.25,26.25,33.25,-34.25,-23.25,-25.75,False
647,28.75,19.25,26.25,-0.75,-19.25,-37.25,False
648,-36.75,-21.25,-31.25,-31.25,-21.25,9.75,False
649,-6.75,-19.75,-40.75,-5.75,-26.25,2.25,False
650,41.75,-12.25,-24.75,26.25,-14.75,-3.75,False
651,-24.25,-18.25,-4.75,-28.25,-17.25,38.75,False
652,9.25,-24.75,6.25,1.75,-21.75,22.75,False
653,35.25,-26.25,-3.75,42.75,-16.25,34.75,False
654,-25.75,-24.75,28.25,-27.25,26.75,-36.75,True
655,10.75,-13.75,37.75,1.25,19.75,-30.25,False
656,41.75,-19.25,33.75,21.25,22.25,-33.25,False
657,-39.75,15.25,-27.25,-41.25,14.75,5.25,False
658,4.75,21.75,-28.75,4.75,17.75,8.25,False
659,25.75,23.25,-33.75,40.25,19.25,1.75,False
660,-40.75,19.25,6.25,-27.75,14.75,31.25,False
661,5.75,15.75,7.25,6.75,19.75,38.75,False
662,33.75,19.25,8.75,31.25,17.25,40.25,True
663,-32.25,17.75,37.75,-33.25,-26.25,-41.75,False
664,-0.25,20.25,38.75,9.25,-23.25,-28.75,False
665,26.25,14.75,38.75,36.75,-13.75,-36.25,False
666,-40.75,-11.75,-38.75,-7.75,-12.75,-9.75,False
667,0.75,-19.25,-35.25,29.75,-12.75,-0.25,False
668,30.25,-12.25,-42.25,-39.25,-13.75,35.75,False
669,-36.75,-17.75,6.25,-1.25,-19.25,28.25,False
670,10.75,-12.75,-6.25,34.75,-24.25,30.25,False
671,23.25,-25.25,8.25,-23.75,17.25,-25.75,False
672,-37.75,-17.25,39.75,7.25,18.75,-30.25,False
673,1.75,-23.75,29.25,31.25,24.25,-34.25,False
674,21.25,-12.75,31.75,-22.75,11.75,9.75,False
675,-33.25,23.75,-25.75,-8.25,14.75,-0.75,False
676,0.25,11.75,-25.75,31.25,13.75,-10.25,False
677,41.25,24.25,-37.75,-40.25,19.75,41.75,False
678,-22.75,11.75,-7.25,-1.75,14.25,36.25,False
679,10.75,23.25,6.75,25.25,23.25,39.25,False
680,31.75,16.25,1.75,-23.25,-17.25,-30.25,False
681,-37.75,17.75,35.25,3.75,-22.25,-24.75,False
682,-1.75,15.25,26.75,23.25,-15.75,-27.25,False
683,29.75,24.75,41.75,-24.25,-26.25,10.25,False
684,-38.25,-18.75,-35.25,32.25,-23.75,-8.25,False
685,-6.25,-13.25,-25.25,-22.25,-19.25,23.25,False
686,37.25,-23.25,-21.25,-8.75,-13.25,41.25,False
687,-23.75,-22.25,7.75,28.25,-25.75,40.75,False
688,-9.25,-13.75,0.75,-31.75,23.25,-21.75,False
689,39.75,-17.25,10.75,-9.75,21.75,-29.75,False
690,-33.75,-11.75,25.75,23.75,26.25,-33.25,False
691,-8.25,-16.25,39.75,-24.75,18.75,8.75,False
692,40.75,-13.75,29.25,0.25,25.75,10.75,False
693,-36.25,18.75,-35.75,37.25,13.75,3.75,False
694,8.75,25.75,-34.75,-37.75,14.75,34.75,False
695,29.75,17.25,-21.25,4.75,20.75,22.25,False
696,-22.25,14.25,-8.25,25.75,13.25,32.25,False
697,-0.25,18.75,-6.25,-33.25,-12.75,-41.25,False
698,28.25,22.25,10.25,2.25,-14.25,-24.75,False
699,-41.25,12.25,34.25,23.25,-22.25,-39.25,False
700,5.25,19.75,27.75,-26.75,-21.75,-8.75,False
701,38.75,19.25,40.25,4.25,-25.75,5.25,False
702,-32.25,-17.25,-42.75,-30.75,-19.75,23.75,True
703,8.75,-15.75,-24.25,9.75,-20.25,28.25,False
704,34.75,-17.75,-30.25,28.75,-25.75,34.25,False
705,-24.75,-18.25,-10.75,-32.75,18.25,-31.25,False
706,-10.75,-26.25,2.25,-2.75,20.75,-29.75,False
707,28.25,-17.75,7.25,36.25,25.25,-27.25,False
708,-36.25,-23.25,27.75,-26.75,24.25,2.25,True
709,-4.25,-19.25,39.25,-1.25,21.25,-4.75,True
710,23.75,-18.25,30.75,32.25,25.25,-8.75,False
711,-29.75,21.75,-33.75,-27.25,22.75,36.75,True
712,-9.25,23.75,-24.25,10.25,26.25,36.75,False
713,27.75,22.75,-33.25,23.25,16.75,34.75,False
714,-22.25,13.25,9.75,-36.25,-13.25,-42.25,False
715,-5.25,23.75,6.25,-1.75,-14.25,-24.25,False
716,37.25,15.25,6.75,40.75,-21.75,-23.25,False
717,-30.25,25.25,31.75,-34.75,-15.75,-5.75,False
718,5.75,26.75,26.25,9.75,-12.75,-0.75,False
719,36.25,22.25,24.75,36.75,-26.25,-0.25,False
720,-27.75,-19.25,-29.75,-10.25,-17.25,34.75,False
721,10.75,-22.75,-25.25,21.25,-24.25,23.75,False
722,34.75,-26.25,-29.75,-25.25,26.25,-38.25,False
723,-36.75,-15.75,2.75,0.25,22.25,-25.25,False
724,7.25,-19.25,9.25,32.25,18.75,-41.75,False
725,24.75,-22.25,-2.75,-36.25,26.25,9.75,False
726,-22.25,-18.25,40.75,9.75,21.25,9.25,False
727,-6.75,-25.25,39.75,31.25,19.75,5.75,False
728,42.25,-18.75,31.75,-22.75,24.75,28.75,False
729,-31.75,25.75,-25.75,3.75,26.75,42.25,False
730,1.25,22.75,-39.75,23.25,11.75,30.25,False
731,39.25,25.75,-27.25,-34.25,-13.75,-37.75,False
732,-36.75,19.25,-1.25,10.75,-23.75,-36.25,False
733,3.25,23.25,9.25,35.75,-15.25,-29.75,False
734,32.75,22.25,7.25,-27.75,-12.75,7.25,False
735,-34.75,25.75,25.75,7.75,-18.25,0.25,False
736,-9.25,17.25,34.25,27.25,-12.25,-7.25,False
737,24.25,15.25,36.25,-42.25,-23.75,34.75,False
738,-35.75,-23.75,-35.75,34.75,-18.25,42.75,False
739,-5.75,-18.25,-38.75,-29.75,23.75,-41.25,False
740,33.75,-18.75,-29.25,-2.25,26.75,-33.25,False
741,-27.25,-26.75,-4.25,40.75,22.25,-24.25,False
742,8.75,-18.25,3.75,-25.25,13.75,4.75,False
743,38.75,-21.25,-5.75,0.75,18.25,-4.25,False
744,-39.25,-12.75,42.25,21.25,20.25,3.75,False
745,-9.75,-21.75,25.25,-25.25,16.75,30.25,True
746,43.25,-17.25,27.75,-2.75,13.25,28.75,True
747,-22.75,18.75,-23.25,34.75,15.25,33.25,False
748,10.25,19.25,-22.25,-36.25,-12.75,-37.75,True
749,22.25,15.75,-29.25,-3.25,-13.75,-22.25,False
750,-40.75,15.25,-4.75,35.25,-21.25,-31.75,False
751,5.75,22.75,-7.25,-42.25,-23.75,2.75,False
752,22.75,21.25,-3.75,-0.75,-17.25,5.75,False
753,-27.75,19.25,40.25,37.25,-17.75,-7.75,False
754,7.25,25.75,30.75,-38.25,-25.75,27.75,False
755,21.75,22.25,34.75,-2.25,-16.25,33.75,False
756,-22.75,-24.75,-42.75,-38.25,21.75,-23.75,True
757,5.25,-12.25,-33.25,9.25,17.25,-35.75,True
758,40.25,-12.75,-41.25,38.25,20.75,-25.75,False
759,-38.75,-16.25,8.25,-33.75,14.75,-4.75,True
760,4.75,-13.25,0.25,-0.25,13.25,-0.25,False
761,25.75,-21.75,4.75,31.75,26.25,8.25,True
762,-32.25,-24.75,28.25,-24.75,24.75,34.75,False
763,4.25,-17.75,28.25,-1.75,15.25,30.75,True
764,39.25,-16.25,26.25,32.25,12.75,27.25,True
765,-40.75,16.25,-30.25,-21.25,-14.25,-40.75,True
766,1.75,24.75,-27.25,8.75,-24.75,-26.75,True
767,32.75,20.75,-26.75,26.25,-22.25,-24.75,False
768,-34.25,23.75,1.25,-25.75,-15.75,-4.25,True
769,5.75,21.75,0.25,-5.25,-12.75,10.75,False
770,39.75,23.75,5.25,42.75,-17.25,-6.25,True
771,-21.25,22.25,25.25,-26.25,-13.25,38.75,False
772,-1.75,16.25,23.25,8.25,-14.25,27.75,True
773,37.25,23.75,37.25,29.75,-14.25,34.75,True
774,-38.75,-17.25,-28.75,-2.75,23.25,-39.75,False
775,-5.25,-23.25,-35.75,34.25,18.75,-27.75,False
776,29.75,-13.75,-22.25,-30.25,13.75,-10.75,False
777,-40.75,-16.25,1.75,-0.75,16.75,6.25,False
778,8.25,-15.75,4.25,35.25,16.25,7.25,False
779,31.75,-26.75,6.75,-36.25,21.25,22.25,False
780,-37.25,-25.75,42.25,6.25,12.75,40.75,True
781,5.75,-25.25,24.25,33.25,11.75,40.25,False
782,23.25,-15.75,34.25,-23.75,-18.25,-21.25,False
783,-28.75,15.25,-36.25,5.25,-14.25,-24.25,True
784,9.25,24.25,-35.75,40.75,-15.75,-40.25,False
785,40.25,19.25,-40.25,-26.75,-18.25,3.25,False
786,-32.75,22.75,7.75,7.25,-20.25,1.25,False
787,3.75,25.75,-2.75,30.25,-18.25,9.25,False
788,31.75,23.75,-5.25,-27.25,-20.25,25.25,False
789,-40.75,23.25,24.25,-6.75,-24.75,25.75,False
790,-6.75,20.75,40.75,38.75,-25.75,32.75,False
791,33.75,21.75,23.75,-39.75,20.75,-39.25,False
792,-28.75,-26.25,-26.75,36.75,17.75,-22.75,False
793,-4.25,-23.25,-27.25,-37.75,18.75,7.25,False
794,25.75,-13.75,-35.75,4.75,24.75,4.25,False
795,-41.25,-25.75,-8.25,30.25,12.25,1.75,False
796,-2.75,-18.75,3.25,-32.75,15.25,38.75,False
797,24.25,-24.25,3.25,-0.75,26.75,25.25,False
798,-39.75,-25.75,23.25,24.25,23.25,30.25,False
799,1.75,-12.75,37.75,-42.25,-22.75,-35.25,False
800,39.25,-11.75,39.75,1.75,-23.25,-39.75,False
801,-28.25,25.25,-23.25,26.75,-16.25,-24.25,False
802,8.75,13.75,-24.25,-23.75,-21.25,4.75,False
803,28.25,21.75,-36.75,5.75,-18.25,-3.25,False
804,-36.25,19.75,7.75,38.25,-15.75,9.75,False
805,2.25,22.25,-9.25,-40.25,-24.75,41.75,False
806,37.25,25.75,4.25,-10.75,-12.75,27.25,False
807,-30.75,24.75,23.75,32.25,-22.25,28.75,False
808,6.75,19.75,22.25,-23.25,12.25,-21.75,False
809,31.75,23.75,21.75,-0.25,15.75,-30.25,False
810,-22.25,-15.25,-29.25,-29.25,25.25,-5.25,False
811,-8.75,-20.75,-29.75,-8.25,20.25,-0.75,False
812,34.75,-21.25,-39.75,25.25,20.75,-0.25,True
813,-34.75,-14.75,2.75,-31.75,15.25,23.75,False
814,-5.75,-13.25,10.75,10.75,19.75,41.75,False
815,24.75,-19.25,2.25,27.25,21.25,21.75,False
816,-38.25,-13.25,25.75,-29.25,-24.75,-27.25,False
817,0.75,-19.75,38.75,10.25,-25.75,-30.25,False
818,42.75,-16.25,32.75,39.75,-24.75,-41.25,False
819,-42.75,12.25,-21.75,-39.75,-23.25,-7.75,False
820,-3.75,25.75,-27.75,6.75,-15.75,-3.25,False
821,36.25,22.75,-30.25,33.75,-24.25,-3.75,False
822,-32.25,16.75,-5.75,-40.25,-18.75,34.75,False
823,-9.25,18.25,8.75,-8.25,-16.25,34.75,False
824,22.25,18.75,9.75,35.75,-18.75,24.75,False
825,-36.25,18.25,34.75,-33.75,11.75,-24.75,False
826,-3.25,12.25,35.25,-3.25,21.25,-26.25,False
827,32.75,22.75,39.75,28.25,21.75,-39.25,True
828,-31.75,-24.75,-41.75,7.25,14.75,-8.25,False
829,-4.75,-22.25,-24.25,38.75,13.25,-8.25,False
830,41.75,-24.75,-28.25,-33.25,24.25,35.75,False
831,-36.75,-21.75,-3.25,9.75,12.75,22.25,False
832,-9.75,-22.25,9.75,34.25,18.75,42.75,False
833,22.75,-21.25,5.75,-36.25,-20.75,-27.25,False
834,-38.75,-20.25,32.75,6.75,-14.75,-38.25,False
835,9.25,-17.25,39.25,24.25,-13.75,-24.25,False
836,36.75,-21.75,40.75,-41.25,-17.25,6.25,False
837,-40.75,13.75,-39.25,-5.75,-23.25,1.25,False
838,2.75,20.75,-25.25,32.75,-20.25,-4.25,False
839,33.25,13.75,-21.75,-30.75,-20.25,36.25,False
840,-21.25,18.25,2.75,-4.25,-15.75,39.75,False
841,-4.25,13.25,-4.25,21.75,-11.75,25.75,False
842,29.75,20.25,0.25,-25.75,23.25,-29.75,False
843,-30.75,21.75,33.75,-8.75,19.25,-39.25,False
844,-4.25,24.75,28.75,31.25,19.25,-32.25,False
845,32.25,22.75,28.75,-28.25,14.25,-7.75,False
846,-40.25,-14.25,-37.25,27.75,26.75,-3.25,False
847,2.75,-22.75,-29.25,-42.25,14.75,33.75,False
848,41.75,-15.75,-22.25,1.25,16.75,24.75,False
849,-25.75,-14.25,-1.25,32.25,26.25,42.25,False
850,3.25,-15.25,8.25,-24.75,-21.25,-23.75,False
851,25.25,-16.25,-9.25,-1.25,-26.75,-42.75,False
852,-29.75,-24.75,33.75,41.25,-25.75,-26.75,False
853,-8.75,-14.75,33.25,-22.75,-23.25,3.25,False
854,24.25,-18.75,23.25,9.75,-18.75,-6.25,False
855,-38.25,18.25,-29.25,21.75,-21.25,-4.75,False
856,-0.25,13.75,-26.25,-30.25,-19.75,29.25,False
857,31.25,23.25,-34.25,-7.25,-12.25,39.75,False
858,-27.75,17.25,-8.25,41.25,-14.25,24.75,False
859,3.75,14.25,7.75,-37.25,19.25,-35.75,False
860,32.75,25.25,-0.75,4.25,20.75,-22.75,False
861,-36.75,13.25,35.25,29.75,18.25,-21.75,False
862,-6.75,22.75,24.25,-41.75,14.75,2.25,False
863,38.25,17.25,39.25,2.25,15.25,9.75,False
864,-30.25,-25.25,-33.75,-41.25,14.75,40.75,False
865,6.75,-22.25,-37.75,5.75,13.25,35.75,False
866,21.75,-18.25,-39.75,41.75,18.25,36.75,False
867,-25.25,-13.75,10.25,-23.25,-16.75,-41.75,False
868,-0.75,-26.75,-8.25,1.25,-19.75,-39.75,True
869,40.25,-13.75,10.75,30.75,-23.25,-34.75,False
870,-29.75,-15.75,42.25,-35.25,-18.75,1.75,True
871,-6.75,-21.25,23.25,2.75,-19.25,8.75,False
872,21.75,-11.75,25.75,28.75,-25.75,7.25,False
873,-28.25,12.25,-37.75,-34.25,-24.75,41.25,False
874,3.75,11.75,-26.25,10.75,-15.25,24.25,False
875,22.75,21.75,-27.75,40.25,-22.75,30.25,False
876,-23.25,25.75,8.75,-23.25,16.25,-32.25,False
877,6.25,20.75,6.25,-1.75,23.75,-37.25,True
878,31.25,26.75,2.25,38.75,22.75,-40.75,False
879,-23.25,25.25,26.25,-38.75,15.25,-1.75,False
880,-6.25,25.25,34.25,-0.75,19.25,3.75,True
881,24.75,15.25,21.25,24.25,20.25,-3.75,False
882,-37.25,-18.25,-39.25,9.75,22.75,21.75,False
883,9.75,-13.75,-24.75,23.75,26.25,39.75,False
884,31.25,-23.75,-21.25,-26.75,-24.25,-21.25,False
885,-24.75,-16.75,5.75,-5.25,-11.75,-38.25,False
886,6.75,-16.25,-0.75,23.25,-26.75,-26.75,False
887,36.25,-23.25,-4.75,-36.75,-12.25,-1.25,True
888,-42.75,-22.25,21.25,-2.25,-11.75,9.75,False
889,4.75,-18.75,36.75,37.75,-18.25,9.25,False
890,40.75,-21.25,31.75,-32.75,-15.75,21.25,False
891,-26.25,16.25,-22.25,9.75,-17.75,30.25,False
892,5.25,23.75,-38.25,24.25,-23.75,39.75,False
893,29.75,21.75,-21.75,-31.75,17.25,-24.75,False
894,-21.25,17.25,-6.75,-0.25,12.25,-37.75,False
895,-10.25,14.75,5.25,35.75,19.75,-22.25,False
896,40.75,21.25,10.75,-26.25,15.25,10.25,False
897,-37.75,23.25,32.75,-3.25,25.25,6.25,False
898,-1.75,20.75,35.75,30.25,14.75,-5.25,False
899,35.75,21.25,27.25,-41.75,22.25,36.75,True
900,-43.25,-24.25,-30.75,25.25,20.75,42.25,False
901,-6.25,-14.25,-37.75,-34.25,-26.25,-29.75,False
902,23.25,-17.25,-24.25,0.25,-16.25,-23.75,False
903,-37.75,-14.25,8.25,39.75,-25.75,-31.75,False
904,3.25,-25.75,1.75,-41.75,-19.25,-10.25,False
905,28.75,-22.25,-9.75,1.25,-20.75,-8.25,False
906,-28.75,-26.75,21.25,32.25,-16.25,3.75,False
907,-3.75,-18.25,42.75,-37.75,-17.25,41.75,True
908,41.25,-22.25,24.25,-8.25,-15.75,42.75,False
909,-40.25,22.75,-37.25,36.25,-17.75,34.75,False
910,9.75,21.25,-21.25,-33.75,26.25,-38.25,True
911,23.25,22.25,-35.75,-5.25,13.75,-28.25,False
912,-40.25,13.25,-9.25,31.75,25.25,-38.25,False
913,9.25,14.75,-2.75,-33.75,13.25,7.25,True
914,40.75,24.75,-1.25,-10.75,21.75,-7.25,False
915,-28.75,21.75,25.25,29.25,12.75,10.75,False
916,4.75,17.25,41.25,-23.25,21.25,36.25,False
917,27.25,25.25,34.75,-0.75,24.25,26.75,True
918,-32.75,-16.75,-24.25,3.25,-21.75,-32.75,False
919,10.25,-19.25,-35.25,27.75,-13.75,-35.25,False
920,32.75,-15.75,-39.75,-42.25,-18.25,4.25,False
921,-36.25,-18.25,7.75,5.75,-19.75,7.75,False
922,8.75,-18.75,-3.25,42.75,-15.25,4.25,True
923,25.75,-14.25,8.25,-23.25,-14.75,31.25,False
924,-21.75,-23.75,39.25,9.25,-23.25,42.25,False
925,0.25,-23.75,34.75,31.75,-13.75,25.25,False
926,31.25,-22.25,42.75,-28.25,18.75,-42.75,False
927,-21.25,14.75,-24.75,-8.25,17.25,-21.25,False
928,5.25,25.75,-24.75,21.75,26.25,-34.25,True
929,34.75,24.75,-27.75,-23.25,12.75,-2.75,False
930,-35.75,21.25,3.25,-7.25,24.75,-5.25,True
931,8.25,23.75,-6.75,28.25,23.25,1.25,False
932,35.75,13.75,1.25,-40.75,24.75,33.25,False
933,-26.25,15.25,24.25,-8.75,19.75,22.75,False
934,5.75,26.25,38.75,37.25,19.25,22.25,False
935,24.75,11.75,26.25,-39.75,-14.25,-23.25,False
936,-32.25,-23.25,-37.75,30.25,-15.75,-30.25,False
937,-9.25,-17.25,-39.75,-37.25,-25.25,3.75,False
938,39.75,-23.25,-35.75,-8.75,-18.75,-0.25,False
939,-42.75,-19.75,-1.75,41.75,-19.75,-4.25,True
940,9.75,-16.25,-8.25,-25.25,-25.75,38.75,False
941,33.25,-26.75,-10.75,-5.75,-11.75,30.75,False
942,-25.25,-20.25,33.75,25.75,-16.25,31.75,False
943,-6.75,-23.25,27.75,-21.25,12.75,-32.75,False
944,37.25,-24.25,27.75,-6.75,26.25,-26.25,False
945,-22.25,16.25,-26.75,42.75,24.75,-21.25,False
946,0.25,15.75,-23.75,-41.25,19.25,-6.75,False
947,26.75,19.75,-26.75,7.75,16.75,6.75,False
948,-36.25,25.25,8.25,21.75,26.75,4.25,False
949,2.25,26.75,-2.25,-41.75,15.25,23.25,False
950,32.25,21.75,-7.75,-4.25,11.75,30.75,False
951,-37.25,12.75,21.25,22.25,19.25,27.75,False
952,-3.75,14.25,37.75,-33.75,-19.75,-31.75,False
953,32.25,22.75,34.75,-5.25,-16.75,-23.25,False
954,-25.75,-21.25,-23.75,-38.25,-26.75,9.75,True
955,-9.25,-17.75,-37.25,-8.25,-25.75,9.75,False
956,26.25,-18.25,-21.25,25.25,-12.25,-2.75,False
957,-36.75,-26.75,-7.25,-36.25,-19.25,23.75,False
958,-7.25,-18.25,4.25,-4.75,-23.25,25.75,False
959,31.25,-18.25,9.75,38.75,-16.25,27.25,False
960,-31.25,-24.75,31.75,-21.25,19.75,-39.25,False
961,-8.25,-17.25,28.25,2.75,22.75,-34.75,False
962,41.25,-26.75,26.25,42.25,12.25,-29.25,True
963,-26.75,21.25,-36.25,-27.75,20.75,-2.75,True
964,-5.75,14.25,-37.75,3.25,23.25,-4.75,False
965,37.75,26.25,-34.25,31.25,17.75,0.25,False
966,-33.75,19.25,-10.75,-36.25,18.25,34.75,False
967,9.25,18.75,-8.25,-3.25,15.75,25.75,True
968,35.25,24.25,0.25,29.25,17.25,23.25,True
969,-37.75,26.25,21.75,-33.75,-12.25,-38.75,False
970,8.75,23.25,21.25,-10.75,-14.75,-23.25,False
971,39.75,25.25,32.25,22.25,-26.25,-24.75,False
972,-26.25,-22.75,-40.25,6.75,-13.75,-7.75,False
973,2.25,-25.75,-26.75,36.25,-23.25,-2.75,False
974,28.75,-23.75,-21.75,-39.25,-20.25,24.25,False
975,-22.25,-12.75,-0.75,3.75,-21.25,25.25,False
976,-7.75,-22.75,-8.25,37.75,-16.75,34.25,False
977,31.75,-20.75,-4.25,-36.75,15.75,-26.25,False
978,-24.25,-13.75,24.75,-1.25,26.25,-22.25,False
979,1.75,-14.75,22.75,39.75,20.25,-24.25,False
980,23.75,-11.75,34.25,-30.25,26.75,8.25,False
981,-38.75,22.25,-41.75,-6.75,11.75,5.75,False
982,10.25,22.75,-32.25,24.25,15.25,-2.25,False
983,21.75,19.25,-31.25,-36.25,16.75,22.75,False
984,-24.25,16.25,-2.25,-5.75,12.25,36.75,False
985,7.75,23.75,-0.25,42.25,13.75,35.75,False
986,30.75,15.75,-10.75,-35.25,-15.75,-25.75,False
987,-23.25,14.25,27.75,-4.25,-11.75,-39.75,False
988,-3.25,12.75,37.25,24.25,-20.25,-27.75,False
989,34.25,26.25,37.75,-36.75,-13.25,-10.75,False
990,-37.25,-26.25,-30.25,25.75,-20.75,-1.25,False
991,-2.75,-13.25,-41.75,-21.25,-22.75,38.75,False
992,26.25,-24.75,-33.25,2.25,-21.75,24.75,False
993,-36.75,-23.75,1.75,42.25,-16.25,28.25,False
994,-1.75,-12.75,6.25,-32.25,22.25,-29.25,False
995,36.75,-14.75,4.25,-6.25,23.75,-32.75,False
996,-21.75,-23.25,36.75,24.25,22.25,-41.25,False
997,-5.25,-18.25,33.25,-21.75,21.75,-6.25,False
998,42.25,-19.25,26.75,9.75,21.25,6.25,False
999,-34.25,26.75,-25.25,30.75,23.25,10.25,False
1000,1.25,25.25,-23.25,-30.75,13.25,21.25,False
1001,24.75,25.25,-22.25,-7.75,21.75,41.75,False
1002,-29.25,16.75,-2.75,25.25,21.75,35.25,False
1003,8.75,17.25,3.25,-24.25,-12.75,-38.25,False
1004,27.25,14.75,-7.75,-4.75,-22.25,-31.75,False
1005,-37.75,15.25,38.25,22.75,-18.25,-27.25,False
1006,-1.75,15.75,33.25,-37.75,-16.25,6.25,False
1007,34.25,22.25,35.75,-4.75,-19.25,8.25,False
1008,-23.75,-17.75,-42.25,-41.25,-16.75,25.75,False
1009,10.25,-21.25,-24.25,-2.75,-26.75,37.75,False
1010,39.75,-16.75,-36.25,36.25,-22.75,33.75,False
1011,-28.25,-22.75,9.75,-21.25,17.75,-41.75,False
1012,5.25,-16.75,3.25,-10.25,26.75,-28.75,False
1013,28.25,-20.25,2.75,33.25,19.75,-35.25,False
1014,-34.75,-19.75,31.75,-33.75,17.25,-1.75,False
1015,-4.25,-13.75,23.25,-6.75,11.75,9.75,False
1016,40.25,-25.75,24.75,32.25,18.75,6.75,False
1017,-25.25,19.75,-34.25,-42.25,20.75,28.75,False
1018,-7.75,26.75,-39.75,1.25,26.75,41.25,False
1019,33.25,24.75,-34.75,28.75,17.75,38.25,True
1020,-36.25,18.25,3.75,-23.75,-14.75,-21.25,False
1021,6.25,16.25,-9.75,6.75,-24.75,-36.25,False
1022,29.25,19.75,2.25,39.75,-18.75,-38.75,False
1023,-25.25,21.75,23.25,-41.25,-21.75,-2.25,False
1024,-5.75,23.75,21.75,3.25,-23.25,-0.25,False
1025,21.25,25.75,27.25,29.25,-13.75,4.25,False
1026,-24.75,-22.25,-36.25,-1.25,-15.75,31.75,False
1027,10.75,-21.75,-28.75,43.25,-25.25,21.25,False
1028,31.25,-21.75,-34.25,-22.25,23.25,-23.75,False
1029,-41.25,-17.75,9.75,5.75,14.25,-36.25,False
1030,8.75,-14.25,-0.25,23.75,16.75,-38.25,False
1031,39.75,-15.75,-4.25,-24.75,16.25,2.75,False
1032,-26.25,-15.75,31.75,5.75,20.25,7.25,False
1033,7.75,-14.25,26.75,27.75,19.75,-1.25,False
1034,26.75,-15.25,37.75,-33.25,16.25,28.75,False
1035,-37.75,25.75,-29.75,8.75,26.75,34.75,False
1036,-7.75,18.25,-34.25,26.25,18.25,22.25,False
1037,32.75,20.25,-42.75,-21.25,-17.25,-25.75,False
1038,-26.25,25.75,3.75,-8.75,-15.75,-31.75,False
1039,5.75,20.25,4.25,27.75,-24.75,-33.75,False
1040,39.75,13.75,-5.25,-26.75,-12.75,-1.75,False
1041,-32.75,11.75,39.25,-4.75,-17.25,-6.25,False
1042,-4.75,14.75,34.25,21.25,-16.25,-7.25,False
1043,28.75,26.75,25.25,-41.25,-18.75,23.75,False
1044,-29.75,-19.25,-39.75,37.75,-26.25,30.75,False
1045,10.75,-20.75,-34.75,-41.75,16.25,-30.25,True
1046,35.25,-15.75,-27.25,2.25,18.75,-24.75,False
1047,-25.75,-25.25,-2.75,22.25,13.75,-35.75,False
1048,5.25,-26.25,4.75,-40.75,19.25,9.25,False
1049,25.75,-12.25,2.75,7.25,20.75,2.75,False
1050,-25.25,-21.25,24.25,23.25,26.75,-3.75,False
1051,0.75,-15.25,21.25,-39.75,18.75,35.25,False
1052,35.75,-19.25,37.25,-5.25,12.25,40.25,False
1053,-24.75,17.25,-39.25,36.25,25.25,32.25,False
1054,9.25,14.25,-36.75,-40.75,-21.75,-27.75,True
1055,30.25,19.25,-36.75,-1.25,-12.75,-30.75,False
1056,-32.75,24.25,9.75,25.75,-17.25,-42.75,False
1057,-9.75,19.75,-8.75,-36.75,-14.75,9.75,False
1058,31.75,12.25,8.75,-4.25,-24.25,-2.75,False
1059,-36.75,17.25,41.25,21.25,-12.25,-8.75,False
1060,9.75,26.25,27.25,-36.75,-20.25,31.25,False
1061,42.75,12.75,39.25,3.25,-25.75,38.25,False
1062,-39.25,-18.75,-38.75,-27.25,20.25,-21.25,True
1063,-6.75,-12.25,-26.25,9.25,16.75,-31.75,True
1064,41.25,-21.75,-36.75,29.25,24.25,-28.75,False
1065,-31.75,-22.75,0.75,-23.25,11.75,6.75,True
1066,-10.75,-12.75,-2.25,5.75,26.25,3.25,False
1067,21.25,-12.75,-6.75,33.75,22.75,-1.75,True
1068,-39.75,-12.25,23.75,-38.25,21.25,42.75,False
1069,-8.25,-16.25,30.75,7.75,15.25,24.25,True
1070,40.75,-22.75,21.25,21.75,14.75,22.25,True
1071,-23.75,24.25,-27.75,-31.75,-21.25,-33.25,True
1072,-0.25,25.75,-34.25,-3.75,-21.25,-32.75,True
1073,34.75,18.75,-29.25,37.25,-18.75,-25.75,False
1074,-32.75,25.75,0.25,-22.75,-14.75,10.75,True
1075,0.25,21.25,9.25,-5.25,-23.75,-0.75,False
1076,42.75,13.25,-1.75,25.25,-14.25,-7.75,True
1077,-24.25,17.75,28.25,-42.75,-21.25,25.75,False
1078,4.25,23.75,30.25,-2.75,-26.75,26.25,True
1079,28.75,20.75,24.75,21.25,-17.25,22.25,True
1080,-35.75,-18.75,-36.25,-5.25,11.75,-36.25,False
1081,-2.25,-19.75,-22.25,25.25,12.75,-41.25,False
1082,24.25,-21.75,-32.75,-36.75,22.25,-6.75,False
1083,-41.25,-23.25,5.25,-3.25,25.75,8.75,False
1084,-5.25,-17.75,-8.75,35.75,16.75,-4.25,False
1085,27.25,-17.75,4.25,-38.75,12.75,29.75,False
1086,-28.25,-19.25,40.75,4.25,19.75,41.75,True
1087,-2.25,-23.25,38.25,25.25,16.75,21.75,False
1088,33.75,-15.75,34.25,-25.25,-15.25,-38.25,False
1089,-33.75,17.75,-38.75,7.75,-24.75,-29.25,False
1090,-7.75,24.75,-26.25,35.75,-11.75,-28.75,False
1091,34.75,22.75,-34.25,-26.25,-12.75,-6.25,False
1092,-22.25,22.25,6.75,8.25,-23.25,3.25,False
1093,10.25,21.25,3.75,31.75,-13.25,-7.25,False
1094,37.25,14.25,0.25,-26.75,-17.75,21.25,False
1095,-40.75,19.25,25.25,-1.75,-26.25,31.75,False
1096,5.25,17.25,24.75,27.75,-16.75,30.25,True
1097,33.25,14.75,26.75,-36.25,18.25,-41.75,False
1098,-36.75,-22.25,-35.25,28.25,22.25,-36.25,False
1099,-1.25,-13.25,-40.25,-37.25,21.75,4.25,False
1100,21.25,-25.25,-31.25,5.25,22.75,-6.25,False
1101,-33.25,-24.25,-6.25,23.75,11.75,-2.25,False
1102,2.25,-21.25,-10.25,-25.25,25.75,27.25,False
1103,23.25,-15.25,6.25,-1.25,21.75,38.75,False
1104,-38.25,-16.25,30.25,38.25,25.25,39.75,False
1105,-8.75,-23.75,39.75,-32.75,-17.75,-23.25,False
1106,21.75,-17.25,24.75,5.25,-26.25,-38.75,False
1107,-36.25,19.25,-39.75,29.75,-11.75,-30.25,False
1108,-8.25,12.25,-28.75,-29.75,-17.75,-2.75,False
1109,32.75,19.75,-25.75,6.25,-18.25,-4.75,False
1110,-33.75,13.25,10.75,22.25,-21.75,6.75,False
1111,8.25,19.75,-5.25,-42.75,-25.25,21.75,False
1112,34.75,24.75,10.75,6.25,-19.75,36.75,False
1113,-37.75,16.75,39.75,37.75,-12.25,25.25,False
1114,6.25,20.75,26.25,-25.25,18.25,-40.25,False
1115,37.25,13.75,24.75,10.75,23.75,-21.75,False
1116,-26.25,-24.25,-37.75,-21.75,23.75,-7.25,False
1117,-3.75,-25.25,-21.25,3.25,16.75,-5.75,True
1118,25.25,-20.25,-35.75,35.75,11.75,8.75,False
1119,-33.75,-12.25,5.75,-23.75,19.75,33.25,True
1120,0.25,-21.25,6.75,8.25,23.75,31.25,False
1121,22.25,-16.25,2.75,36.25,13.75,36.25,False
1122,-24.25,-13.25,33.25,-25.75,-15.75,-32.25,False
1123,5.25,-15.25,30.75,1.75,-17.75,-23.25,False
1124,30.75,-17.75,41.75,26.25,-19.25,-33.75,False
1125,-25.25,19.75,-21.25,-23.75,-23.75,2.25,False
1126,-10.75,26.25,-40.25,-4.75,-18.75,3.75,False
1127,23.75,26.25,-42.25,31.25,-20.75,7.25,False
1128,-23.75,24.75,0.75,-35.75,-21.25,21.25,False
1129,-2.75,17.75,8.25,6.25,-20.25,22.25,False
1130,41.25,20.25,2.25,24.75,-24.75,23.25,False
1131,-38.25,24.25,30.25,-42.75,25.75,-30.25,False
1132,-7.75,13.75,23.75,-8.25,11.75,-30.75,False
1133,39.25,15.25,30.75,36.75,19.75,-33.75,False
1134,-38.75,-20.75,-34.25,-5.75,21.75,-7.25,False
1135,5.75,-19.25,-33.25,25.25,26.25,-4.75,False
1136,30.25,-19.25,-27.25,-31.75,13.75,38.75,False
1137,-42.75,-24.75,4.25,10.75,19.75,23.25,False
1138,-1.25,-20.75,-3.25,32.25,23.25,42.25,False
1139,26.75,-25.75,2.25,-37.75,-12.25,-26.25,False
1140,-31.25,-26.25,26.75,-7.75,-24.25,-36.75,False
1141,8.25,-23.75,27.75,30.25,-17.25,-29.25,False
1142,33.25,-24.25,34.75,-32.75,-11.75,8.75,False
1143,-22.75,18.25,-30.25,-3.25,-17.75,-1.25,False
1144,5.75,13.25,-32.25,32.75,-17.25,8.75,False
1145,26.25,24.25,-29.25,-41.25,-23.75,22.25,False
1146,-38.25,21.75,-4.75,2.25,-13.25,39.75,False
1147,5.75,15.25,2.75,41.25,-15.25,23.25,False
1148,32.75,24.75,-7.75,-37.25,12.75,-33.75,False
1149,-36.25,24.75,32.25,-2.25,24.25,-28.75,False
1150,-0.75,20.25,22.75,36.25,23.25,-40.25,False
1151,35.25,17.75,33.75,-38.25,12.75,-8.75,False
1152,-33.75,-16.25,-39.75,27.25,26.25,3.75,False
1153,-6.75,-23.25,-36.75,-24.75,13.75,22.75,False
1154,30.75,-14.25,-30.75,8.75,15.25,22.75,False
1155,-21.25,-21.75,5.25,26.25,18.25,38.25,False
1156,-7.75,-16.25,7.75,-29.75,-26.75,-29.75,False
1157,31.75,-19.75,10.25,-2.25,-15.25,-42.25,False
1158,-42.75,-19.75,26.75,35.25,-18.75,-33.25,False
1159,-2.25,-16.25,25.75,-39.25,-24.75,4.25,False
1160,25.75,-18.75,42.75,3.75,-23.25,-2.75,False
1161,-36.75,23.25,-25.25,31.25,-16.25,0.25,False
1162,-10.75,23.25,-30.25,-35.25,-15.25,30.75,False
1163,42.25,24.25,-40.75,-7.75,-22.25,38.75,False
1164,-42.75,14.75,-9.25,41.25,-17.25,23.75,False
1165,-8.75,17.25,-8.75,-32.75,16.75,-39.75,False
1166,26.75,17.25,-4.75,-9.25,24.25,-21.25,False
1167,-23.75,25.75,38.25,28.25,18.25,-30.75,False
1168,-10.25,16.75,40.75,-39.75,13.75,4.25,False
1169,36.25,20.75,30.75,-8.25,18.25,-0.75,False
1170,-27.25,-17.75,-25.75,-42.75,17.75,38.75,False
1171,9.75,-20.75,-39.75,-6.75,11.75,40.25,False
1172,26.75,-25.25,-23.25,23.75,25.75,31.75,False
1173,-42.75,-24.25,-10.25,-32.25,-25.75,-26.75,False
1174,-0.75,-13.75,-3.75,-2.25,-22.25,-37.75,True
1175,36.75,-14.75,1.25,24.25,-16.75,-24.75,False
1176,-39.25,-18.25,24.75,-23.25,-13.75,4.25,False
1177,-3.25,-21.25,31.75,-11.25,-12.25,4.25,False
1178,37.75,-19.25,26.75,37.25,-24.75,-8.25,False
1179,-25.25,12.75,-25.75,-24.25,-23.25,27.25,False
1180,-9.75,17.25,-37.75,4.25,-19.25,29.75,False
1181,28.75,24.75,-29.25,40.75,-25.25,35.75,False
1182,-32.25,21.25,10.75,-31.75,12.75,-41.75,True
1183,4.75,22.25,-9.75,4.25,14.75,-22.25,False
1184,41.25,26.75,-0.25,40.75,23.25,-40.25,True
1185,-27.75,24.25,30.25,-32.25,19.75,1.75,True
1186,3.75,23.75,40.25,-0.25,25.25,-5.75,True
1187,24.75,17.75,39.75,35.75,14.75,4.25,True
1188,-29.25,-13.75,-29.75,-8.75,19.75,33.25,False
1189,-8.25,-12.75,-28.75,25.25,20.25,25.75,False
1190,41.75,-17.25,-21.25,-27.25,-19.25,-42.75,False
1191,-37.75,-24.75,-8.75,-6.25,-16.25,-26.75,False
1192,-9.25,-17.25,-4.75,35.25,-25.25,-41.25,False
1193,22.75,-26.25,-5.25,-21.25,-16.25,-6.25,False
1194,-38.25,-17.75,41.75,-8.25,-16.75,6.75,False
1195,9.75,-22.75,26.25,37.75,-13.75,-4.25,False
1196,29.25,-17.25,27.25,-41.75,-13.25,27.75,False
1197,-23.25,25.25,-26.25,1.25,-13.75,29.75,False
1198,8.75,19.75,-22.25,39.25,-15.25,33.75,False
1199,31.75,13.75,-40.75,-30.75,24.75,-24.75,False
1200,-25.25,18.25,-9.75,10.25,18.75,-32.75,False
1201,-4.75,21.75,3.25,31.25,13.75,-21.25,False
1202,21.75,21.25,0.25,-29.25,21.75,-7.75,False
1203,-36.25,18.75,25.25,-5.25,26.25,-2.25,False
1204,6.25,17.75,27.75,35.25,25.75,-4.75,False
1205,42.25,24.75,36.25,-42.25,24.75,28.25,True
1206,-25.25,-13.25,-38.25,23.25,19.25,33.25,False
1207,-0.25,-11.75,-38.25,-41.25,-17.75,-33.75,False
1208,37.25,-12.25,-25.75,2.75,-19.25,-23.75,False
1209,-32.25,-11.75,-6.75,37.75,-18.75,-20.75,False
1210,-2.75,-14.75,-11.25,-28.75,-15.75,-1.25,False
1211,36.75,-15.75,-7.75,4.25,-24.25,-5.25,False
1212,-33.25,-21.25,26.75,42.25,-25.25,-3.75,False
1213,5.25,-23.75,39.25,-42.25,-12.75,33.75,False
1214,31.75,-26.25,31.75,9.75,-18.75,21.25,False
1215,-24.75,16.25,-23.75,21.25,-14.25,28.25,False
1216,-4.25,26.75,-31.75,-33.75,15.75,-26.25,True
1217,34.25,19.25,-42.25,-1.75,20.75,-37.25,False
1218,-35.75,21.25,8.25,30.75,22.25,-26.25,False
1219,1.75,16.75,-9.75,-28.75,22.75,-10.75,False
1220,25.25,16.75,1.25,8.75,14.75,2.75,False
1221,-23.25,16.75,32.25,21.25,26.25,-8.25,False
1222,10.75,17.25,22.75,-32.25,12.25,33.75,False
1223,40.25,23.25,35.25,3.25,23.25,22.75,True
1224,-37.75,-21.25,-33.25,0.75,-19.75,-25.75,False
1225,-7.25,-14.75,-32.75,42.25,-15.25,-23.75,True
1226,21.25,-16.75,-29.75,-27.75,-15.25,-8.25,False
1227,-35.25,-17.25,10.25,9.75,-22.75,-8.75,True
1228,-10.75,-11.75,-3.75,28.25,-22.75,-8.25,False
1229,33.25,-14.75,0.25,-23.75,-25.25,21.75,False
1230,-32.75,-20.75,22.75,2.25,-12.25,27.75,False
1231,7.25,-21.75,37.25,43.25,-13.75,25.25,False
1232,32.75,-12.75,30.75,-32.25,11.75,-27.25,False
1233,-32.75,18.75,-34.25,-3.25,20.75,-32.75,True
1234,-9.25,17.75,-23.75,23.25,22.25,-24.25,False
1235,25.25,19.75,-38.25,-28.25,16.25,8.25,False
1236,-28.75,16.75,0.75,-0.25,16.25,-2.75,True
1237,-2.25,20.25,-8.75,42.75,16.25,5.75,False
1238,26.25,12.25,-8.25,-26.25,13.75,34.75,False
1239,-38.75,14.25,33.25,6.75,22.75,35.75,False
1240,-1.75,15.75,40.25,40.25,21.25,24.75,False
1241,41.25,25.25,38.75,-41.25,-13.75,-34.75,False
1242,-30.25,-17.25,-27.25,24.25,-13.25,-36.75,False
1243,9.75,-14.75,-32.75,-26.75,-18.75,8.75,False
1244,35.25,-14.25,-35.75,4.25,-15.75,4.25,False
1245,-24.25,-18.75,6.75,30.25,-26.25,5.25,False
1246,0.75,-17.75,3.75,-27.25,-22.75,30.75,False
1247,27.25,-19.25,8.25,-8.75,-14.75,38.25,False
1248,-26.75,-22.75,23.25,29.75,-24.25,38.75,False
1249,-1.75,-23.25,29.25,-28.25,25.75,-42.25,False
1250,23.75,-21.75,39.25,7.25,12.75,-33.75,False
1251,-37.25,17.75,-39.75,42.25,12.25,-39.75,False
1252,-5.75,17.75,-36.25,-29.75,14.75,3.25,False
1253,40.75,14.75,-37.25,-10.25,11.75,-5.75,False
1254,-40.25,23.75,-5.75,28.25,25.25,6.25,False
1255,0.75,20.25,-2.75,-22.25,16.75,34.75,False
1256,21.25,23.75,8.75,8.75,19.75,28.75,False
1257,-29.75,18.75,40.25,24.25,24.75,35.25,False
1258,-10.25,21.75,28.25,-21.25,-20.75,-42.75,False
1259,31.75,17.75,24.25,0.75,-13.75,-24.75,False
1260,-34.25,-16.75,-42.25,-35.25,-15.25,2.25,False
1261,0.75,-18.75,-29.25,2.25,-26.75,-1.25,True
1262,35.25,-24.25,-31.25,36.75,-25.75,1.75,False
1263,-40.25,-14.25,-10.25,-26.25,-23.75,40.75,True
1264,9.75,-26.25,3.75,6.25,-12.75,42.75,False
1265,37.25,-24.25,4.25,22.75,-25.25,36.75,True
1266,-29.75,-12.75,23.75,-26.25,17.75,-32.25,True
1267,-10.75,-21.75,42.25,-10.25,21.25,-26.75,False
1268,26.25,-26.25,40.25,34.25,12.25,-23.75,True
1269,-34.75,14.75,-23.75,-39.25,18.75,5.25,False
1270,-6.75,13.75,-23.75,-5.25,22.75,-2.25,False
1271,34.75,12.75,-42.25,27.25,16.75,-1.25,False
1272,-36.25,22.25,-10.25,-32.75,25.25,25.75,True
1273,-1.75,12.25,-8.75,-6.75,22.75,28.75,False
1274,26.75,15.25,3.25,39.75,17.25,22.25,False
1275,-22.75,23.25,40.75,-42.25,-15.75,-30.25,False
1276,9.75,15.25,35.75,8.75,-16.25,-31.25,False
1277,22.25,13.75,34.75,36.25,-14.75,-34.25,False
1278,-21.75,-16.75,-40.25,-2.25,-12.25,-10.25,False
1279,-8.75,-22.25,-30.25,33.25,-11.75,6.75,False
1280,32.75,-23.25,-42.75,-22.75,-22.75,40.25,False
1281,-30.75,-24.25,-2.25,-4.25,-22.75,32.25,False
1282,8.75,-16.25,-3.75,21.75,-18.25,34.25,False
1283,42.75,-19.75,1.75,-41.75,13.25,-36.75,False
1284,-23.25,-14.25,23.25,1.75,18.25,-39.75,False
1285,-3.25,-17.75,32.25,39.75,16.25,-40.75,False
1286,28.75,-17.75,20.75,-26.25,25.75,0.75,False
1287,-31.75,16.75,-40.25,5.75,16.25,6.75,False
1288,5.25,24.25,-27.25,29.25,26.25,-6.75,False
1289,29.75,25.75,-29.75,-30.25,20.25,25.75,False
1290,-40.75,23.75,-10.25,10.25,17.25,36.75,False
1291,-3.25,12.75,-1.75,37.75,25.75,29.25,False
1292,21.25,14.75,-7.25,-38.25,-23.25,-26.75,False
1293,-27.25,21.25,40.25,4.25,-24.25,-26.75,False
1294,-10.75,17.25,24.25,35.75,-26.75,-38.25,False
1295,23.75,16.75,22.75,-33.75,-12.75,4.75,False
1296,-21.25,-24.25,-28.25,40.25,-23.75,3.75,False
1297,-3.25,-23.75,-38.75,-38.75,-22.25,31.75,False
1298,28.25,-17.25,-35.75,-1.25,-14.25,28.25,False
1299,-23.25,-24.25,-2.25,35.75,-24.25,24.25,False
1300,-5.25,-20.25,-10.75,-24.75,18.75,-24.75,False
1301,40.25,-16.25,4.75,-0.75,16.25,-31.75,False
1302,-32.25,-25.75,40.75,30.25,16.25,-22.75,False
1303,5.75,-26.25,22.25,-30.25,23.75,-8.75,False
1304,37.75,-17.25,21.25,2.25,19.75,2.75,False
1305,-32.75,13.75,-22.25,32.75,16.25,2.75,False
1306,-5.25,18.25,-22.75,-22.75,15.75,30.75,False
1307,40.25,26.25,-29.75,10.75,22.25,28.25,False
1308,-34.25,20.25,4.75,32.25,23.25,31.75,False
1309,10.25,23.25,-1.75,-40.25,-26.25,-25.75,False
1310,31.25,12.75,-3.25,8.25,-25.25,-21.75,False
1311,-35.75,23.25,39.75,42.75,-22.75,-28.25,False
1312,3.25,26.75,22.25,-26.75,-18.25,6.25,False
1313,25.25,23.25,22.75,-6.25,-18.25,-4.75,False
1314,-42.25,-23.75,-36.25,-30.25,-16.75,31.25,False
1315,8.25,-21.25,-42.25,-7.75,-23.75,31.75,False
1316,29.75,-13.75,-33.25,31.75,-22.75,33.75,False
1317,-22.75,-15.25,9.25,-41.75,14.25,-40.75,False
1318,-9.25,-17.75,-7.75,4.25,11.75,-35.75,False
1319,23.25,-13.75,-1.25,23.75,26.75,-42.75,False
1320,-41.75,-21.75,41.75,-25.25,21.25,0.25,False
1321,-3.25,-26.25,23.75,-10.25,19.75,6.25,False
1322,33.75,-12.75,22.25,29.75,12.25,-3.25,False
1323,-30.75,25.75,-40.25,-40.75,14.25,38.25,False
1324,4.25,24.25,-35.75,-8.25,22.25,30.25,False
1325,37.25,12.25,-41.25,29.75,18.25,24.75,False
1326,-39.75,15.25,9.25,-39.25,-24.75,-37.25,False
1327,-0.25,20.25,2.25,-6.25,-23.75,-24.75,False
1328,34.75,23.75,5.75,22.75,-18.75,-23.25,False
1329,-36.75,13.25,28.25,-35.25,-24.25,-3.75,False
1330,-6.25,26.75,32.75,1.25,-22.25,-10.25,False
1331,27.75,22.25,30.25,42.25,-21.25,-3.25,False
1332,-35.25,-18.25,-30.75,5.25,-14.75,27.75,False
1333,-9.25,-22.75,-40.75,36.25,-17.75,39.75,False
1334,41.25,-25.25,-40.75,-35.75,11.75,-21.25,False
1335,-28.25,-12.25,7.75,-4.75,22.25,-28.25,False
1336,2.75,-12.75,-1.25,39.25,18.25,-31.75,False
1337,30.25,-14.75,-8.75,-39.25,24.25,-0.25,False
1338,-26.75,-26.25,34.75,4.75,21.25,1.25,False
1339,-10.25,-11.75,38.25,30.25,16.75,8.75,False
1340,24.75,-16.75,34.25,-30.25,22.25,21.25,False
1341,-23.25,17.75,-36.75,8.25,18.75,42.25,False
1342,10.25,22.25,-40.75,41.25,23.25,33.75,False
1343,21.25,23.75,-27.75,-24.75,-19.25,-31.25,False
1344,-24.25,24.25,-6.75,3.75,-13.25,-40.25,False
1345,8.25,20.25,8.75,36.75,-13.25,-28.75,False
1346,26.25,15.75,8.75,-34.25,-20.75,4.75,False
1347,-36.75,16.75,30.75,9.25,-20.75,10.75,False
1348,3.25,18.25,24.75,34.75,-19.25,-8.25,False
1349,26.75,18.75,39.25,-34.25,-17.75,41.75,False
1350,-24.75,-14.75,-24.75,26.75,-13.75,32.25,False
1351,1.75,-17.25,-27.25,-27.75,19.25,-36.25,True
1352,27.75,-20.75,-30.75,9.25,12.25,-32.75,False
1353,-28.75,-23.25,1.25,27.75,19.25,-24.75,False
1354,-8.25,-23.75,10.25,-28.75,13.75,-1.75,False
1355,34.75,-18.25,-10.75,-10.25,14.25,9.75,False
1356,-22.75,-17.75,25.25,42.25,23.75,2.25,False
1357,3.25,-12.75,38.25,-27.75,18.25,37.75,False
1358,32.25,-14.75,29.25,-10.75,16.25,29.25,True
1359,-20.75,25.25,-41.25,21.25,17.75,35.75,False
1360,-5.75,24.75,-28.25,-25.75,-25.25,-34.75,False
1361,33.75,17.75,-32.75,-1.25,-12.75,-37.25,False
1362,-33.75,17.25,6.75,23.75,-24.75,-30.75,False
1363,-5.75,20.25,-3.75,-36.75,-21.75,4.75,False
1364,23.25,26.75,-7.25,5.75,-22.25,7.75,False
1365,-42.75,26.75,22.25,25.25,-23.25,4.25,False
1366,6.75,26.75,27.75,-25.25,-23.75,34.75,True
1367,40.75,22.25,40.25,10.25,-26.25,38.25,False
1368,-27.75,-13.75,-35.75,-28.25,12.75,-32.25,True
1369,8.75,-12.25,-30.25,-7.25,19.25,-42.25,True
1370,21.75,-22.25,-21.25,37.25,26.75,-36.75,False
1371,-30.75,-16.25,0.25,-41.75,18.25,0.25,True
1372,-5.25,-17.25,-0.25,5.25,23.25,-10.25,False
1373,42.75,-17.75,0.25,34.25,26.25,7.25,True
1374,-40.75,-19.25,31.25,-23.75,16.25,41.25,False
1375,-10.25,-26.75,25.75,5.75,23.25,22.75,True
1376,41.75,-17.25,37.25,32.25,18.25,35.75,True
1377,-35.75,21.25,-25.75,-37.25,-19.75,-37.75,True
1378,-7.25,15.25,-30.75,-6.25,-22.25,-37.75,True
1379,37.25,22.25,-21.25,37.75,-11.75,-25.25,True
1380,-23.25,21.25,5.25,-25.75,-16.25,1.25,True
1381,-7.25,25.75,-5.25,3.25,-17.25,5.25,False
1382,39.75,17.75,8.75,26.25,-22.75,-1.75,True
1383,-26.75,20.25,23.75,-37.25,-22.25,42.25,False
1384,-5.25,16.75,32.75,8.75,-22.25,37.75,True
1385,23.25,19.25,40.75,40.75,-22.25,27.75,True
1386,-40.25,-19.75,-26.25,-6.75,23.25,-26.75,True
1387,-6.25,-22.25,-32.25,30.25,18.75,-25.25,False
1388,39.25,-25.75,-32.75,-26.75,17.75,-6.25,False
1389,-32.25,-13.25,1.75,0.75,15.75,3.25,False
1390,-0.75,-17.75,-10.75,23.25,19.25,5.25,False
1391,42.25,-14.25,7.25,-26.75,21.75,24.25,False
1392,-37.75,-21.25,30.75,-9.25,22.75,38.25,False
1393,-0.25,-21.75,31.75,34.75,15.75,41.75,False
1394,31.75,-15.75,21.25,-21.75,-22.75,-41.75,False
1395,-24.25,25.75,-39.75,-8.25,-16.25,-41.25,False
1396,3.75,21.25,-38.75,26.25,-20.75,-40.25,False
1397,32.75,16.75,-40.25,-40.75,-13.75,8.75,False
1398,-37.25,13.75,-2.25,-1.75,-12.25,7.75,False
1399,1.25,17.25,2.75,36.75,-17.25,4.25,True
1400,36.75,16.25,0.25,-32.75,-26.75,25.75,False
1401,-22.75,11.75,32.25,2.25,-24.75,25.75,True
1402,2.25,14.75,39.25,24.25,-23.75,42.25,False
1403,31.25,24.25,32.75,-34.75,25.25,-33.75,False
1404,-30.75,-22.75,-37.25,25.75,20.75,-31.25,False
1405,-10.75,-12.75,-31.75,-30.25,14.75,9.25,False
1406,42.25,-15.25,-28.75,-3.75,25.25,-9.75,False
1407,-28.75,-14.75,-9.25,42.75,25.75,-6.25,False
1408,-9.25,-20.25,-9.25,-23.25,18.75,23.25,False
1409,40.25,-15.75,2.25,-8.25,25.25,40.25,False
1410,-36.75,-16.25,41.25,25.25,12.75,21.75,False
1411,2.25,-26.75,35.75,-32.75,-12.75,-30.75,False
1412,38.25,-24.75,24.75,-10.75,-21.75,-42.75,False
1413,-33.25,23.75,-36.75,35.25,-11.75,-35.25,False
1414,-9.25,15.75,-23.25,-22.75,-14.75,5.75,False
1415,36.75,12.75,-22.75,-9.25,-13.75,3.75,False
1416,-39.75,19.25,-2.25,32.75,-18.25,1.75,False
1417,-10.25,24.25,-0.25,-39.25,-12.25,40.75,False
1418,38.25,24.75,-4.75,-1.75,-20.25,30.75,False
1419,-42.25,17.25,27.25,32.75,-13.25,33.25,False
1420,-2.25,25.25,24.25,-32.75,23.75,-35.25,False
1421,38.75,12.75,22.25,7.25,18.25,-38.75,False
1422,-42.75,-21.25,-22.75,-22.25,21.25,-1.25,False
1423,-4.25,-18.25,-35.25,5.25,13.25,-3.75,True
1424,36.25,-16.75,-22.75,38.75,23.75,-10.75,False
1425,-42.75,-26.25,5.25,-33.75,24.75,28.75,False
1426,4.75,-12.25,3.25,-1.75,15.75,23.25,False
1427,34.75,-21.75,-9.25,37.25,12.75,24.25,False
1428,-33.75,-23.25,23.25,-38.75,-16.75,-29.75,False
1429,-6.75,-22.25,21.75,-3.25,-25.25,-38.25,False
1430,29.25,-11.75,36.25,40.25,-22.75,-24.75,False
1431,-42.25,17.25,-37.75,-27.75,-15.75,1.75,False
1432,0.75,24.25,-32.75,-0.25,-18.25,-7.75,True
1433,25.75,21.75,-34.25,34.25,-22.25,10.25,False
1434,-39.75,15.25,-10.75,-40.75,-24.25,34.75,False
1435,-6.75,14.25,4.75,4.25,-19.75,22.25,False
1436,22.25,26.75,2.75,22.75,-17.75,30.75,False
1437,-33.25,14.75,42.25,-42.75,23.25,-29.25,False
1438,-1.25,24.25,29.25,-8.75,26.75,-22.25,False
1439,21.25,23.25,41.25,29.25,21.75,-28.75,False
1440,-31.25,-15.75,-33.25,2.75,13.75,-2.75,False
1441,-9.25,-18.75,-34.25,41.75,13.25,-7.25,False
1442,42.75,-15.75,-34.75,-31.75,19.75,35.25,False
1443,-21.75,-26.25,-8.75,2.25,25.75,42.25,False
1444,-4.75,-22.25,0.75,27.75,12.75,38.25,False
1445,36.25,-13.75,6.75,-30.75,-25.25,-23.25,False
1446,-33.75,-20.25,36.25,-0.25,-15.75,-39.75,False
1447,-2.75,-18.75,30.75,25.25,-13.75,-31.25,False
1448,33.75,-22.75,39.75,-23.75,-17.25,-7.25,False
1449,-27.75,19.25,-28.75,-2.75,-21.75,-3.75,False
1450,-10.75,14.25,-27.25,36.25,-13.25,4.25,False
1451,29.25,26.25,-39.75,-40.25,-21.25,32.25,False
1452,-29.25,15.25,4.75,5.25,-12.75,22.75,False
1453,-4.75,15.75,-4.25,39.25,-21.75,24.75,False
1454,24.75,25.75,-10.75,-27.25,22.25,-42.25,False
1455,-30.25,26.25,42.75,-9.75,16.25,-27.75,False
1456,8.75,14.75,32.75,28.25,13.25,-42.25,False
1457,40.75,19.75,25.25,-42.75,20.75,4.75,False
1458,-34.25,-23.25,-36.75,36.75,18.75,4.25,False
1459,-3.25,-16.25,-29.75,-26.25,21.75,22.75,False
1460,20.75,-15.25,-29.25,7.75,16.75,39.25,False
1461,-34.75,-23.25,-7.75,42.75,25.25,34.25,False
1462,0.25,-24.25,-4.75,-38.75,-18.75,-27.25,False
1463,23.25,-21.25,-10.25,-3.25,-24.75,-41.75,False
1464,-33.25,-12.75,24.25,25.75,-12.25,-29.75,False
1465,-4.25,-18.75,34.75,-35.75,-22.75,-8.25,False
1466,25.25,-17.25,27.25,-4.75,-15.25,-4.75,False
1467,-38.25,21.75,-31.75,36.75,-11.75,3.75,False
1468,-7.25,13.75,-41.75,-24.25,-22.75,35.25,False
1469,37.75,24.25,-36.25,-2.75,-17.25,32.25,False
1470,-35.75,23.25,-0.75,31.25,-26.25,39.75,False
1471,5.75,17.25,8.75,-24.25,19.75,-32.25,False
1472,39.75,23.75,2.75,5.75,25.75,-40.75,False
1473,-36.25,13.25,42.25,28.75,14.75,-22.25,False
1474,-9.75,14.25,37.75,-26.75,26.25,9.25,False
1475,41.25,19.25,28.75,-7.25,19.25,-4.75,False
1476,-24.25,-19.75,-31.75,-23.25,26.25,34.25,False
1477,0.75,-22.25,-28.75,2.75,11.75,26.25,False
1478,25.75,-17.25,-22.75,35.25,22.75,28.75,False
1479,-32.25,-13.25,4.75,-32.75,-12.25,-37.25,True
1480,7.75,-12.75,9.25,0.25,-20.75,-22.25,True
1481,22.25,-19.75,-10.75,33.75,-17.75,-32.75,False
1482,-21.25,-25.75,31.75,-37.25,-20.75,6.75,True
1483,-1.25,-21.75,24.75,1.75,-26.75,9.75,True
1484,26.75,-13.25,22.75,23.25,-13.75,-0.25,False
1485,-40.75,12.75,-28.25,-25.25,-18.75,33.75,False
1486,-10.75,26.75,-25.75,5.25,-16.75,23.75,False
1487,30.25,19.25,-29.75,29.25,-12.75,43.25,False
1488,-28.25,19.75,7.75,-42.75,19.25,-27.75,False
1489,9.25,16.25,-1.25,-10.25,24.75,-35.25,False
1490,22.75,12.25,1.25,34.75,25.75,-28.75,True
1491,-32.75,19.75,38.75,-27.25,23.25,5.25,True
1492,4.75,13.75,36.75,9.75,26.75,6.75,False
1493,31.25,19.75,26.25,27.75,23.75,-1.25,True
1494,-37.25,-12.75,-33.25,1.25,16.25,39.25,False
1495,10.75,-24.75,-24.75,34.75,19.25,29.75,False
1496,40.25,-22.75,-29.25,-25.75,-17.75,-31.75,False
1497,-36.25,-22.75,-1.75,-6.75,-22.75,-29.75,False
1498,2.25,-13.75,-8.75,29.25,-24.25,-39.75,False
1499,37.25,-19.75,4.25,-40.75,-20.25,1.75,True
1500,-22.25,-14.25,32.25,-1.25,-13.25,-2.25,False
1501,6.25,-20.75,36.25,40.75,-23.25,-1.25,False
1502,42.25,-25.25,31.75,-20.75,-15.75,35.75,False
1503,-28.25,26.75,-42.25,1.25,-13.25,37.75,False
1504,-4.25,22.75,-42.25,21.75,-23.25,29.75,False
1505,36.75,22.75,-22.75,-22.25,13.25,-22.75,False
1506,-33.25,19.25,-4.75,1.25,13.75,-37.25,False
1507,-6.75,16.75,7.75,29.25,22.25,-42.25,False
1508,38.25,19.25,5.75,-36.75,16.25,6.25,False
1509,-28.75,15.25,38.75,-1.25,21.75,8.75,False
1510,9.75,22.25,24.75,29.75,26.25,-4.75,False
1511,41.25,24.75,41.25,-21.25,13.75,21.75,False
1512,-41.25,-16.25,-34.25,30.75,12.75,35.75,False
1513,5.25,-25.75,-37.25,-32.25,-23.25,-29.25,True
1514,38.25,-20.75,-36.75,1.25,-16.25,-25.75,True
1515,-31.25,-11.75,5.75,36.25,-23.25,-36.75,False
1516,9.25,-22.25,-8.25,-21.75,-12.25,-10.25,False
1517,32.75,-13.75,-6.25,10.75,-24.25,-4.25,False
1518,-24.25,-26.75,27.25,41.75,-19.25,2.75,False
1519,7.25,-14.75,28.75,-40.75,-15.75,30.75,True
1520,30.75,-25.25,38.25,5.25,-21.75,22.25,True
1521,-30.75,17.25,-24.25,42.75,-24.75,25.75,False
1522,10.75,25.75,-27.25,-40.75,16.25,-22.75,False
1523,36.25,21.25,-38.25,10.25,15.75,-38.75,False
1524,-28.25,16.25,-9.75,41.25,20.25,-35.25,False
1525,1.25,23.25,0.75,-27.25,15.25,0.25,True
1526,39.75,25.75,4.25,-4.75,17.25,8.25,False
1527,-38.75,12.25,39.25,26.25,22.75,-3.75,False
1528,-4.75,20.25,23.75,-29.25,24.25,24.75,False
1529,27.25,19.75,25.25,-3.75,18.75,31.75,True
1530,-36.25,-21.25,-33.25,-8.75,-14.25,-40.25,False
1531,3.75,-20.25,-25.75,36.25,-19.25,-40.75,True
1532,30.75,-14.75,-26.25,-36.75,-24.75,10.25,False
1533,-21.75,-24.75,-9.25,-4.75,-24.75,10.75,False
1534,-7.75,-12.25,10.25,35.75,-16.25,10.25,False
1535,26.75,-14.25,0.25,-39.75,-26.75,37.25,False
1536,-26.75,-17.25,35.75,7.75,-22.75,35.75,False
1537,0.75,-21.75,33.25,33.75,-17.75,24.25,False
1538,27.75,-21.25,38.25,-33.25,21.25,-30.25,False
1539,-23.25,11.75,-23.75,-5.75,25.25,-31.75,False
1540,-7.75,25.25,-31.75,21.25,12.75,-27.25,True
1541,29.75,20.25,-38.75,-23.25,13.75,-7.75,False
1542,-36.25,26.25,-8.75,-6.75,21.75,5.25,True
1543,-1.75,23.25,-2.25,31.75,16.25,9.75,False
1544,27.75,22.75,-5.75,-32.75,14.75,33.25,False
1545,-23.25,11.75,27.25,3.25,26.25,36.75,False
1546,-1.25,14.25,25.25,34.75,21.75,34.75,True
1547,26.75,17.25,29.75,-28.75,-22.25,-27.75,False
1548,-42.25,-25.75,-26.25,31.25,-24.25,-21.75,False
1549,2.25,-22.25,-22.75,-24.25,-17.25,-0.25,False
1550,37.25,-25.25,-22.75,9.25,-21.75,-10.75,False
1551,-32.75,-21.75,-7.25,26.25,-18.75,-5.75,False
1552,1.75,-11.75,7.75,-22.75,-14.75,35.25,False
1553,22.25,-26.25,-1.25,8.25,-12.25,28.75,False
1554,-35.75,-25.75,36.75,26.25,-25.75,36.75,False
1555,-4.75,-20.75,42.25,-31.25,21.25,-31.25,False
1556,25.25,-14.75,22.25,3.75,23.75,-26.75,False
1557,-26.75,14.75,-40.75,39.75,17.25,-24.75,False
1558,3.75,16.25,-35.75,-38.25,15.25,6.75,False
1559,33.75,26.25,-29.25,5.75,13.75,10.75,False
1560,-27.75,19.75,-3.25,36.25,14.25,-5.75,False
1561,7.25,25.75,2.25,-39.25,18.75,22.25,False
1562,29.25,23.75,-8.75,-7.75,25.25,32.25,False
1563,-34.75,16.25,39.25,29.25,23.75,33.75,False
1564,-1.25,26.25,40.25,-21.25,-23.25,-25.75,False
1565,33.25,18.25,38.25,3.25,-24.25,-23.75,False
1566,-35.25,-14.25,-23.75,-39.25,-25.25,-0.25,False
1567,1.25,-15.75,-26.75,-10.75,-22.75,-4.75,False
1568,29.25,-26.25,-30.75,30.75,-24.25,1.75,True
1569,-27.75,-21.25,3.25,-40.25,-12.75,28.75,False
1570,9.25,-20.25,6.25,7.25,-12.25,37.25,False
1571,39.25,-18.25,-6.25,25.75,-19.75,36.25,True
1572,-35.25,-13.25,21.25,-22.25,18.75,-34.25,False
1573,5.75,-14.25,35.25,9.25,16.75,-41.75,False
1574,35.25,-19.75,25.25,21.25,14.25,-42.75,False
1575,-35.25,12.75,-25.75,-31.75,24.25,5.25,False
1576,-2.75,18.75,-23.75,0.75,22.25,6.75,False
1577,23.75,26.25,-21.25,39.75,12.75,-4.75,True
1578,-28.25,26.25,-10.75,-39.75,25.75,32.75,False
1579,9.75,25.75,7.75,-1.75,13.25,34.75,False
1580,25.75,12.75,9.75,35.75,22.75,32.75,True
1581,-39.75,19.75,33.25,-41.75,-20.75,-28.25,False
1582,-8.75,25.75,40.25,-5.25,-18.75,-38.75,False
1583,31.75,16.25,23.75,34.25,-11.75,-39.25,True
1584,-22.25,-20.25,-40.75,-4.75,-18.25,10.25,False
1585,10.25,-26.25,-30.75,28.25,-26.75,-3.75,False
1586,22.25,-12.25,-34.75,-26.75,-18.75,39.25,False
1587,-28.75,-17.25,1.75,-4.75,-17.25,36.25,False
1588,0.75,-14.75,-1.75,41.25,-15.75,40.25,False
1589,42.25,-11.75,-9.75,-23.75,17.25,-22.25,False
1590,-26.25,-25.25,25.25,-8.25,24.25,-31.75,False
1591,5.25,-26.75,35.25,29.25,23.25,-31.25,False
1592,26.75,-18.25,21.75,-26.75,13.75,-3.25,False
1593,-24.25,24.25,-38.75,-0.75,23.25,6.25,False
1594,2.75,19.25,-21.25,23.25,26.75,8.75,False
1595,30.75,17.25,-34.75,-31.25,22.25,25.75,False
1596,-23.75,19.25,9.25,-1.75,16.25,35.75,False
1597,6.25,17.75,5.75,30.75,23.75,21.75,False
1598,28.25,13.75,4.75,-37.25,-21.75,-38.75,False
1599,-26.25,24.75,36.75,4.25,-13.75,-35.25,False
1600,-2.25,17.75,40.75,39.75,-20.25,-28.75,False
1601,38.25,16.25,26.75,-23.75,-16.75,-10.75,False
1602,-42.75,-26.25,-33.25,21.75,-20.25,-6.25,False
1603,-9.75,-13.25,-34.75,-33.25,-26.25,38.25,False
1604,21.25,-16.75,-40.75,-3.75,-20.75,35.75,False
1605,-38.75,-18.25,10.75,25.25,-17.75,41.75,False
1606,10.75,-22.75,-9.75,-30.25,14.25,-36.75,False
1607,24.75,-11.75,5.25,4.25,22.25,-29.25,False
1608,-35.25,-21.75,29.75,21.25,14.25,-34.25,False
1609,-10.25,-26.75,42.75,-32.75,18.25,-5.75,False
1610,37.25,-15.25,32.25,-10.75,17.75,-7.25,False
1611,-39.75,21.25,-21.75,30.75,22.75,0.75,False
1612,-8.75,24.25,-39.25,-39.25,19.75,39.25,False
1613,30.75,24.25,-24.25,2.25,26.25,29.75,False
1614,-21.75,12.75,-0.75,35.25,15.25,39.25,False
1615,-1.75,21.25,8.75,-37.25,-19.25,-31.25,False
1616,36.25,21.75,-2.75,5.25,-21.75,-26.75,False
1617,-40.25,13.75,31.25,36.75,-21.75,-24.75,False
1618,3.25,22.75,41.75,-41.75,-22.75,7.75,False
1619,37.25,25.75,37.25,-8.25,-18.25,-3.75,False
1620,-25.75,-11.75,-27.25,-38.25,-26.25,38.25,False
1621,-0.75,-15.75,-22.25,7.25,-24.75,36.25,False
1622,42.75,-26.25,-31.25,40.75,-12.75,40.75,True
1623,-27.75,-20.25,-2.75,-38.25,24.25,-35.75,False
1624,-7.75,-11.75,7.25,9.25,23.25,-27.25,False
1625,39.75,-25.25,-7.25,21.75,26.75,-23.25,True
1626,-23.75,-24.75,42.75,-35.25,24.75,-10.75,False
1627,-1.75,-18.75,36.25,8.75,11.75,-4.25,False
1628,36.25,-12.75,39.25,26.25,25.25,-10.75,False
1629,-35.25,26.25,-23.25,-28.75,20.75,40.25,False
1630,-3.75,19.25,-39.25,1.25,14.75,33.25,False
1631,39.25,25.75,-37.25,36.75,24.25,39.25,False
1632,-31.75,20.75,-7.75,-29.25,-13.25,-25.75,False
1633,-3.25,21.75,0.75,-6.25,-17.75,-35.25,False
1634,32.75,21.25,-9.75,29.25,-20.75,-39.75,False
1635,-29.25,18.25,21.25,-21.75,-11.75,1.25,False
1636,-0.75,18.25,28.75,-5.25,-17.25,0.75,False
1637,31.25,17.25,30.75,32.25,-14.75,0.75,False
1638,-23.75,-25.25,-23.75,-9.75,-24.25,28.25,False
1639,7.75,-26.75,-34.25,34.25,-20.75,36.25,False
1640,21.75,-19.25,-34.25,-33.25,13.75,-35.25,False
1641,-21.25,-21.75,-7.25,9.75,16.25,-33.75,False
1642,2.75,-17.25,5.75,21.75,25.25,-36.75,False
1643,35.25,-16.25,-3.75,-31.75,17.25,2.25,False
1644,-39.75,-13.75,39.25,-10.75,19.25,1.75,False
1645,-4.25,-25.25,42.75,36.75,11.75,-10.75,False
1646,42.75,-21.25,34.25,-30.75,24.25,28.25,False
1647,-38.25,21.25,-39.75,-2.25,20.25,30.25,False
1648,-3.25,22.25,-36.75,21.25,13.75,34.25,False
1649,30.75,17.75,-40.75,-38.25,-16.75,-31.75,False
1650,-42.75,18.25,8.25,3.25,-17.25,-34.25,False
1651,7.25,18.25,2.25,23.75,-14.75,-32.25,False
1652,36.75,11.75,2.25,-41.75,-20.25,4.25,False
1653,-23.75,18.75,31.75,-3.25,-19.75,5.25,False
1654,8.75,16.25,28.75,25.25,-12.75,2.75,False
1655,22.75,15.25,42.75,-31.25,-12.25,39.75,False
1656,-40.25,-22.25,-35.25,27.75,-25.25,26.75,False
1657,2.25,-12.75,-28.75,-32.75,16.75,-30.25,True
1658,33.25,-19.25,-23.75,5.75,17.75,-33.75,False
1659,-38.75,-14.25,9.75,30.75,22.75,-23.75,False
1660,6.25,-22.25,5.75,-22.75,23.25,9.75,False
1661,40.75,-16.75,3.25,-5.75,23.25,-0.75,True
1662,-29.25,-23.75,40.25,38.75,18.25,8.75,False
1663,8.75,-11.75,33.25,-38.75,23.75,36.25,False
1664,40.75,-20.75,27.25,-0.75,25.25,42.25,False
1665,-40.25,17.25,-32.25,41.25,21.75,28.25,False
1666,-3.75,20.25,-32.25,-24.25,-14.75,-32.25,True
1667,42.75,20.75,-30.75,-5.25,-12.75,-34.25,False
1668,-26.25,20.75,-10.75,23.25,-16.25,-39.25,False
1669,8.25,16.75,9.75,-41.25,-12.25,-4.75,False
1670,35.75,20.25,5.25,2.25,-25.75,-3.75,True
1671,-40.25,11.75,28.25,42.75,-19.25,9.75,False
1672,9.75,20.75,38.75,-38.75,-25.75,42.25,False
1673,42.25,21.75,29.75,9.75,-16.75,21.25,False
1674,-24.25,-13.25,-29.25,-28.25,15.75,-34.75,True
1675,-8.75,-13.75,-23.25,-7.75,25.75,-28.25,True
1676,21.25,-23.25,-24.75,27.25,25.25,-36.25,False
1677,-35.25,-26.25,-8.75,-29.25,18.25,-6.75,True
1678,-4.75,-20.75,-7.25,-6.75,15.75,1.75,False
1679,36.75,-19.25,8.75,41.25,22.25,-8.75,True
1680,-38.75,-22.75,39.75,-21.25,22.75,31.25,False
1681,10.75,-23.75,21.25,6.75,21.75,24.75,True
1682,39.25,-24.25,25.75,35.75,18.25,40.75,True
1683,-35.25,15.25,-27.25,-21.25,-11.75,-37.25,True
1684,-2.25,18.25,-25.25,-5.25,-17.75,-27.75,True
1685,42.75,18.75,-21.75,33.75,-15.25,-27.25,False
1686,-23.75,19.75,-6.25,-29.75,-22.25,3.25,True
1687,-1.75,19.25,-1.75,7.25,-12.25,-6.75,False
1688,41.75,20.75,-9.25,29.75,-24.25,-4.75,True
1689,-39.25,21.75,39.75,-41.25,-15.25,41.75,True
1690,-1.75,23.25,39.75,-9.25,-19.25,38.75,True
1691,39.75,19.75,24.25,28.25,-22.25,29.25,True
1692,-36.25,-19.75,-28.75,4.75,17.25,-36.75,True
1693,8.25,-24.75,-21.25,30.75,21.75,-33.75,False
1694,21.75,-16.75,-25.25,-42.75,11.75,-0.25,False
1695,-41.75,-20.25,4.75,-3.25,17.75,-6.25,False
1696,9.75,-13.25,6.75,40.25,21.75,-10.25,False
1697,24.25,-20.75,1.25,-26.25,26.75,33.75,False
1698,-23.25,-11.75,29.25,4.75,23.25,27.75,True
1699,9.25,-22.75,33.25,21.75,22.75,27.25,False
1700,31.75,-19.75,25.25,-29.75,-19.75,-36.75,False
1701,-20.75,26.75,-29.25,-2.25,-15.25,-33.25,True
1702,-4.25,26.25,-34.25,21.25,-16.75,-41.75,False
1703,32.25,20.75,-28.75,-26.25,-25.25,-0.75,False
1704,-39.75,23.75,6.25,-1.25,-22.25,7.25,False
1705,10.25,15.75,-4.75,22.75,-23.75,-1.25,True
1706,35.25,26.25,-2.25,-30.25,-15.25,23.75,False
1707,-32.25,22.25,22.75,1.25,-15.75,34.25,False
1708,-0.25,20.25,33.25,31.75,-14.75,42.75,False
1709,34.75,24.75,31.25,-30.75,18.75,-25.75,False
1710,-29.75,-17.75,-28.75,27.75,22.25,-24.25,False
1711,-8.25,-20.25,-31.25,-31.25,15.25,-5.25,False
1712,28.75,-14.25,-24.75,2.75,17.75,6.25,False
1713,-27.75,-19.75,8.75,36.25,25.75,1.25,False
1714,6.25,-22.25,-9.25,-34.25,11.75,36.75,False
1715,26.25,-20.25,9.75,7.25,14.25,39.75,False
1716,-34.25,-17.75,39.75,23.25,24.75,37.75,False
1717,-1.75,-25.25,41.25,-23.75,-16.75,-27.25,False
1718,34.75,-17.75,41.75,4.25,-19.75,-21.25,False
1719,-22.25,22.75,-37.25,33.25,-17.25,-25.75,False
1720,-5.25,25.25,-42.25,-38.75,-11.75,-2.25,False
1721,21.25,24.25,-24.75,3.75,-12.25,8.25,False
1722,-34.25,15.25,3.25,40.25,-16.75,5.75,False
1723,-3.75,24.75,-6.75,-40.25,-17.25,29.25,False
1724,42.25,23.25,-2.75,5.75,-26.25,23.25,False
1725,-26.75,20.25,33.25,32.75,-26.75,42.75,False
1726,-6.75,18.25,36.25,-40.25,12.25,-35.75,False
1727,24.25,21.75,38.75,4.75,20.75,-26.25,False
1728,-37.25,-20.75,-36.75,-36.75,19.25,-10.25,False
1729,-9.75,-23.75,-31.75,-1.25,14.25,-6.75,False
1730,21.75,-23.25,-29.75,22.75,13.75,-6.75,False
1731,-25.25,-20.25,-10.75,-31.75,23.25,32.25,False
1732,-1.75,-12.75,0.25,-9.25,15.25,26.25,False
1733,28.75,-26.75,2.75,40.75,14.25,28.75,False
1734,-36.25,-19.25,21.25,-41.75,-12.75,-32.25,False
1735,0.75,-19.75,27.25,-2.25,-25.25,-31.75,False
1736,21.25,-19.25,40.25,33.75,-17.25,-41.25,False
1737,-41.25,19.25,-42.25,-31.25,-12.75,-0.25,False
1738,-7.75,11.75,-21.25,-5.25,-26.75,0.25,False
1739,33.75,22.25,-31.75,41.25,-16.25,0.25,False
1740,-29.25,25.75,-6.25,-34.75,-21.25,41.25,False
1741,6.75,26.75,-10.75,10.75,-22.25,36.75,False
1742,35.75,25.25,5.25,42.75,-16.25,25.75,False
1743,-31.25,14.25,38.25,-26.25,18.75,-25.75,False
1744,7.75,23.25,36.25,-10.25,14.75,-35.75,False
1745,39.25,17.25,34.75,39.75,14.25,-24.75,False
1746,-37.75,-25.75,-21.25,1.25,13.75,2.75,False
1747,-8.75,-22.25,-25.75,36.25,21.75,3.75,False
1748,28.25,-26.25,-38.75,-34.75,26.25,38.75,False
1749,-23.75,-19.25,2.25,6.75,21.75,42.25,False
1750,9.75,-21.25,2.75,37.25,25.75,24.75,False
1751,28.75,-13.75,-1.75,-21.25,-11.75,-40.25,False
1752,-33.25,-17.25,21.75,-3.75,-23.25,-22.25,False
1753,-9.75,-16.25,33.75,24.75,-18.25,-34.75,False
1754,27.25,-17.75,31.25,-22.75,-16.75,-1.25,False
1755,-21.75,19.25,-32.25,-6.25,-16.75,-4.25,False
1756,-4.75,16.25,-32.25,29.75,-12.75,-7.25,False
1757,35.25,17.25,-37.75,-24.25,-13.25,23.75,False
1758,-22.75,13.25,-3.25,-10.25,-16.25,28.25,False
1759,-9.75,25.75,8.75,26.75,-21.75,32.25,False
1760,41.75,18.75,0.25,-33.25,14.75,-23.75,False
1761,-34.75,17.25,41.25,-7.25,26.75,-29.25,False
1762,-1.75,17.25,38.25,37.25,25.25,-22.25,False
1763,42.25,15.75,42.25,-30.25,11.75,-2.25,False
1764,-26.75,-19.75,-23.25,22.75,25.25,-5.25,False
1765,-2.75,-21.25,-27.75,-32.25,18.25,42.25,False
1766,36.25,-18.25,-36.75,-2.25,23.25,41.25,False
1767,-41.25,-15.25,10.75,21.75,26.25,23.25,False
1768,-8.75,-21.25,-4.25,-41.75,-20.25,-26.25,False
1769,27.75,-26.25,-5.75,10.75,-18.25,-22.75,False
1770,-34.75,-26.25,30.25,30.25,-14.75,-38.25,False
1771,-8.25,-18.25,23.25,-23.75,-15.75,2.75,False
1772,26.25,-20.25,31.25,2.25,-17.25,8.25,False
1773,-28.75,15.25,-27.75,24.25,-19.75,4.25,False
1774,5.25,19.25,-34.75,-37.75,-22.25,23.25,False
1775,39.25,19.25,-32.75,-3.75,-14.75,37.25,False
1776,-42.75,23.75,-6.75,40.75,-15.25,41.75,False
1777,9.75,22.75,4.25,-37.75,11.75,-29.25,False
1778,41.25,15.25,4.25,6.75,23.75,-41.75,False
1779,-30.75,19.25,37.75,22.25,11.75,-22.75,False
1780,6.25,24.75,23.25,-34.75,11.75,-5.75,False
1781,32.75,13.75,37.75,-5.25,20.75,8.75,False
1782,-22.25,-25.25,-32.25,-39.75,13.75,40.25,False
1783,-4.75,-20.25,-21.25,-0.75,19.25,42.75,False
1784,24.25,-23.75,-40.25,42.25,18.25,23.75,False
1785,-39.25,-23.25,-6.75,-28.25,-20.25,-22.75,False
1786,-6.75,-11.75,-9.75,-6.75,-12.25,-35.25,False
1787,36.25,-18.25,-10.25,40.25,-24.75,-21.75,False
1788,-40.25,-26.25,26.75,-28.75,-18.75,7.25,False
1789,-1.25,-15.75,31.25,-1.25,-11.75,11.25,False
1790,23.75,-24.25,30.75,32.25,-20.75,9.75,True
1791,-24.25,12.25,-29.25,-37.25,-17.25,27.25,False
1792,8.75,23.25,-29.25,10.25,-12.25,37.25,False
1793,30.25,23.25,-25.25,42.75,-17.25,32.25,False
1794,-21.75,20.75,-4.25,-22.25,12.75,-41.75,False
1795,-8.25,21.25,-5.75,-3.25,26.75,-39.25,False
1796,25.25,11.75,3.25,34.75,19.25,-37.75,False
1797,-30.75,17.25,25.25,-33.75,23.75,-3.75,False
1798,7.75,22.75,26.25,-0.75,23.25,-8.25,False
1799,41.75,16.25,22.25,34.25,18.75,-7.75,False
1800,-29.25,-23.25,-26.75,-2.25,13.75,33.25,False
1801,-0.75,-12.75,-29.75,21.25,18.25,39.25,False
1802,32.75,-22.75,-29.25,-43.25,-18.25,-33.25,False
1803,-39.25,-22.75,-3.75,-7.75,-13.75,-27.75,False
1804,3.75,-14.25,4.25,42.25,-17.25,-23.25,False
1805,34.25,-25.25,-2.25,-27.75,-18.25,-4.25,True
1806,-41.75,-12.75,40.75,-6.75,-14.25,1.75,False
1807,-3.25,-26.25,33.25,32.25,-22.75,-4.75,False
1808,34.25,-17.75,34.25,-24.75,-26.25,25.25,False
1809,-38.75,25.25,-40.25,-2.25,-23.75,25.75,False
1810,-6.25,15.75,-40.25,29.25,-17.25,41.75,False
1811,39.75,24.25,-39.75,-23.75,16.75,-27.75,False
1812,-30.25,13.25,4.25,-9.25,14.75,-30.25,False
1813,6.25,12.75,9.75,27.75,19.75,-36.25,False
1814,37.75,19.75,10.75,-32.75,13.25,-2.75,False
1815,-32.75,15.75,31.75,5.75,14.75,-1.75,False
1816,-10.75,16.25,31.75,27.75,17.25,5.75,False
1817,21.25,19.75,24.25,-36.75,17.25,28.25,False
1818,-21.25,-19.75,-22.25,31.25,26.25,40.75,False
1819,-5.75,-21.25,-28.75,-40.75,-24.25,-35.75,True
1820,38.75,-17.25,-23.75,-6.75,-13.25,-25.25,False
1821,-26.75,-20.25,-6.75,23.75,-18.25,-31.75,False
1822,-3.75,-18.25,4.75,-29.75,-24.25,-5.25,True
1823,34.75,-18.25,10.75,-5.25,-17.25,6.25,False
1824,-25.25,-24.25,37.75,36.75,-23.75,3.75,False
1825,7.75,-19.25,34.75,-40.75,-13.25,22.25,True
1826,32.25,-19.75,28.25,-1.75,-12.75,23.75,False
1827,-27.75,11.75,-28.75,32.75,-24.25,35.75,False
1828,7.25,22.75,-35.25,-26.75,12.25,-38.75,False
1829,37.25,22.25,-35.25,-1.25,15.75,-33.25,False
1830,-41.25,17.25,6.25,29.25,21.75,-21.75,False
1831,7.75,26.25,7.25,-37.75,24.25,2.25,False
1832,28.75,26.75,-6.25,-9.75,21.25,3.25,True
1833,-39.25,16.25,38.75,41.75,26.75,7.25,False
1834,-3.25,24.75,39.75,-34.25,23.25,41.75,False
1835,39.75,26.25,23.75,2.75,21.25,26.75,False
1836,-36.75,-23.75,-26.25,6.75,-15.25,-27.25,False
1837,8.75,-25.25,-26.75,37.75,-17.75,-39.25,True
1838,31.75,-16.75,-24.75,-22.25,-26.75,-1.75,False
1839,-25.25,-15.75,-8.75,4.75,-16.75,8.25,False
1840,-1.75,-19.25,1.75,32.75,-21.75,-1.75,True
1841,39.25,-25.75,7.75,-24.25,-23.75,22.75,False
1842,-34.75,-14.75,40.25,0.75,-23.25,33.25,False
1843,-0.25,-14.75,26.25,21.75,-25.75,21.75,False
1844,26.75,-26.75,37.25,-42.25,20.25,-22.75,False
1845,-23.75,14.75,-38.75,8.75,22.25,-28.75,False
1846,-4.75,19.75,-22.25,33.75,17.75,-36.25,True
1847,24.25,19.25,-36.25,-37.75,17.25,-5.25,False
1848,-25.75,12.75,9.25,-1.75,18.25,4.75,False
1849,10.25,16.75,10.75,42.25,18.75,-4.25,False
1850,33.25,14.75,-3.75,-31.25,19.75,28.25,False
1851,-23.25,13.75,34.75,-4.25,26.25,29.75,False
1852,8.75,26.25,37.25,25.25,26.75,36.25,False
1853,24.75,24.75,39.25,-36.75,-16.25,-30.75,False
1854,-37.75,-16.75,-32.75,24.25,-25.25,-28.75,False
1855,-8.75,-26.75,-27.25,-36.25,-23.75,7.25,False
1856,33.75,-17.25,-25.25,-2.25,-24.75,8.25,False
1857,-32.75,-20.25,-0.25,22.25,-17.75,-8.75,False
1858,0.75,-23.75,-0.25,-26.25,-12.75,40.75,False
1859,37.25,-26.75,1.25,8.75,-17.75,26.75,False
1860,-39.25,-22.25,34.75,26.25,-14.75,34.25,False
1861,1.25,-25.75,24.25,-39.25,21.25,-26.25,False
1862,36.75,-24.25,23.25,-4.75,14.25,-40.75,False
1863,-42.25,22.25,-23.75,41.25,18.25,-32.75,True
1864,-1.75,16.75,-22.25,-39.25,23.75,10.75,False
1865,26.25,19.25,-24.25,-5.75,25.25,9.25,False
1866,-22.75,17.25,10.75,25.75,21.75,8.25,False
1867,8.75,13.25,-1.75,-32.75,21.25,29.25,False
1868,26.25,13.75,-0.75,-4.25,18.25,28.75,False
1869,-31.75,11.75,31.25,21.75,15.75,35.75,False
1870,7.25,25.75,42.25,-27.25,-23.25,-24.25,False
1871,37.25,14.75,33.25,8.75,-16.75,-27.25,False
1872,-22.25,-26.75,-31.25,-23.75,-21.25,-1.25,False
1873,-10.75,-24.25,-40.25,-3.75,-20.25,1.25,False
1874,41.25,-23.75,-34.25,41.25,-20.25,-5.75,True
1875,-23.25,-14.75,-3.75,-33.75,-15.25,41.25,True
1876,9.25,-14.25,1.75,5.75,-16.25,25.75,False
1877,38.75,-18.75,4.75,23.25,-17.75,41.75,False
1878,-42.25,-19.25,28.75,-34.25,18.25,-37.25,False
1879,6.25,-17.75,31.75,4.75,18.75,-33.25,False
1880,34.75,-23.75,27.25,30.25,25.75,-27.75,True
1881,-37.75,22.75,-26.75,-38.25,15.25,-6.75,False
1882,-2.75,24.25,-37.75,1.25,23.75,-10.75,True
1883,30.25,22.25,-27.75,29.25,19.25,-8.75,True
1884,-21.75,14.25,-4.75,-27.75,22.75,25.25,False
1885,-4.25,20.25,-1.75,-2.75,23.75,21.25,True
1886,31.75,12.75,-9.25,40.75,17.25,38.75,False
1887,-34.25,22.75,32.75,-31.75,-23.75,-23.25,False
1888,0.25,17.75,36.75,3.75,-12.75,-31.25,False
1889,26.25,24.25,33.75,37.25,-12.75,-22.25,False
1890,-26.75,-22.25,-29.25,-3.75,-22.75,0.25,False
1891,-3.75,-15.75,-35.75,40.25,-19.75,5.25,False
1892,31.25,-19.75,-39.25,-37.25,-24.75,30.75,False
1893,-41.25,-19.75,-0.75,9.25,-24.75,37.25,False
1894,-2.75,-24.25,5.25,39.25,-17.75,40.75,False
1895,26.75,-23.25,-2.25,-37.75,23.25,-26.25,False
1896,-25.25,-21.75,35.75,-1.75,14.75,-23.75,False
1897,5.75,-17.25,22.75,39.75,21.75,-42.25,False
1898,25.75,-25.25,28.25,-34.75,17.75,3.75,False
1899,-30.75,11.75,-35.75,-5.75,25.25,-10.25,False
1900,-2.25,16.75,-28.25,26.75,22.25,9.75,False
1901,40.25,17.75,-28.75,-39.25,26.75,29.75,False
1902,-27.75,23.75,10.25,-8.75,12.75,28.75,False
1903,6.25,15.25,10.75,34.25,24.25,39.25,False
1904,36.25,26.25,-7.75,-22.75,-24.75,-30.25,False
1905,-30.75,19.75,26.75,-3.75,-14.25,-38.75,False
1906,-5.75,15.75,30.75,23.75,-26.25,-36.75,False
1907,22.25,18.25,23.75,-42.75,-17.75,-0.75,False
1908,-35.25,-11.75,-25.75,40.75,-13.75,-4.75,False
1909,8.25,-19.75,-25.25,-30.75,-21.75,26.75,False
1910,29.25,-12.25,-29.75,-3.75,-15.75,26.75,False
1911,-39.75,-17.75,5.75,38.25,-22.25,42.25,False
1912,-6.25,-12.75,-6.25,-41.25,24.25,-25.25,False
1913,37.25,-15.75,2.75,10.25,17.25,-38.25,False
1914,-28.25,-23.25,22.75,41.75,24.75,-26.75,False
1915,4.25,-25.25,33.25,-35.75,18.75,0.25,False
1916,21.75,-15.75,40.75,-3.75,26.25,-3.75,False
1917,-30.75,21.25,-36.25,23.25,24.25,-1.25,False
1918,-11.25,23.75,-26.75,-27.75,17.25,35.25,False
1919,41.25,22.25,-22.25,-1.75,24.25,34.25,False
1920,-35.75,23.75,-8.25,22.25,22.25,42.25,False
1921,6.25,22.25,9.75,-42.75,-26.25,-27.75,False
1922,33.75,13.75,10.75,6.75,-25.75,-31.25,False
1923,-22.25,11.75,42.25,30.25,-13.25,-40.25,False
1924,3.25,17.25,40.25,-22.25,-18.75,6.25,False
1925,36.25,17.75,35.25,-9.25,-20.25,-10.75,False
1926,-22.75,-17.25,-25.25,-38.25,-21.25,33.25,False
1927,5.25,-20.25,-31.75,7.75,-23.75,21.75,False
1928,21.25,-13.75,-22.75,26.75,-26.25,33.25,False
1929,-30.25,-14.25,0.75,-31.25,21.75,-27.25,False
1930,-6.75,-15.25,-0.25,-1.25,21.25,-24.25,False
1931,37.75,-16.25,-8.75,35.25,21.75,-27.25,False
1932,-26.25,-22.25,25.75,-34.25,21.75,-0.25,True
1933,8.75,-24.25,31.25,6.25,21.25,-6.25,False
1934,36.75,-11.75,30.25,23.25,19.25,-6.25,False
1935,-32.25,24.25,-29.25,-24.75,21.25,29.25,True
1936,2.25,17.25,-36.75,8.75,11.75,32.75,False
1937,23.75,15.25,-26.75,37.75,24.75,34.75,False
1938,-36.25,17.75,-5.25,-41.25,-24.25,-29.25,False
1939,-4.25,25.25,-10.75,6.25,-18.75,-21.25,False
1940,36.75,13.25,-10.25,37.25,-22.25,-33.25,False
1941,-40.75,22.75,37.25,-41.75,-21.25,-4.25,True
1942,-10.25,20.75,41.75,1.75,-20.25,-1.25,True
1943,25.25,15.75,30.75,27.25,-17.25,-6.25,False
1944,-40.75,-16.75,-40.75,4.25,-20.25,37.75,False
1945,9.75,-19.25,-23.75,33.25,-25.75,24.75,False
1946,25.75,-12.75,-31.75,-33.25,18.75,-24.25,False
1947,-42.25,-19.25,8.25,7.75,16.25,-34.75,False
1948,4.75,-14.25,6.75,38.75,17.25,-36.25,False
1949,34.25,-12.75,-3.25,-39.75,17.25,3.75,False
1950,-33.25,-26.75,37.75,9.75,17.75,-1.75,False
1951,-1.25,-25.25,36.25,30.75,22.25,-7.25,False
1952,24.75,-19.75,36.25,-32.75,19.75,22.25,False
1953,-39.75,17.25,-24.25,-0.75,24.75,24.25,False
1954,-10.75,14.75,-23.25,38.25,21.75,36.25,False
1955,31.75,25.75,-24.75,-40.75,-11.75,-24.75,False
1956,-22.75,18.75,-10.75,2.75,-18.75,-21.25,False
1957,9.75,17.75,5.75,35.75,-13.25,-32.75,False
1958,33.25,22.75,-5.25,-31.25,-18.25,-2.25,False
1959,-29.25,21.25,37.25,7.75,-14.25,-9.75,False
1960,10.75,26.25,34.75,40.75,-17.25,7.25,False
1961,29.25,20.25,30.75,-41.75,-18.25,38.75,False
1962,-26.25,-12.75,-29.75,25.25,-12.75,40.75,False
1963,-2.25,-17.75,-37.25,-41.25,16.25,-42.25,False
1964,27.75,-16.25,-29.75,-6.75,26.25,-33.25,False
1965,-37.25,-11.75,-9.75,39.25,12.75,-41.75,False
1966,4.25,-13.75,-9.25,-35.75,12.75,-2.75,False
1967,34.25,-11.75,6.75,4.75,13.25,5.75,False
1968,-21.25,-18.75,21.75,23.25,15.75,-4.75,False
1969,-10.75,-12.25,28.75,-32.75,18.25,36.75,True
1970,25.25,-20.75,23.25,-0.25,18.75,38.25,False
1971,-34.25,22.25,-32.75,40.25,12.25,42.25,False
1972,3.25,24.75,-23.75,-23.25,-19.25,-40.75,False
1973,23.75,14.25,-35.75,7.75,-21.75,-42.75,False
1974,-26.25,16.25,4.25,27.25,-16.75,-21.25,False
1975,-7.25,17.75,5.75,-25.25,-23.75,3.75,False
1976,21.25,24.25,-0.25,-0.75,-19.75,-5.25,False
1977,-25.75,15.25,39.75,31.25,-15.25,-8.25,False
1978,-2.75,22.25,31.75,-41.75,-19.75,36.75,False
1979,39.75,12.25,29.25,2.75,-23.75,31.75,False
1980,-26.25,-15.75,-21.75,-39.25,24.25,-28.75,True
1981,2.25,-20.75,-27.75,-1.25,16.25,-36.25,True
1982,24.75,-14.25,-28.25,35.25,19.25,-31.75,False
1983,-37.25,-15.25,-5.25,-36.75,25.75,-1.25,True
1984,2.25,-25.75,-10.25,10.75,14.75,-10.75,True
1985,36.75,-21.25,9.75,37.25,24.75,5.25,True
1986,-39.75,-15.25,30.75,-23.75,18.75,36.75,False
1987,-3.75,-22.25,29.75,-8.25,14.75,28.25,True
1988,22.25,-21.25,35.75,39.75,23.25,32.75,True
1989,-37.75,23.75,-34.75,-39.75,-19.75,-39.75,True
1990,-8.25,18.25,-26.25,1.25,-15.75,-31.25,True
1991,33.75,17.75,-41.25,42.25,-12.75,-36.25,False
1992,-28.75,16.75,-7.25,-29.75,-15.75,-9.25,True
1993,3.75,13.25,-1.75,8.75,-14.25,1.75,False
1994,37.75,17.25,-8.25,23.25,-23.25,-4.25,True
1995,-35.75,24.25,29.75,-24.25,-21.75,21.25,False
1996,-10.25,18.75,23.75,2.75,-13.75,33.75,True
1997,23.75,17.25,29.25,41.75,-21.25,42.75,True
1998,-24.25,-20.75,-26.75,5.25,23.25,-37.25,False
1999,7.75,-23.25,-33.75,41.75,20.75,-42.75,False
2000,23.75,-24.75,-26.75,-42.25,16.75,6.75,False
2001,-27.25,-13.25,-5.75,-5.25,21.25,3.25,False
2002,-4.75,-26.25,-9.25,25.75,16.25,6.25,True
2003,33.25,-25.25,10.25,-25.25,24.25,29.75,False
2004,-23.25,-15.25,29.25,-2.25,16.25,41.25,False
2005,9.25,-26.75,40.25,22.75,24.25,34.25,False
2006,39.75,-25.25,37.25,-26.25,-13.75,-29.25,False
2007,-23.25,15.75,-36.75,-5.25,-20.25,-26.75,False
2008,-9.25,25.75,-35.75,36.25,-25.25,-39.25,False
2009,38.75,24.25,-34.75,-24.75,-18.75,-1.25,False
2010,-38.75,21.75,9.75,5.75,-22.75,9.75,False
2011,-10.75,13.75,7.25,23.25,-25.75,-7.25,False
2012,33.75,14.75,3.75,-28.75,-21.25,22.75,False
2013,-32.25,21.25,35.75,1.25,-19.75,29.25,True
2014,11.25,12.25,22.25,22.75,-26.25,26.25,False
2015,39.25,11.75,36.75,-23.75,21.75,-41.75,False
2016,-31.75,-18.75,-39.25,41.25,23.25,-26.25,False
2017,8.25,-18.75,-35.75,-36.25,20.75,-10.75,False
2018,26.75,-23.25,-21.75,1.25,11.75,-1.75,False
2019,-26.25,-21.75,-2.25,25.25,19.25,3.75,False
2020,-10.25,-25.75,-4.25,-26.25,24.75,23.75,False
2021,37.75,-13.75,-4.25,-9.25,26.25,23.25,False
2022,-40.75,-23.75,40.75,33.75,22.25,22.75,False
2023,-7.75,-20.75,37.25,-29.75,-21.25,-33.25,False
2024,22.75,-25.75,40.25,-4.75,-26.75,-37.25,False
2025,-22.75,12.75,-30.75,40.25,-22.25,-30.25,True
2026,-4.75,17.25,-39.75,-40.75,-16.75,3.25,False
2027,32.75,23.25,-32.25,-5.75,-23.25,-7.75,False
2028,-36.25,17.25,-1.75,21.75,-18.25,-6.75,False
2029,4.25,26.75,5.75,-30.75,-20.75,33.25,False
2030,32.75,23.75,6.75,4.75,-25.25,40.25,False
2031,-36.75,23.25,36.75,23.75,-18.25,24.75,False
2032,-0.25,19.75,41.75,-25.75,13.25,-33.25,False
2033,32.75,16.75,37.75,3.75,16.25,-27.75,False
2034,-22.25,-17.75,-36.75,-28.75,21.25,-9.25,True
2035,-8.75,-15.25,-34.25,-3.25,18.75,-10.75,False
2036,30.25,-19.25,-36.75,25.75,13.75,-5.25,True
2037,-32.25,-16.25,2.25,-33.25,13.25,25.25,True
2038,2.75,-16.25,-1.25,-4.25,19.25,38.25,False
2039,37.25,-23.25,1.25,37.25,18.25,27.25,False
2040,-33.25,-23.25,40.25,-23.75,-12.25,-32.75,False
2041,-4.75,-24.75,25.25,9.75,-17.25,-33.75,False
2042,41.75,-19.25,40.25,40.75,-17.25,-21.75,False
2043,-32.25,17.25,-35.75,-31.75,-19.75,1.25,False
2044,4.75,12.25,-37.25,-8.75,-17.75,-5.75,False
2045,38.75,18.25,-23.25,25.25,-26.75,-0.25,False
2046,-27.25,21.25,-6.25,-41.25,-24.25,24.25,False
2047,-0.25,12.75,0.75,-3.25,-16.75,35.25,False
