sample,tick,total_ms,preferred_ms,neighbor_ms,avoidance_ms,integration_ms,main_thread_gc_bytes,arrived,swept_pairs,overlap_pairs,min_gap,fallback,infeasible,invalid,truncated,mean_dv,stalled_2s,candidates,neighbors,moving
0,1,0.3829,NaN,NaN,NaN,NaN,0,0,0,0,3.17589021,0,0,0,0,2,0,240,240,16
1,2,0.3374,NaN,NaN,NaN,NaN,0,0,0,0,3.15508127,0,0,0,0,0.429554045,0,240,240,16
2,3,0.3857,NaN,NaN,NaN,NaN,0,0,0,0,3.13427138,0,0,0,0,5.01876158E-08,0,240,240,16
3,4,0.4077,NaN,NaN,NaN,NaN,0,0,0,0,3.11472559,0,0,0,0,0.5556739,0,240,240,16
4,5,0.3534,NaN,NaN,NaN,NaN,0,0,0,0,3.08881617,0,0,0,0,0.616121054,0,240,240,16
5,6,0.3384,NaN,NaN,NaN,NaN,0,0,0,0,3.06800652,0,0,0,0,0.429556221,0,240,240,16
6,7,0.3336,NaN,NaN,NaN,NaN,0,0,0,0,3.04847,0,0,0,0,0.5556738,0,240,240,16
7,8,0.3407,NaN,NaN,NaN,NaN,0,0,0,0,3.02256322,0,0,0,0,0.6161317,0,240,240,16
8,9,0.3349,NaN,NaN,NaN,NaN,0,0,0,0,3.00175381,0,0,0,0,0.42955777,0,240,240,16
9,10,0.3426,NaN,NaN,NaN,NaN,0,0,0,0,2.98222661,0,0,0,0,0.5556738,0,240,240,16
10,11,0.3345,NaN,NaN,NaN,NaN,0,0,0,0,2.961749,0,0,0,0,0.280394137,0,240,240,16
11,12,0.3364,NaN,NaN,NaN,NaN,0,0,0,0,2.94127369,0,0,0,0,0.0007644298,0,240,240,16
12,13,0.3416,NaN,NaN,NaN,NaN,0,0,0,0,2.92080045,0,0,0,0,0.0007664939,0,240,240,16
13,14,0.331,NaN,NaN,NaN,NaN,0,0,0,0,2.90032887,0,0,0,0,0.0007685415,0,240,240,16
14,15,0.3321,NaN,NaN,NaN,NaN,0,0,0,0,2.87985969,0,0,0,0,0.0007707058,0,240,240,16
15,16,0.3387,NaN,NaN,NaN,NaN,0,0,0,0,2.859393,0,0,0,0,0.000772797852,0,240,240,16
16,17,0.3336,NaN,NaN,NaN,NaN,0,0,0,0,2.83892775,0,0,0,0,0.000774900662,0,240,240,16
17,18,0.3397,NaN,NaN,NaN,NaN,0,0,0,0,2.818465,0,0,0,0,0.000777066045,0,240,240,16
18,19,0.335,NaN,NaN,NaN,NaN,0,0,0,0,2.79800463,0,0,0,0,0.000779199065,0,240,240,16
19,20,0.5494,NaN,NaN,NaN,NaN,0,0,0,0,2.77795744,0,0,0,0,0.138801426,0,240,240,16
20,21,0.3946,NaN,NaN,NaN,NaN,0,0,0,0,2.75791526,0,0,0,0,0.00116780272,0,240,240,16
21,22,0.3613,NaN,NaN,NaN,NaN,0,0,0,0,2.73787832,0,0,0,0,0.00117091788,0,240,240,16
22,23,0.3753,NaN,NaN,NaN,NaN,0,0,0,0,2.71784616,0,0,0,0,0.00117417856,0,240,240,16
23,24,0.3649,NaN,NaN,NaN,NaN,0,0,0,0,2.69781923,0,0,0,0,0.00117739127,0,240,240,16
24,25,0.3402,NaN,NaN,NaN,NaN,0,0,0,0,2.67779732,0,0,0,0,0.00118062983,0,240,240,16
25,26,0.3311,NaN,NaN,NaN,NaN,0,0,0,0,2.65778136,0,0,0,0,0.00118387723,0,240,240,16
26,27,0.3285,NaN,NaN,NaN,NaN,0,0,0,0,2.63777018,0,0,0,0,0.001187202,0,240,240,16
27,28,0.3302,NaN,NaN,NaN,NaN,0,0,0,0,2.61776471,0,0,0,0,0.00119040383,0,240,240,16
28,29,0.3336,NaN,NaN,NaN,NaN,0,0,0,0,2.597765,0,0,0,0,0.00119380129,0,240,240,16
29,30,0.3338,NaN,NaN,NaN,NaN,0,0,0,0,2.57777119,0,0,0,0,0.00119711715,0,240,240,16
30,31,0.3548,NaN,NaN,NaN,NaN,0,0,0,0,2.55778313,0,0,0,0,0.00120044278,0,240,240,16
31,32,0.3388,NaN,NaN,NaN,NaN,0,0,0,0,2.537801,0,0,0,0,0.00120386458,0,240,240,16
32,33,0.3283,NaN,NaN,NaN,NaN,0,0,0,0,2.51782465,0,0,0,0,0.00120721839,0,240,240,16
33,34,0.33,NaN,NaN,NaN,NaN,0,0,0,0,2.49785471,0,0,0,0,0.00121067243,0,240,240,16
34,35,0.3732,NaN,NaN,NaN,NaN,0,0,0,0,2.47789121,0,0,0,0,0.0012140309,0,240,240,16
35,36,0.3491,NaN,NaN,NaN,NaN,0,0,0,0,2.45793414,0,0,0,0,0.001217514,0,240,240,16
36,37,0.335,NaN,NaN,NaN,NaN,0,0,0,0,2.43798351,0,0,0,0,0.00122093409,0,240,240,16
37,38,0.3367,NaN,NaN,NaN,NaN,0,0,0,0,2.41803932,0,0,0,0,0.00122450327,0,240,240,16
38,39,0.3313,NaN,NaN,NaN,NaN,0,0,0,0,2.39810228,0,0,0,0,0.00122793554,0,240,240,16
39,40,0.3401,NaN,NaN,NaN,NaN,0,0,0,0,2.37817168,0,0,0,0,0.00123149448,0,240,240,16
40,41,0.3484,NaN,NaN,NaN,NaN,0,0,0,0,2.35824871,0,0,0,0,0.00123508379,0,240,240,16
41,42,0.3354,NaN,NaN,NaN,NaN,0,0,0,0,2.33833241,0,0,0,0,0.0012386142,0,240,240,16
42,43,0.3283,NaN,NaN,NaN,NaN,0,0,0,0,2.31842422,0,0,0,0,0.00124214881,0,240,240,16
43,44,0.3351,NaN,NaN,NaN,NaN,0,0,0,0,2.29852271,0,0,0,0,0.00124584744,0,240,240,16
44,45,0.3384,NaN,NaN,NaN,NaN,0,0,0,0,2.2786293,0,0,0,0,0.00124943815,0,240,240,16
45,46,0.3344,NaN,NaN,NaN,NaN,0,0,0,0,2.25874329,0,0,0,0,0.00125312014,0,240,240,16
46,47,0.3325,NaN,NaN,NaN,NaN,0,0,0,0,2.23886585,0,0,0,0,0.00125672971,0,240,240,16
47,48,0.3313,NaN,NaN,NaN,NaN,0,0,0,0,2.218996,0,0,0,0,0.00126049423,0,240,240,16
48,49,0.3355,NaN,NaN,NaN,NaN,0,0,0,0,2.19913435,0,0,0,0,0.00126411091,0,240,240,16
49,50,0.3344,NaN,NaN,NaN,NaN,0,0,0,0,2.17928123,0,0,0,0,0.00126795226,0,240,240,16
50,51,0.336,NaN,NaN,NaN,NaN,0,0,0,0,2.1594367,0,0,0,0,0.00127167441,0,240,240,16
51,52,0.3836,NaN,NaN,NaN,NaN,0,0,0,0,2.139601,0,0,0,0,0.00127546035,0,240,240,16
52,53,0.3561,NaN,NaN,NaN,NaN,0,0,0,0,2.11977434,0,0,0,0,0.00127925107,0,240,240,16
53,54,0.3564,NaN,NaN,NaN,NaN,0,0,0,0,2.09995675,0,0,0,0,0.00128308928,0,240,240,16
54,55,0.3534,NaN,NaN,NaN,NaN,0,0,0,0,2.0801487,0,0,0,0,0.00128695136,0,240,240,16
55,56,0.3871,NaN,NaN,NaN,NaN,0,0,0,0,2.06035,0,0,0,0,0.00129080866,0,240,240,16
56,57,0.35,NaN,NaN,NaN,NaN,0,0,0,0,2.040561,0,0,0,0,0.00129469647,0,240,240,16
57,58,0.3891,NaN,NaN,NaN,NaN,0,0,0,0,2.02078176,0,0,0,0,0.00129862351,0,240,240,16
58,59,0.3386,NaN,NaN,NaN,NaN,0,0,0,0,2.001013,0,0,0,0,0.00130257418,0,240,240,16
59,60,0.3335,NaN,NaN,NaN,NaN,0,0,0,0,1.98125434,0,0,0,0,0.0013065699,0,240,240,16
60,61,0.3353,NaN,NaN,NaN,NaN,0,0,0,0,1.96150661,0,0,0,0,0.00131054409,0,240,240,16
61,62,0.3752,NaN,NaN,NaN,NaN,0,0,0,0,1.9417696,0,0,0,0,0.00131455925,0,240,240,16
62,63,0.3482,NaN,NaN,NaN,NaN,0,0,0,0,1.92204356,0,0,0,0,0.00131858524,0,240,240,16
63,64,0.3328,NaN,NaN,NaN,NaN,0,0,0,0,1.90232921,0,0,0,0,0.00132270146,0,240,240,16
64,65,0.3293,NaN,NaN,NaN,NaN,0,0,0,0,1.88262653,0,0,0,0,0.00132673618,0,240,240,16
65,66,0.3379,NaN,NaN,NaN,NaN,0,0,0,0,1.86293507,0,0,0,0,0.00133088871,0,240,240,16
66,67,0.3422,NaN,NaN,NaN,NaN,0,0,0,0,1.84325647,0,0,0,0,0.00133502181,0,240,240,16
67,68,0.3361,NaN,NaN,NaN,NaN,0,0,0,0,1.82359,0,0,0,0,0.001339219,0,240,240,16
68,69,0.3335,NaN,NaN,NaN,NaN,0,0,0,0,1.803936,0,0,0,0,0.00134336983,0,240,240,16
69,70,0.3412,NaN,NaN,NaN,NaN,0,0,0,0,1.78429532,0,0,0,0,0.00134761422,0,240,240,16
70,71,0.332,NaN,NaN,NaN,NaN,0,0,0,0,1.76466775,0,0,0,0,0.00135189691,0,240,240,16
71,72,0.3338,NaN,NaN,NaN,NaN,0,0,0,0,1.74505377,0,0,0,0,0.00135610451,0,240,240,16
72,73,0.3309,NaN,NaN,NaN,NaN,0,0,0,0,1.72545385,0,0,0,0,0.00136046554,0,240,240,16
73,74,0.3382,NaN,NaN,NaN,NaN,0,0,0,0,1.70586848,0,0,0,0,0.00136477011,0,240,240,16
74,75,0.3397,NaN,NaN,NaN,NaN,0,0,0,0,1.68629766,0,0,0,0,0.001369082,0,240,240,16
75,76,0.3595,NaN,NaN,NaN,NaN,0,0,0,0,1.66674161,0,0,0,0,0.00137356389,0,240,240,16
76,77,0.3577,NaN,NaN,NaN,NaN,0,0,0,0,1.64720082,0,0,0,0,0.00137791224,0,240,240,16
77,78,0.3398,NaN,NaN,NaN,NaN,0,0,0,0,1.627676,0,0,0,0,0.00138235476,0,240,240,16
78,79,0.3412,NaN,NaN,NaN,NaN,0,0,0,0,1.60816717,0,0,0,0,0.00138685654,0,240,240,16
79,80,0.337,NaN,NaN,NaN,NaN,0,0,0,0,1.58867526,0,0,0,0,0.00139134261,0,240,240,16
80,81,0.3404,NaN,NaN,NaN,NaN,0,0,0,0,1.5692,0,0,0,0,0.0013958941,0,240,240,16
81,82,0.3373,NaN,NaN,NaN,NaN,0,0,0,0,1.54974222,0,0,0,0,0.00140039739,0,240,240,16
82,83,0.338,NaN,NaN,NaN,NaN,0,0,0,0,1.53030229,0,0,0,0,0.00140499894,0,240,240,16
83,84,0.3927,NaN,NaN,NaN,NaN,0,0,0,0,1.51088071,0,0,0,0,0.00140970049,0,240,240,16
84,85,0.3526,NaN,NaN,NaN,NaN,0,0,0,0,1.49147773,0,0,0,0,0.00141425431,0,240,240,16
85,86,0.5011,NaN,NaN,NaN,NaN,0,0,0,0,1.4720943,0,0,0,0,0.00141900126,0,240,240,16
86,87,0.3829,NaN,NaN,NaN,NaN,0,0,0,0,1.45273042,0,0,0,0,0.00142365694,0,240,240,16
87,88,0.3416,NaN,NaN,NaN,NaN,0,0,0,0,1.433387,0,0,0,0,0.00142843183,0,240,240,16
88,89,0.3402,NaN,NaN,NaN,NaN,0,0,0,0,1.41406465,0,0,0,0,0.00143322581,0,240,240,16
89,90,0.3649,NaN,NaN,NaN,NaN,0,0,0,0,1.39476347,0,0,0,0,0.00143797474,0,240,240,16
90,91,0.3519,NaN,NaN,NaN,NaN,0,0,0,0,1.37548447,0,0,0,0,0.00144286058,0,240,240,16
91,92,0.3381,NaN,NaN,NaN,NaN,0,0,0,0,1.35622811,0,0,0,0,0.00144770555,0,240,240,16
92,93,0.3417,NaN,NaN,NaN,NaN,0,0,0,0,1.33699536,0,0,0,0,0.00145262154,0,240,240,16
93,94,0.3562,NaN,NaN,NaN,NaN,0,0,0,0,1.317786,0,0,0,0,0.00145758246,0,240,240,16
94,95,0.3658,NaN,NaN,NaN,NaN,0,0,0,0,1.29860163,0,0,0,0,0.00146250974,0,240,240,16
95,96,0.3692,NaN,NaN,NaN,NaN,0,0,0,0,1.27944255,0,0,0,0,0.00146755867,0,240,240,16
96,97,0.3661,NaN,NaN,NaN,NaN,0,0,0,0,1.2603097,0,0,0,0,0.00147255044,0,240,240,16
97,98,0.4246,NaN,NaN,NaN,NaN,0,0,0,0,1.24120355,0,0,0,0,0.001477671,0,240,240,16
98,99,0.39,NaN,NaN,NaN,NaN,0,0,0,0,1.222125,0,0,0,0,0.00148273783,0,240,240,16
99,100,0.3629,NaN,NaN,NaN,NaN,0,0,0,0,1.20307469,0,0,0,0,0.00148792239,0,240,240,16
100,101,0.3642,NaN,NaN,NaN,NaN,0,0,0,0,1.1840539,0,0,0,0,0.00149308715,0,240,240,16
101,102,0.3501,NaN,NaN,NaN,NaN,0,0,0,0,1.16506338,0,0,0,0,0.0014982986,0,240,240,16
102,103,0.3438,NaN,NaN,NaN,NaN,0,0,0,0,1.14610386,0,0,0,0,0.001503586,0,240,240,16
103,104,0.4106,NaN,NaN,NaN,NaN,0,0,0,0,1.12717628,0,0,0,0,0.00150882092,0,240,240,16
104,105,0.3934,NaN,NaN,NaN,NaN,0,0,0,0,1.10828185,0,0,0,0,0.00151421747,0,240,240,16
105,106,0.4164,NaN,NaN,NaN,NaN,0,0,0,0,1.08942127,0,0,0,0,0.00151952414,0,240,240,16
106,107,0.4464,NaN,NaN,NaN,NaN,0,0,0,0,1.070596,0,0,0,0,0.001524952,0,240,240,16
107,108,0.4121,NaN,NaN,NaN,NaN,0,0,0,0,1.05180693,0,0,0,0,0.00153041549,0,240,240,16
108,109,0.3666,NaN,NaN,NaN,NaN,0,0,0,0,1.03305554,0,0,0,0,0.00153584185,0,240,240,16
109,110,0.3693,NaN,NaN,NaN,NaN,0,0,0,0,1.01434255,0,0,0,0,0.0015413994,0,240,240,16
110,111,0.3764,NaN,NaN,NaN,NaN,0,0,0,0,0.995669663,0,0,0,0,0.00154699013,0,240,240,16
111,112,0.3686,NaN,NaN,NaN,NaN,0,0,0,0,0.9770382,0,0,0,0,0.00155255361,0,240,240,16
112,113,0.401,NaN,NaN,NaN,NaN,0,0,0,0,0.9584492,0,0,0,0,0.00155818986,0,240,240,16
113,114,0.3627,NaN,NaN,NaN,NaN,0,0,0,0,0.939904153,0,0,0,0,0.00156391039,0,240,240,16
114,115,0.3753,NaN,NaN,NaN,NaN,0,0,0,0,0.921405,0,0,0,0,0.00156958308,0,240,240,16
115,116,0.3703,NaN,NaN,NaN,NaN,0,0,0,0,0.902952731,0,0,0,0,0.00157539372,0,240,240,16
116,117,0.351,NaN,NaN,NaN,NaN,0,0,0,0,0.8845492,0,0,0,0,0.00158115872,0,240,240,16
117,118,0.3629,NaN,NaN,NaN,NaN,0,0,0,0,0.8661961,0,0,0,0,0.00158703816,0,240,240,16
118,119,0.3641,NaN,NaN,NaN,NaN,0,0,0,0,0.8478953,0,0,0,0,0.0015929233,0,240,240,16
119,120,0.3615,NaN,NaN,NaN,NaN,0,0,0,0,0.8296487,0,0,0,0,0.00159886875,0,240,240,16
120,121,0.3516,NaN,NaN,NaN,NaN,0,0,0,0,0.811457932,0,0,0,0,0.00160488277,0,240,240,16
121,122,0.3576,NaN,NaN,NaN,NaN,0,0,0,0,0.793325245,0,0,0,0,0.001610905,0,240,240,16
122,123,0.3602,NaN,NaN,NaN,NaN,0,0,0,0,0.775252759,0,0,0,0,0.00161692279,0,240,240,16
123,124,0.3618,NaN,NaN,NaN,NaN,0,0,0,0,0.757242739,0,0,0,0,0.00162311364,0,240,240,16
124,125,0.3671,NaN,NaN,NaN,NaN,0,0,0,0,0.73929745,0,0,0,0,0.00162922218,0,240,240,16
125,126,0.3635,NaN,NaN,NaN,NaN,0,0,0,0,0.721419156,0,0,0,0,0.00163546461,0,240,240,16
126,127,0.3599,NaN,NaN,NaN,NaN,0,0,0,0,0.7036106,0,0,0,0,0.00164172554,0,240,240,16
127,128,0.4086,NaN,NaN,NaN,NaN,0,0,0,0,0.6858744,0,0,0,0,0.00164805108,0,240,240,16
128,129,0.3739,NaN,NaN,NaN,NaN,0,0,0,0,0.6682133,0,0,0,0,0.00165441027,0,240,240,16
129,130,0.3547,NaN,NaN,NaN,NaN,0,0,0,0,0.6506302,0,0,0,0,0.00166079844,0,240,240,16
130,131,0.3495,NaN,NaN,NaN,NaN,0,0,0,0,0.6331282,0,0,0,0,0.00166725868,0,240,240,16
131,132,0.4681,NaN,NaN,NaN,NaN,0,0,0,0,0.615710557,0,0,0,0,0.0016737642,0,240,240,16
132,133,0.3557,NaN,NaN,NaN,NaN,0,0,0,0,0.5983805,0,0,0,0,0.00168033119,0,240,240,16
133,134,0.4387,NaN,NaN,NaN,NaN,0,0,0,0,0.58114177,0,0,0,0,0.00168693869,0,240,240,16
134,135,0.3763,NaN,NaN,NaN,NaN,0,0,0,0,0.5639979,0,0,0,0,0.0016936165,0,240,240,16
135,136,0.3541,NaN,NaN,NaN,NaN,0,0,0,0,0.5469529,0,0,0,0,0.00170028675,0,240,240,16
136,137,0.3429,NaN,NaN,NaN,NaN,0,0,0,0,0.530023754,0,0,0,0,0,0,240,240,16
137,138,0.3396,NaN,NaN,NaN,NaN,0,0,0,0,0.513215244,0,0,0,0,0,0,240,240,16
138,139,0.4052,NaN,NaN,NaN,NaN,0,0,0,0,0.4965325,0,0,0,0,0,0,240,240,16
139,140,0.3411,NaN,NaN,NaN,NaN,0,0,0,0,0.4799809,0,0,0,0,0,0,240,240,16
140,141,0.3261,NaN,NaN,NaN,NaN,0,0,0,0,0.463566,0,0,0,0,0,0,240,240,16
141,142,0.3303,NaN,NaN,NaN,NaN,0,0,0,0,0.447293818,0,0,0,0,0,0,240,240,16
142,143,0.4322,NaN,NaN,NaN,NaN,0,0,0,0,0.431170166,0,0,0,0,0,0,240,240,16
143,144,0.3441,NaN,NaN,NaN,NaN,0,0,0,0,0.415201843,0,0,0,0,0,0,240,240,16
144,145,0.3394,NaN,NaN,NaN,NaN,0,0,0,0,0.399395525,0,0,0,0,0,0,240,240,16
145,146,0.3386,NaN,NaN,NaN,NaN,0,0,0,0,0.383758247,0,0,0,0,0,0,240,240,16
146,147,0.3456,NaN,NaN,NaN,NaN,0,0,0,0,0.3682974,0,0,0,0,0,0,240,240,16
147,148,0.3629,NaN,NaN,NaN,NaN,0,0,0,0,0.353020847,0,0,0,0,0,0,240,240,16
148,149,0.3497,NaN,NaN,NaN,NaN,0,0,0,0,0.3379367,0,0,0,0,0,0,240,240,16
149,150,0.3482,NaN,NaN,NaN,NaN,0,0,0,0,0.32305342,0,0,0,0,0,0,240,240,16
150,151,0.3501,NaN,NaN,NaN,NaN,0,0,0,0,0.308379948,0,0,0,0,0,0,240,240,16
151,152,0.346,NaN,NaN,NaN,NaN,0,0,0,0,0.293925524,0,0,0,0,0,0,240,240,16
152,153,0.3488,NaN,NaN,NaN,NaN,0,0,0,0,0.279699922,0,0,0,0,0,0,240,240,16
153,154,0.3571,NaN,NaN,NaN,NaN,0,0,0,0,0.2657132,0,0,0,0,0,0,240,240,16
154,155,0.3651,NaN,NaN,NaN,NaN,0,0,0,0,0.2519759,0,0,0,0,0,0,240,240,16
155,156,0.3497,NaN,NaN,NaN,NaN,0,0,0,0,0.238498986,0,0,0,0,0,0,240,240,16
156,157,0.3525,NaN,NaN,NaN,NaN,0,0,0,0,0.225293815,0,0,0,0,0,0,240,240,16
157,158,0.3531,NaN,NaN,NaN,NaN,0,0,0,0,0.212372243,0,0,0,0,0,0,240,240,16
158,159,0.3856,NaN,NaN,NaN,NaN,0,0,0,0,0.19974643,0,0,0,0,0,0,240,240,16
159,160,0.3652,NaN,NaN,NaN,NaN,0,0,0,0,0.18742913,0,0,0,0,0,0,240,240,16
160,161,0.3965,NaN,NaN,NaN,NaN,0,0,0,0,0.1754331,0,0,0,0,0,0,240,240,16
161,162,0.4022,NaN,NaN,NaN,NaN,0,0,0,0,0.163771927,0,0,0,0,0,0,240,240,16
162,163,0.367,NaN,NaN,NaN,NaN,0,0,0,0,0.152459323,0,0,0,0,0,0,240,240,16
163,164,0.3615,NaN,NaN,NaN,NaN,0,0,0,0,0.141509235,0,0,0,0,0,0,240,240,16
164,165,0.3844,NaN,NaN,NaN,NaN,0,0,0,0,0.130936146,0,0,0,0,0,0,240,240,16
165,166,0.3712,NaN,NaN,NaN,NaN,0,0,0,0,0.12075454,0,0,0,0,0,0,240,240,16
166,167,0.359,NaN,NaN,NaN,NaN,0,0,0,0,0.11097914,0,0,0,0,0,0,240,240,16
167,168,0.3578,NaN,NaN,NaN,NaN,0,0,0,0,0.101624906,0,0,0,0,0,0,240,240,16
168,169,0.398,NaN,NaN,NaN,NaN,0,0,0,0,0.09270668,0,0,0,0,0,0,240,240,16
169,170,0.364,NaN,NaN,NaN,NaN,0,0,0,0,0.08423936,0,0,0,0,0,0,240,240,16
170,171,0.3731,NaN,NaN,NaN,NaN,0,0,0,0,0.07623768,0,0,0,0,0,0,240,240,16
171,172,0.5449,NaN,NaN,NaN,NaN,0,0,0,0,0.06871617,0,0,0,0,0,0,240,240,16
172,173,0.578,NaN,NaN,NaN,NaN,0,0,0,0,0.06168908,0,0,0,0,0,0,240,240,16
173,174,0.4276,NaN,NaN,NaN,NaN,0,0,0,0,0.05517018,0,0,0,0,0,0,240,240,16
174,175,0.3738,NaN,NaN,NaN,NaN,0,0,0,0,0.04917282,0,0,0,0,0,0,240,240,16
175,176,0.3577,NaN,NaN,NaN,NaN,0,0,0,0,0.0437095165,0,0,0,0,0,0,240,240,16
176,177,0.3599,NaN,NaN,NaN,NaN,0,0,0,0,0.0387921929,0,0,0,0,0,0,240,240,16
177,178,0.3658,NaN,NaN,NaN,NaN,0,0,0,0,0.0344317555,0,0,0,0,0,0,240,240,16
178,179,0.3728,NaN,NaN,NaN,NaN,0,0,0,0,0.0306381583,0,0,0,0,0,0,240,240,16
179,180,0.3579,NaN,NaN,NaN,NaN,0,0,0,0,0.0274204016,0,0,0,0,0,0,240,240,16
180,181,0.3605,NaN,NaN,NaN,NaN,0,0,0,0,0.0247859955,0,0,0,0,0,0,240,240,16
181,182,0.3661,NaN,NaN,NaN,NaN,0,0,0,0,0.022741437,0,0,0,0,0,0,240,240,16
182,183,0.3644,NaN,NaN,NaN,NaN,0,0,0,0,0.0212917924,0,0,0,0,0,0,240,240,16
183,184,0.4198,NaN,NaN,NaN,NaN,0,0,0,0,0.0204404,0,0,0,0,0,0,240,240,16
184,185,0.3642,NaN,NaN,NaN,NaN,0,0,0,0,0.0201896429,0,0,0,0,0,0,240,240,16
185,186,0.3572,NaN,NaN,NaN,NaN,0,0,0,0,0.02053994,0,0,0,0,0,0,240,240,16
186,187,0.3453,NaN,NaN,NaN,NaN,0,0,0,0,0.0214905739,0,0,0,0,0,0,240,240,16
187,188,0.3758,NaN,NaN,NaN,NaN,0,0,0,0,0.02159506,0,0,0,0,0.111186936,0,240,240,16
188,189,0.3434,NaN,NaN,NaN,NaN,0,0,0,0,0.0222714543,0,0,0,0,0.0021476422,0,240,240,16
189,190,0.3621,NaN,NaN,NaN,NaN,0,0,0,0,0.0217034817,0,0,0,0,0.14173834,0,240,240,16
190,191,0.3557,NaN,NaN,NaN,NaN,0,0,0,0,0.0217163563,0,0,0,0,0.001455607,0,240,240,16
191,192,0.387,NaN,NaN,NaN,NaN,0,0,0,0,0.0223099,0,0,0,0,0.0014631832,0,240,240,16
192,193,0.3734,NaN,NaN,NaN,NaN,0,0,0,0,0.02348274,0,0,0,0,0.00147079641,0,240,240,16
193,194,0.3618,NaN,NaN,NaN,NaN,0,0,0,0,0.0234192014,0,0,0,0,0.141059071,0,240,240,16
194,195,0.3598,NaN,NaN,NaN,NaN,0,0,0,0,0.0239443183,0,0,0,0,0.0007460751,0,240,240,16
195,196,0.3536,NaN,NaN,NaN,NaN,0,0,0,0,0.0232420564,0,0,0,0,0.14033103,0,240,240,16
196,197,0.3636,NaN,NaN,NaN,NaN,0,0,0,0,0.0231381059,0,0,0,0,1.05367119E-08,0,240,240,16
197,198,0.3539,NaN,NaN,NaN,NaN,0,0,0,0,0.0236328244,0,0,0,0,2.50938079E-08,0,240,240,16
198,199,0.3565,NaN,NaN,NaN,NaN,0,0,0,0,0.02472502,0,0,0,0,1.86264515E-09,0,240,240,16
199,200,0.3533,NaN,NaN,NaN,NaN,0,0,0,0,0.026411891,0,0,0,0,0,0,240,240,16
200,201,0.4198,NaN,NaN,NaN,NaN,0,0,0,0,0.0286893845,0,0,0,0,5.58793545E-09,0,240,240,16
201,202,0.3657,NaN,NaN,NaN,NaN,0,0,0,0,0.0315519571,0,0,0,0,1.86264515E-09,0,240,240,16
202,203,0.4142,NaN,NaN,NaN,NaN,0,0,0,0,0.0349928141,0,0,0,0,0,0,240,240,16
203,204,0.3919,NaN,NaN,NaN,NaN,0,0,0,0,0.03900385,0,0,0,0,7.450581E-09,0,240,240,16
204,205,0.3635,NaN,NaN,NaN,NaN,0,0,0,0,0.04909736,0,0,0,0,0.5071785,0,240,240,16
205,206,0.3577,NaN,NaN,NaN,NaN,0,0,0,0,0.0578298569,0,0,0,0,0.176946044,0,240,240,16
206,207,0.0221,NaN,NaN,NaN,NaN,0,0,0,0,0.06519586,0,0,0,0,0.175724953,0,240,240,16
207,208,0.0204,NaN,NaN,NaN,NaN,0,0,0,0,0.073367,0,0,0,0,5.70097747E-08,0,240,240,16
208,209,0.0193,NaN,NaN,NaN,NaN,0,0,0,0,0.08231807,0,0,0,0,8.02682152E-08,0,240,240,16
209,210,0.0191,NaN,NaN,NaN,NaN,0,0,0,0,0.09202266,0,0,0,0,1.199189E-07,0,240,240,16
210,211,0.0189,NaN,NaN,NaN,NaN,0,0,0,0,0.102453351,0,0,0,0,5.64636835E-08,0,240,240,16
211,212,0.0189,NaN,NaN,NaN,NaN,0,0,0,0,0.113582253,0,0,0,0,4.517305E-08,0,240,240,16
212,213,0.0189,NaN,NaN,NaN,NaN,0,0,0,0,0.125381172,0,0,0,0,5.72551677E-08,0,240,240,16
213,214,0.0187,NaN,NaN,NaN,NaN,0,0,0,0,0.1378218,0,0,0,0,1.20913072E-07,0,240,240,16
214,215,0.0187,NaN,NaN,NaN,NaN,0,0,0,0,0.1508758,0,0,0,0,8.218569E-08,0,240,240,16
215,216,0.0367,NaN,NaN,NaN,NaN,0,0,0,0,0.164515674,0,0,0,0,1.01751489E-07,0,240,240,16
216,217,0.0319,NaN,NaN,NaN,NaN,0,0,0,0,0.178714037,0,0,0,0,9.135125E-08,0,240,240,16
217,218,0.0237,NaN,NaN,NaN,NaN,0,0,0,0,0.193444133,0,0,0,0,9.551321E-08,0,240,240,16
218,219,0.0227,NaN,NaN,NaN,NaN,0,0,0,0,0.208680272,0,0,0,0,9.744187E-08,0,240,240,16
219,220,0.0224,NaN,NaN,NaN,NaN,0,0,0,0,0.224397361,0,0,0,0,6.914718E-08,0,240,240,16
220,221,0.0224,NaN,NaN,NaN,NaN,0,0,0,0,0.2405712,0,0,0,0,9.041189E-08,0,240,240,16
221,222,0.0204,NaN,NaN,NaN,NaN,0,0,0,0,0.2571789,0,0,0,0,7.312369E-08,0,240,240,16
222,223,0.0221,NaN,NaN,NaN,NaN,0,0,0,0,0.274197936,0,0,0,0,5.647442E-08,0,240,240,16
223,224,0.0208,NaN,NaN,NaN,NaN,0,0,0,0,0.29160744,0,0,0,0,1.4576662E-07,0,240,240,16
224,225,0.0196,NaN,NaN,NaN,NaN,0,0,0,0,0.3093869,0,0,0,0,5.14001428E-08,0,240,240,16
225,226,0.0201,NaN,NaN,NaN,NaN,0,0,0,0,0.32751745,0,0,0,0,4.09781933E-08,0,240,240,16
226,227,0.0203,NaN,NaN,NaN,NaN,0,0,0,0,0.345980585,0,0,0,0,1.3173414E-07,0,240,240,16
227,228,0.0197,NaN,NaN,NaN,NaN,0,0,0,0,0.364759028,0,0,0,0,3.35276127E-08,0,240,240,16
228,229,0.0195,NaN,NaN,NaN,NaN,0,0,0,0,0.383836567,0,0,0,0,1.04673894E-07,0,240,240,16
229,230,0.0218,NaN,NaN,NaN,NaN,0,0,0,0,0.403197348,0,0,0,0,1.285162E-07,0,240,240,16
230,231,0.0195,NaN,NaN,NaN,NaN,0,0,0,0,0.422827065,0,0,0,0,4.27370352E-08,0,240,240,16
231,232,0.0204,NaN,NaN,NaN,NaN,0,0,0,0,0.442711771,0,0,0,0,1.186408E-07,0,240,240,16
232,233,0.0203,NaN,NaN,NaN,NaN,0,0,0,0,0.462838352,0,0,0,0,9.96593243E-08,0,240,240,16
233,234,0.0204,NaN,NaN,NaN,NaN,0,0,0,0,0.4831943,0,0,0,0,9.7671176E-08,0,240,240,16
234,235,0.0205,NaN,NaN,NaN,NaN,0,0,0,0,0.503768146,0,0,0,0,1.11152211E-07,0,240,240,16
235,236,0.0218,NaN,NaN,NaN,NaN,0,0,0,0,0.5245488,0,0,0,0,8.92373748E-08,0,240,240,16
236,237,0.0204,NaN,NaN,NaN,NaN,0,0,0,0,0.5455261,0,0,0,0,1.00860881E-07,0,240,240,16
237,238,0.0203,NaN,NaN,NaN,NaN,0,0,0,0,0.566690266,0,0,0,0,9.57157E-08,0,240,240,16
238,239,0.022,NaN,NaN,NaN,NaN,0,0,0,0,0.588031948,0,0,0,0,1.243323E-07,0,240,240,16
239,240,0.0203,NaN,NaN,NaN,NaN,0,0,0,0,0.6095424,0,0,0,0,1.01625766E-07,0,240,240,16
240,241,0.0195,NaN,NaN,NaN,NaN,0,0,0,0,0.6312136,0,0,0,0,8.718321E-08,0,240,240,16
241,242,0.0201,NaN,NaN,NaN,NaN,0,0,0,0,0.653037846,0,0,0,0,7.973263E-08,0,240,240,16
242,243,0.0197,NaN,NaN,NaN,NaN,0,0,0,0,0.675007761,0,0,0,0,8.174879E-08,0,240,240,16
243,244,0.0186,NaN,NaN,NaN,NaN,0,0,0,0,0.697116554,0,0,0,0,1.06803839E-07,0,240,240,16
244,245,0.0369,NaN,NaN,NaN,NaN,0,0,0,0,0.71935755,0,0,0,0,8.342013E-08,0,240,240,16
245,246,0.0263,NaN,NaN,NaN,NaN,0,0,0,0,0.7417249,0,0,0,0,5.43619763E-08,0,240,240,16
246,247,0.0198,NaN,NaN,NaN,NaN,0,0,0,0,0.764212549,0,0,0,0,5.721738E-08,0,240,240,16
247,248,0.0193,NaN,NaN,NaN,NaN,0,0,0,0,0.786815464,0,0,0,0,1.04100529E-07,0,240,240,16
248,249,0.0201,NaN,NaN,NaN,NaN,0,0,0,0,0.809528053,0,0,0,0,8.706845E-08,0,240,240,16
249,250,0.0188,NaN,NaN,NaN,NaN,0,0,0,0,0.8323454,0,0,0,0,6.68476261E-08,0,240,240,16
250,251,0.0197,NaN,NaN,NaN,NaN,0,0,0,0,0.8552632,0,0,0,0,1.05007E-07,0,240,240,16
251,252,0.0189,NaN,NaN,NaN,NaN,0,0,0,0,0.8782769,0,0,0,0,8.137694E-08,0,240,240,16
252,253,0.0185,NaN,NaN,NaN,NaN,0,0,0,0,0.9013825,0,0,0,0,7.8919E-08,0,240,240,16
253,254,0.0186,NaN,NaN,NaN,NaN,0,0,0,0,0.924575746,0,0,0,0,8.930317E-08,0,240,240,16
254,255,0.0186,NaN,NaN,NaN,NaN,0,0,0,0,0.947853148,0,0,0,0,8.40592946E-08,0,240,240,16
255,256,0.0185,NaN,NaN,NaN,NaN,0,0,0,0,0.971211255,0,0,0,0,7.100982E-08,0,240,240,16
256,257,0.0185,NaN,NaN,NaN,NaN,0,0,0,0,0.9946466,0,0,0,0,9.371636E-08,0,240,240,16
257,258,0.0184,NaN,NaN,NaN,NaN,0,0,0,0,1.01815629,0,0,0,0,1.14079953E-07,0,240,240,16
258,259,0.0183,NaN,NaN,NaN,NaN,0,0,0,0,1.04173708,0,0,0,0,5.950084E-08,0,240,240,16
259,260,0.0185,NaN,NaN,NaN,NaN,0,0,0,0,1.065386,0,0,0,0,8.538636E-08,0,240,240,16
260,261,0.0187,NaN,NaN,NaN,NaN,0,0,0,0,1.08910084,0,0,0,0,9.185394E-08,0,240,240,16
261,262,0.0184,NaN,NaN,NaN,NaN,0,0,0,0,1.11287832,0,0,0,0,1.05875451E-07,0,240,240,16
262,263,0.0195,NaN,NaN,NaN,NaN,0,0,0,0,1.1367166,0,0,0,0,1.11200961E-07,0,240,240,16
263,264,0.0188,NaN,NaN,NaN,NaN,0,0,0,0,1.1606133,0,0,0,0,7.66465E-08,0,240,240,16
264,265,0.0188,NaN,NaN,NaN,NaN,0,0,0,0,1.184566,0,0,0,0,1.08152832E-07,0,240,240,16
265,266,0.0183,NaN,NaN,NaN,NaN,0,0,0,0,1.20857263,0,0,0,0,1.33416464E-07,0,240,240,16
266,267,0.0182,NaN,NaN,NaN,NaN,0,0,0,0,1.23263121,0,0,0,0,1.27124778E-07,0,240,240,16
267,268,0.0183,NaN,NaN,NaN,NaN,0,0,0,0,1.25673985,0,0,0,0,4.18576143E-08,0,240,240,16
268,269,0.019,NaN,NaN,NaN,NaN,0,0,0,0,1.28089666,0,0,0,0,7.706731E-08,0,240,240,16
269,270,0.0186,NaN,NaN,NaN,NaN,0,0,0,0,1.30509973,0,0,0,0,1.17635651E-07,0,240,240,16
270,271,0.0191,NaN,NaN,NaN,NaN,0,0,0,0,1.32934761,0,0,0,0,7.269191E-08,0,240,240,16
271,272,0.0189,NaN,NaN,NaN,NaN,0,0,0,0,1.35363865,0,0,0,0,7.311273E-08,0,240,240,16
272,273,0.0188,NaN,NaN,NaN,NaN,0,0,0,0,1.37797165,0,0,0,0,8.823223E-08,0,240,240,16
273,274,0.0186,NaN,NaN,NaN,NaN,0,0,0,0,1.402345,0,0,0,0,4.34251675E-08,0,240,240,16
274,275,0.0187,NaN,NaN,NaN,NaN,0,0,0,0,1.42675662,0,0,0,0,1.09305645E-07,0,240,240,16
275,276,0.0188,NaN,NaN,NaN,NaN,0,0,0,0,1.451206,0,0,0,0,9.126961E-08,0,240,240,16
276,277,0.0187,NaN,NaN,NaN,NaN,0,0,0,0,1.4756918,0,0,0,0,1.07464707E-07,0,240,240,16
277,278,0.0288,NaN,NaN,NaN,NaN,0,0,0,0,1.50021243,0,0,0,0,6.70552254E-08,0,240,240,16
278,279,0.0217,NaN,NaN,NaN,NaN,0,0,0,0,1.52476692,0,0,0,0,9.435574E-08,0,240,240,16
279,280,0.0238,NaN,NaN,NaN,NaN,0,0,0,0,1.54935455,0,0,0,0,1.09896064E-07,0,240,240,16
280,281,0.0234,NaN,NaN,NaN,NaN,0,0,0,0,1.57397342,0,0,0,0,9.94081E-08,0,240,240,16
281,282,0.0245,NaN,NaN,NaN,NaN,0,0,0,0,1.59862328,0,0,0,0,7.364809E-08,0,240,240,16
282,283,0.0208,NaN,NaN,NaN,NaN,0,0,0,0,1.6233027,0,0,0,0,1.26069452E-07,0,240,240,16
283,284,0.0207,NaN,NaN,NaN,NaN,0,0,0,0,1.648011,0,0,0,0,4.220168E-08,0,240,240,16
284,285,0.0206,NaN,NaN,NaN,NaN,0,0,0,0,1.6727469,0,0,0,0,1.02401394E-07,0,240,240,16
285,286,0.0208,NaN,NaN,NaN,NaN,0,0,0,0,1.69751,0,0,0,0,1.25610853E-07,0,240,240,16
286,287,0.0204,NaN,NaN,NaN,NaN,0,0,0,0,1.7222991,0,0,0,0,7.96838862E-08,0,240,240,16
287,288,0.0343,NaN,NaN,NaN,NaN,0,0,0,0,1.74711323,0,0,0,0,8.945571E-08,0,240,240,16
288,289,0.0338,NaN,NaN,NaN,NaN,0,0,0,0,1.77195215,0,0,0,0,1.02974745E-07,0,240,240,16
289,290,0.0226,NaN,NaN,NaN,NaN,0,0,0,0,1.79681516,0,0,0,0,1.35748664E-07,0,240,240,16
290,291,0.0211,NaN,NaN,NaN,NaN,0,0,0,0,1.82170129,0,0,0,0,6.891787E-08,0,240,240,16
291,292,0.0198,NaN,NaN,NaN,NaN,0,0,0,0,1.84660983,0,0,0,0,1.24228734E-07,0,240,240,16
292,293,0.0193,NaN,NaN,NaN,NaN,0,0,0,0,1.87154031,0,0,0,0,1.16471867E-07,0,240,240,16
293,294,0.0193,NaN,NaN,NaN,NaN,0,0,0,0,1.89649177,0,0,0,0,9.880183E-08,0,240,240,16
294,295,0.019,NaN,NaN,NaN,NaN,0,0,0,0,1.921464,0,0,0,0,9.435574E-08,0,240,240,16
295,296,0.0187,NaN,NaN,NaN,NaN,0,0,0,0,1.94645619,0,0,0,0,1.04914157E-07,0,240,240,16
296,297,0.0184,NaN,NaN,NaN,NaN,0,0,0,0,1.97146773,0,0,0,0,1.15516656E-07,0,240,240,16
297,298,0.0187,NaN,NaN,NaN,NaN,0,0,0,0,1.99649835,0,0,0,0,1.25875118E-07,0,240,240,16
298,299,0.0186,NaN,NaN,NaN,NaN,0,0,0,0,2.02154756,0,0,0,0,1.54855655E-07,0,240,240,16
299,300,0.0196,NaN,NaN,NaN,NaN,0,0,0,0,2.04661441,0,0,0,0,1.65984844E-07,0,240,240,16
300,301,0.0186,NaN,NaN,NaN,NaN,0,0,0,0,2.07169867,0,0,0,0,1.02445483E-07,0,240,240,16
301,302,0.0186,NaN,NaN,NaN,NaN,0,0,0,0,2.09679985,0,0,0,0,1.184115E-07,0,240,240,16
302,303,0.0186,NaN,NaN,NaN,NaN,0,0,0,0,2.12191772,0,0,0,0,1.07978586E-07,0,240,240,16
303,304,0.0187,NaN,NaN,NaN,NaN,0,0,0,0,2.14705157,0,0,0,0,9.592308E-08,0,240,240,16
304,305,0.0182,NaN,NaN,NaN,NaN,0,0,0,0,2.17220116,0,0,0,0,1.33799034E-07,0,240,240,16
305,306,0.0185,NaN,NaN,NaN,NaN,0,0,0,0,2.19736576,0,0,0,0,1.39790757E-07,0,240,240,16
306,307,0.0186,NaN,NaN,NaN,NaN,0,0,0,0,2.22254539,0,0,0,0,9.313226E-08,0,240,240,16
307,308,0.0184,NaN,NaN,NaN,NaN,0,0,0,0,2.24773932,0,0,0,0,1.37485586E-07,0,240,240,16
308,309,0.0191,NaN,NaN,NaN,NaN,0,0,0,0,2.27294731,0,0,0,0,1.56199761E-07,0,240,240,16
309,310,0.0189,NaN,NaN,NaN,NaN,0,0,0,0,2.29816914,0,0,0,0,1.28899231E-07,0,240,240,16
310,311,0.0201,NaN,NaN,NaN,NaN,0,0,0,0,2.323404,0,0,0,0,1.18258718E-07,0,240,240,16
311,312,0.0199,NaN,NaN,NaN,NaN,0,0,0,0,2.34865284,0,0,0,0,1.2911454E-07,0,240,240,16
312,313,0.02,NaN,NaN,NaN,NaN,0,0,0,0,2.37391376,0,0,0,0,1.41600864E-07,0,240,240,16
313,314,0.0185,NaN,NaN,NaN,NaN,0,0,0,0,2.39918733,0,0,0,0,1.89540984E-07,0,240,240,16
314,315,0.0182,NaN,NaN,NaN,NaN,0,0,0,0,2.42447329,0,0,0,0,1.58069568E-07,0,240,240,16
315,316,0.0184,NaN,NaN,NaN,NaN,0,0,0,0,2.44977045,0,0,0,0,1.520646E-07,0,240,240,16
316,317,0.0186,NaN,NaN,NaN,NaN,0,0,0,0,2.47507954,0,0,0,0,1.53858636E-07,0,240,240,16
317,318,0.0298,NaN,NaN,NaN,NaN,0,0,0,0,2.50039983,0,0,0,0,1.71221075E-07,0,240,240,16
318,319,0.022,NaN,NaN,NaN,NaN,0,0,0,0,2.525731,0,0,0,0,1.57286564E-07,0,240,240,16
319,320,0.021,NaN,NaN,NaN,NaN,0,0,0,0,2.55107355,0,0,0,0,1.38842708E-07,0,240,240,16
320,321,0.0209,NaN,NaN,NaN,NaN,0,0,0,0,2.57642627,0,0,0,0,1.35759635E-07,0,240,240,16
321,322,0.0217,NaN,NaN,NaN,NaN,0,0,0,0,2.60178947,0,0,0,0,1.459391E-07,0,240,240,16
322,323,0.0198,NaN,NaN,NaN,NaN,0,0,0,0,2.62716269,0,0,0,0,1.50173122E-07,0,240,240,16
323,324,0.0198,NaN,NaN,NaN,NaN,0,0,0,0,2.65254545,0,0,0,0,1.336236E-07,0,240,240,16
324,325,0.0194,NaN,NaN,NaN,NaN,0,0,0,0,2.67793775,0,0,0,0,2.55348539E-07,0,240,240,16
325,326,0.02,NaN,NaN,NaN,NaN,0,0,0,0,2.70333958,0,0,0,0,1.3591827E-07,0,240,240,16
326,327,0.0198,NaN,NaN,NaN,NaN,0,0,0,0,2.72875047,0,0,0,0,1.9679652E-07,0,240,240,16
327,328,0.0197,NaN,NaN,NaN,NaN,0,0,0,0,2.75417018,0,0,0,0,2.32107737E-07,0,240,240,16
328,329,0.0197,NaN,NaN,NaN,NaN,0,0,0,0,2.779599,0,0,0,0,1.84488712E-07,0,240,240,16
329,330,0.0198,NaN,NaN,NaN,NaN,0,0,0,0,2.805036,0,0,0,0,1.99307948E-07,0,240,240,16
330,331,0.0194,NaN,NaN,NaN,NaN,0,0,0,0,2.83048177,0,0,0,0,2.18803081E-07,0,240,240,16
331,332,0.0199,NaN,NaN,NaN,NaN,0,0,0,0,2.85593534,0,0,0,0,2.32736937E-07,0,240,240,16
332,333,0.0198,NaN,NaN,NaN,NaN,0,0,0,0,2.881397,0,0,0,0,2.39050848E-07,0,240,240,16
333,334,0.0196,NaN,NaN,NaN,NaN,0,0,0,0,2.90686679,0,0,0,0,2.41451716E-07,0,240,240,16
334,335,0.0195,NaN,NaN,NaN,NaN,0,0,0,0,2.9323442,0,0,0,0,2.65531838E-07,0,240,240,16
335,336,0.0194,NaN,NaN,NaN,NaN,0,0,0,0,2.957829,0,0,0,0,3.080539E-07,0,240,240,16
336,337,0.0197,NaN,NaN,NaN,NaN,0,0,0,0,2.98332119,0,0,0,0,2.79563636E-07,0,240,240,16
337,338,0.0193,NaN,NaN,NaN,NaN,0,0,0,0,3.00882053,0,0,0,0,3.28356748E-07,0,240,240,16
338,339,0.0194,NaN,NaN,NaN,NaN,0,0,0,0,3.03432727,0,0,0,0,3.26104526E-07,0,240,240,16
339,340,0.021,NaN,NaN,NaN,NaN,0,0,0,0,3.059841,0,0,0,0,4.26143E-07,0,240,240,16
340,341,0.0195,NaN,NaN,NaN,NaN,0,0,0,0,3.085361,0,0,0,0,3.44813373E-07,0,240,240,16
341,342,0.0194,NaN,NaN,NaN,NaN,0,0,0,0,3.11088777,0,0,0,0,5.72547549E-07,0,240,240,16
342,343,0.0197,NaN,NaN,NaN,NaN,0,0,0,0,3.13642073,0,0,0,0,6.2274114E-07,0,240,240,16
343,344,0.0196,NaN,NaN,NaN,NaN,0,0,0,0,3.16196012,0,0,0,0,5.142244E-07,0,240,240,16
344,345,0.0196,NaN,NaN,NaN,NaN,0,16,0,0,3.187506,0,0,0,0,1.31459365E-06,0,240,240,16
345,346,0.0219,NaN,NaN,NaN,NaN,0,16,0,0,3.187506,0,0,0,0,2,0,240,240,0
346,347,0.02,NaN,NaN,NaN,NaN,0,16,0,0,3.187506,0,0,0,0,0,0,240,240,0
347,348,0.0188,NaN,NaN,NaN,NaN,0,16,0,0,3.187506,0,0,0,0,0,0,240,240,0
348,349,0.02,NaN,NaN,NaN,NaN,0,16,0,0,3.187506,0,0,0,0,0,0,240,240,0
349,350,0.0189,NaN,NaN,NaN,NaN,0,16,0,0,3.187506,0,0,0,0,0,0,240,240,0
350,351,0.024,NaN,NaN,NaN,NaN,0,16,0,0,3.187506,0,0,0,0,0,0,240,240,0
351,352,0.0186,NaN,NaN,NaN,NaN,0,16,0,0,3.187506,0,0,0,0,0,0,240,240,0
352,353,0.0186,NaN,NaN,NaN,NaN,0,16,0,0,3.187506,0,0,0,0,0,0,240,240,0
353,354,0.0199,NaN,NaN,NaN,NaN,0,16,0,0,3.187506,0,0,0,0,0,0,240,240,0
354,355,0.0186,NaN,NaN,NaN,NaN,0,16,0,0,3.187506,0,0,0,0,0,0,240,240,0
355,356,0.0185,NaN,NaN,NaN,NaN,0,16,0,0,3.187506,0,0,0,0,0,0,240,240,0
356,357,0.0183,NaN,NaN,NaN,NaN,0,16,0,0,3.187506,0,0,0,0,0,0,240,240,0
357,358,0.0183,NaN,NaN,NaN,NaN,0,16,0,0,3.187506,0,0,0,0,0,0,240,240,0
358,359,0.0194,NaN,NaN,NaN,NaN,0,16,0,0,3.187506,0,0,0,0,0,0,240,240,0
359,360,0.0185,NaN,NaN,NaN,NaN,0,16,0,0,3.187506,0,0,0,0,0,0,240,240,0
360,361,0.0184,NaN,NaN,NaN,NaN,0,16,0,0,3.187506,0,0,0,0,0,0,240,240,0
361,362,0.02,NaN,NaN,NaN,NaN,0,16,0,0,3.187506,0,0,0,0,0,0,240,240,0
362,363,0.0186,NaN,NaN,NaN,NaN,0,16,0,0,3.187506,0,0,0,0,0,0,240,240,0
363,364,0.0184,NaN,NaN,NaN,NaN,0,16,0,0,3.187506,0,0,0,0,0,0,240,240,0
364,365,0.0182,NaN,NaN,NaN,NaN,0,16,0,0,3.187506,0,0,0,0,0,0,240,240,0
365,366,0.0185,NaN,NaN,NaN,NaN,0,16,0,0,3.187506,0,0,0,0,0,0,240,240,0
366,367,0.0182,NaN,NaN,NaN,NaN,0,16,0,0,3.187506,0,0,0,0,0,0,240,240,0
367,368,0.0185,NaN,NaN,NaN,NaN,0,16,0,0,3.187506,0,0,0,0,0,0,240,240,0
368,369,0.0185,NaN,NaN,NaN,NaN,0,16,0,0,3.187506,0,0,0,0,0,0,240,240,0
369,370,0.0193,NaN,NaN,NaN,NaN,0,16,0,0,3.187506,0,0,0,0,0,0,240,240,0
370,371,0.0187,NaN,NaN,NaN,NaN,0,16,0,0,3.187506,0,0,0,0,0,0,240,240,0
371,372,0.0183,NaN,NaN,NaN,NaN,0,16,0,0,3.187506,0,0,0,0,0,0,240,240,0
372,373,0.0184,NaN,NaN,NaN,NaN,0,16,0,0,3.187506,0,0,0,0,0,0,240,240,0
373,374,0.0184,NaN,NaN,NaN,NaN,0,16,0,0,3.187506,0,0,0,0,0,0,240,240,0
374,375,0.0204,NaN,NaN,NaN,NaN,0,16,0,0,3.187506,0,0,0,0,0,0,240,240,0
375,376,0.0196,NaN,NaN,NaN,NaN,0,16,0,0,3.187506,0,0,0,0,0,0,240,240,0
376,377,0.0184,NaN,NaN,NaN,NaN,0,16,0,0,3.187506,0,0,0,0,0,0,240,240,0
377,378,0.0185,NaN,NaN,NaN,NaN,0,16,0,0,3.187506,0,0,0,0,0,0,240,240,0
378,379,0.0182,NaN,NaN,NaN,NaN,0,16,0,0,3.187506,0,0,0,0,0,0,240,240,0
379,380,0.0198,NaN,NaN,NaN,NaN,0,16,0,0,3.187506,0,0,0,0,0,0,240,240,0
380,381,0.0186,NaN,NaN,NaN,NaN,0,16,0,0,3.187506,0,0,0,0,0,0,240,240,0
381,382,0.0183,NaN,NaN,NaN,NaN,0,16,0,0,3.187506,0,0,0,0,0,0,240,240,0
382,383,0.0183,NaN,NaN,NaN,NaN,0,16,0,0,3.187506,0,0,0,0,0,0,240,240,0
383,384,0.0183,NaN,NaN,NaN,NaN,0,16,0,0,3.187506,0,0,0,0,0,0,240,240,0
384,385,0.0182,NaN,NaN,NaN,NaN,0,16,0,0,3.187506,0,0,0,0,0,0,240,240,0
385,386,0.018,NaN,NaN,NaN,NaN,0,16,0,0,3.187506,0,0,0,0,0,0,240,240,0
386,387,0.0193,NaN,NaN,NaN,NaN,0,16,0,0,3.187506,0,0,0,0,0,0,240,240,0
387,388,0.0185,NaN,NaN,NaN,NaN,0,16,0,0,3.187506,0,0,0,0,0,0,240,240,0
388,389,0.0183,NaN,NaN,NaN,NaN,0,16,0,0,3.187506,0,0,0,0,0,0,240,240,0
389,390,0.0197,NaN,NaN,NaN,NaN,0,16,0,0,3.187506,0,0,0,0,0,0,240,240,0
390,391,0.0185,NaN,NaN,NaN,NaN,0,16,0,0,3.187506,0,0,0,0,0,0,240,240,0
391,392,0.0182,NaN,NaN,NaN,NaN,0,16,0,0,3.187506,0,0,0,0,0,0,240,240,0
392,393,0.0185,NaN,NaN,NaN,NaN,0,16,0,0,3.187506,0,0,0,0,0,0,240,240,0
393,394,0.0187,NaN,NaN,NaN,NaN,0,16,0,0,3.187506,0,0,0,0,0,0,240,240,0
394,395,0.0183,NaN,NaN,NaN,NaN,0,16,0,0,3.187506,0,0,0,0,0,0,240,240,0
395,396,0.0184,NaN,NaN,NaN,NaN,0,16,0,0,3.187506,0,0,0,0,0,0,240,240,0
396,397,0.0195,NaN,NaN,NaN,NaN,0,16,0,0,3.187506,0,0,0,0,0,0,240,240,0
397,398,0.0193,NaN,NaN,NaN,NaN,0,16,0,0,3.187506,0,0,0,0,0,0,240,240,0
398,399,0.0184,NaN,NaN,NaN,NaN,0,16,0,0,3.187506,0,0,0,0,0,0,240,240,0
399,400,0.0183,NaN,NaN,NaN,NaN,0,16,0,0,3.187506,0,0,0,0,0,0,240,240,0
400,401,0.0185,NaN,NaN,NaN,NaN,0,16,0,0,3.187506,0,0,0,0,0,0,240,240,0
401,402,0.0183,NaN,NaN,NaN,NaN,0,16,0,0,3.187506,0,0,0,0,0,0,240,240,0
402,403,0.0201,NaN,NaN,NaN,NaN,0,16,0,0,3.187506,0,0,0,0,0,0,240,240,0
403,404,0.0183,NaN,NaN,NaN,NaN,0,16,0,0,3.187506,0,0,0,0,0,0,240,240,0
404,405,0.0183,NaN,NaN,NaN,NaN,0,16,0,0,3.187506,0,0,0,0,0,0,240,240,0
405,406,0.0182,NaN,NaN,NaN,NaN,0,16,0,0,3.187506,0,0,0,0,0,0,240,240,0
406,407,0.0184,NaN,NaN,NaN,NaN,0,16,0,0,3.187506,0,0,0,0,0,0,240,240,0
407,408,0.0194,NaN,NaN,NaN,NaN,0,16,0,0,3.187506,0,0,0,0,0,0,240,240,0
408,409,0.0184,NaN,NaN,NaN,NaN,0,16,0,0,3.187506,0,0,0,0,0,0,240,240,0
409,410,0.0182,NaN,NaN,NaN,NaN,0,16,0,0,3.187506,0,0,0,0,0,0,240,240,0
410,411,0.0187,NaN,NaN,NaN,NaN,0,16,0,0,3.187506,0,0,0,0,0,0,240,240,0
411,412,0.0183,NaN,NaN,NaN,NaN,0,16,0,0,3.187506,0,0,0,0,0,0,240,240,0
412,413,0.0207,NaN,NaN,NaN,NaN,0,16,0,0,3.187506,0,0,0,0,0,0,240,240,0
413,414,0.0221,NaN,NaN,NaN,NaN,0,16,0,0,3.187506,0,0,0,0,0,0,240,240,0
414,415,0.0209,NaN,NaN,NaN,NaN,0,16,0,0,3.187506,0,0,0,0,0,0,240,240,0
415,416,0.0214,NaN,NaN,NaN,NaN,0,16,0,0,3.187506,0,0,0,0,0,0,240,240,0
416,417,0.0186,NaN,NaN,NaN,NaN,0,16,0,0,3.187506,0,0,0,0,0,0,240,240,0
417,418,0.0184,NaN,NaN,NaN,NaN,0,16,0,0,3.187506,0,0,0,0,0,0,240,240,0
418,419,0.0183,NaN,NaN,NaN,NaN,0,16,0,0,3.187506,0,0,0,0,0,0,240,240,0
419,420,0.0183,NaN,NaN,NaN,NaN,0,16,0,0,3.187506,0,0,0,0,0,0,240,240,0
420,421,0.0184,NaN,NaN,NaN,NaN,0,16,0,0,3.187506,0,0,0,0,0,0,240,240,0
421,422,0.0182,NaN,NaN,NaN,NaN,0,16,0,0,3.187506,0,0,0,0,0,0,240,240,0
422,423,0.0196,NaN,NaN,NaN,NaN,0,16,0,0,3.187506,0,0,0,0,0,0,240,240,0
423,424,0.0183,NaN,NaN,NaN,NaN,0,16,0,0,3.187506,0,0,0,0,0,0,240,240,0
424,425,0.0185,NaN,NaN,NaN,NaN,0,16,0,0,3.187506,0,0,0,0,0,0,240,240,0
425,426,0.0198,NaN,NaN,NaN,NaN,0,16,0,0,3.187506,0,0,0,0,0,0,240,240,0
426,427,0.0197,NaN,NaN,NaN,NaN,0,16,0,0,3.187506,0,0,0,0,0,0,240,240,0
427,428,0.0184,NaN,NaN,NaN,NaN,0,16,0,0,3.187506,0,0,0,0,0,0,240,240,0
428,429,0.0184,NaN,NaN,NaN,NaN,0,16,0,0,3.187506,0,0,0,0,0,0,240,240,0
429,430,0.0183,NaN,NaN,NaN,NaN,0,16,0,0,3.187506,0,0,0,0,0,0,240,240,0
430,431,0.0194,NaN,NaN,NaN,NaN,0,16,0,0,3.187506,0,0,0,0,0,0,240,240,0
431,432,0.0181,NaN,NaN,NaN,NaN,0,16,0,0,3.187506,0,0,0,0,0,0,240,240,0
432,433,0.0194,NaN,NaN,NaN,NaN,0,16,0,0,3.187506,0,0,0,0,0,0,240,240,0
433,434,0.0186,NaN,NaN,NaN,NaN,0,16,0,0,3.187506,0,0,0,0,0,0,240,240,0
434,435,0.0195,NaN,NaN,NaN,NaN,0,16,0,0,3.187506,0,0,0,0,0,0,240,240,0
435,436,0.0184,NaN,NaN,NaN,NaN,0,16,0,0,3.187506,0,0,0,0,0,0,240,240,0
436,437,0.0201,NaN,NaN,NaN,NaN,0,16,0,0,3.187506,0,0,0,0,0,0,240,240,0
437,438,0.0197,NaN,NaN,NaN,NaN,0,16,0,0,3.187506,0,0,0,0,0,0,240,240,0
438,439,0.0197,NaN,NaN,NaN,NaN,0,16,0,0,3.187506,0,0,0,0,0,0,240,240,0
439,440,0.0195,NaN,NaN,NaN,NaN,0,16,0,0,3.187506,0,0,0,0,0,0,240,240,0
440,441,0.0185,NaN,NaN,NaN,NaN,0,16,0,0,3.187506,0,0,0,0,0,0,240,240,0
441,442,0.0183,NaN,NaN,NaN,NaN,0,16,0,0,3.187506,0,0,0,0,0,0,240,240,0
442,443,0.0184,NaN,NaN,NaN,NaN,0,16,0,0,3.187506,0,0,0,0,0,0,240,240,0
443,444,0.0196,NaN,NaN,NaN,NaN,0,16,0,0,3.187506,0,0,0,0,0,0,240,240,0
444,445,0.0199,NaN,NaN,NaN,NaN,0,16,0,0,3.187506,0,0,0,0,0,0,240,240,0
445,446,0.0201,NaN,NaN,NaN,NaN,0,16,0,0,3.187506,0,0,0,0,0,0,240,240,0
446,447,0.0183,NaN,NaN,NaN,NaN,0,16,0,0,3.187506,0,0,0,0,0,0,240,240,0
447,448,0.0219,NaN,NaN,NaN,NaN,0,16,0,0,3.187506,0,0,0,0,0,0,240,240,0
448,449,0.0186,NaN,NaN,NaN,NaN,0,16,0,0,3.187506,0,0,0,0,0,0,240,240,0
449,450,0.02,NaN,NaN,NaN,NaN,0,16,0,0,3.187506,0,0,0,0,0,0,240,240,0
450,451,0.0187,NaN,NaN,NaN,NaN,0,16,0,0,3.187506,0,0,0,0,0,0,240,240,0
451,452,0.0202,NaN,NaN,NaN,NaN,0,16,0,0,3.187506,0,0,0,0,0,0,240,240,0
452,453,0.0189,NaN,NaN,NaN,NaN,0,16,0,0,3.187506,0,0,0,0,0,0,240,240,0
453,454,0.0183,NaN,NaN,NaN,NaN,0,16,0,0,3.187506,0,0,0,0,0,0,240,240,0
454,455,0.0187,NaN,NaN,NaN,NaN,0,16,0,0,3.187506,0,0,0,0,0,0,240,240,0
455,456,0.0197,NaN,NaN,NaN,NaN,0,16,0,0,3.187506,0,0,0,0,0,0,240,240,0
456,457,0.0185,NaN,NaN,NaN,NaN,0,16,0,0,3.187506,0,0,0,0,0,0,240,240,0
457,458,0.0184,NaN,NaN,NaN,NaN,0,16,0,0,3.187506,0,0,0,0,0,0,240,240,0
458,459,0.0188,NaN,NaN,NaN,NaN,0,16,0,0,3.187506,0,0,0,0,0,0,240,240,0
459,460,0.0183,NaN,NaN,NaN,NaN,0,16,0,0,3.187506,0,0,0,0,0,0,240,240,0
460,461,0.0186,NaN,NaN,NaN,NaN,0,16,0,0,3.187506,0,0,0,0,0,0,240,240,0
461,462,0.0197,NaN,NaN,NaN,NaN,0,16,0,0,3.187506,0,0,0,0,0,0,240,240,0
462,463,0.0197,NaN,NaN,NaN,NaN,0,16,0,0,3.187506,0,0,0,0,0,0,240,240,0
463,464,0.0184,NaN,NaN,NaN,NaN,0,16,0,0,3.187506,0,0,0,0,0,0,240,240,0
464,465,0.0184,NaN,NaN,NaN,NaN,0,16,0,0,3.187506,0,0,0,0,0,0,240,240,0
465,466,0.0201,NaN,NaN,NaN,NaN,0,16,0,0,3.187506,0,0,0,0,0,0,240,240,0
466,467,0.0202,NaN,NaN,NaN,NaN,0,16,0,0,3.187506,0,0,0,0,0,0,240,240,0
467,468,0.0181,NaN,NaN,NaN,NaN,0,16,0,0,3.187506,0,0,0,0,0,0,240,240,0
468,469,0.0181,NaN,NaN,NaN,NaN,0,16,0,0,3.187506,0,0,0,0,0,0,240,240,0
469,470,0.0184,NaN,NaN,NaN,NaN,0,16,0,0,3.187506,0,0,0,0,0,0,240,240,0
470,471,0.0193,NaN,NaN,NaN,NaN,0,16,0,0,3.187506,0,0,0,0,0,0,240,240,0
471,472,0.0184,NaN,NaN,NaN,NaN,0,16,0,0,3.187506,0,0,0,0,0,0,240,240,0
472,473,0.0198,NaN,NaN,NaN,NaN,0,16,0,0,3.187506,0,0,0,0,0,0,240,240,0
473,474,0.0183,NaN,NaN,NaN,NaN,0,16,0,0,3.187506,0,0,0,0,0,0,240,240,0
474,475,0.0192,NaN,NaN,NaN,NaN,0,16,0,0,3.187506,0,0,0,0,0,0,240,240,0
475,476,0.0182,NaN,NaN,NaN,NaN,0,16,0,0,3.187506,0,0,0,0,0,0,240,240,0
476,477,0.0202,NaN,NaN,NaN,NaN,0,16,0,0,3.187506,0,0,0,0,0,0,240,240,0
477,478,0.018,NaN,NaN,NaN,NaN,0,16,0,0,3.187506,0,0,0,0,0,0,240,240,0
478,479,0.0183,NaN,NaN,NaN,NaN,0,16,0,0,3.187506,0,0,0,0,0,0,240,240,0
479,480,0.0181,NaN,NaN,NaN,NaN,0,16,0,0,3.187506,0,0,0,0,0,0,240,240,0
480,481,0.0183,NaN,NaN,NaN,NaN,0,16,0,0,3.187506,0,0,0,0,0,0,240,240,0
481,482,0.0194,NaN,NaN,NaN,NaN,0,16,0,0,3.187506,0,0,0,0,0,0,240,240,0
482,483,0.0194,NaN,NaN,NaN,NaN,0,16,0,0,3.187506,0,0,0,0,0,0,240,240,0
483,484,0.0183,NaN,NaN,NaN,NaN,0,16,0,0,3.187506,0,0,0,0,0,0,240,240,0
484,485,0.0195,NaN,NaN,NaN,NaN,0,16,0,0,3.187506,0,0,0,0,0,0,240,240,0
485,486,0.0201,NaN,NaN,NaN,NaN,0,16,0,0,3.187506,0,0,0,0,0,0,240,240,0
486,487,0.0202,NaN,NaN,NaN,NaN,0,16,0,0,3.187506,0,0,0,0,0,0,240,240,0
487,488,0.02,NaN,NaN,NaN,NaN,0,16,0,0,3.187506,0,0,0,0,0,0,240,240,0
488,489,0.0193,NaN,NaN,NaN,NaN,0,16,0,0,3.187506,0,0,0,0,0,0,240,240,0
489,490,0.0183,NaN,NaN,NaN,NaN,0,16,0,0,3.187506,0,0,0,0,0,0,240,240,0
490,491,0.0182,NaN,NaN,NaN,NaN,0,16,0,0,3.187506,0,0,0,0,0,0,240,240,0
491,492,0.0184,NaN,NaN,NaN,NaN,0,16,0,0,3.187506,0,0,0,0,0,0,240,240,0
492,493,0.0311,NaN,NaN,NaN,NaN,0,16,0,0,3.187506,0,0,0,0,0,0,240,240,0
493,494,0.0197,NaN,NaN,NaN,NaN,0,16,0,0,3.187506,0,0,0,0,0,0,240,240,0
494,495,0.0264,NaN,NaN,NaN,NaN,0,16,0,0,3.187506,0,0,0,0,0,0,240,240,0
495,496,0.0204,NaN,NaN,NaN,NaN,0,16,0,0,3.187506,0,0,0,0,0,0,240,240,0
496,497,0.0184,NaN,NaN,NaN,NaN,0,16,0,0,3.187506,0,0,0,0,0,0,240,240,0
497,498,0.0185,NaN,NaN,NaN,NaN,0,16,0,0,3.187506,0,0,0,0,0,0,240,240,0
498,499,0.0186,NaN,NaN,NaN,NaN,0,16,0,0,3.187506,0,0,0,0,0,0,240,240,0
499,500,0.0183,NaN,NaN,NaN,NaN,0,16,0,0,3.187506,0,0,0,0,0,0,240,240,0
500,501,0.0182,NaN,NaN,NaN,NaN,0,16,0,0,3.187506,0,0,0,0,0,0,240,240,0
501,502,0.018,NaN,NaN,NaN,NaN,0,16,0,0,3.187506,0,0,0,0,0,0,240,240,0
502,503,0.0198,NaN,NaN,NaN,NaN,0,16,0,0,3.187506,0,0,0,0,0,0,240,240,0
503,504,0.0202,NaN,NaN,NaN,NaN,0,16,0,0,3.187506,0,0,0,0,0,0,240,240,0
504,505,0.0182,NaN,NaN,NaN,NaN,0,16,0,0,3.187506,0,0,0,0,0,0,240,240,0
505,506,0.0193,NaN,NaN,NaN,NaN,0,16,0,0,3.187506,0,0,0,0,0,0,240,240,0
506,507,0.0182,NaN,NaN,NaN,NaN,0,16,0,0,3.187506,0,0,0,0,0,0,240,240,0
507,508,0.0182,NaN,NaN,NaN,NaN,0,16,0,0,3.187506,0,0,0,0,0,0,240,240,0
508,509,0.0254,NaN,NaN,NaN,NaN,0,16,0,0,3.187506,0,0,0,0,0,0,240,240,0
509,510,0.0202,NaN,NaN,NaN,NaN,0,16,0,0,3.187506,0,0,0,0,0,0,240,240,0
510,511,0.02,NaN,NaN,NaN,NaN,0,16,0,0,3.187506,0,0,0,0,0,0,240,240,0
511,512,0.0184,NaN,NaN,NaN,NaN,0,16,0,0,3.187506,0,0,0,0,0,0,240,240,0
512,513,0.0203,NaN,NaN,NaN,NaN,0,16,0,0,3.187506,0,0,0,0,0,0,240,240,0
513,514,0.0281,NaN,NaN,NaN,NaN,0,16,0,0,3.187506,0,0,0,0,0,0,240,240,0
514,515,0.0199,NaN,NaN,NaN,NaN,0,16,0,0,3.187506,0,0,0,0,0,0,240,240,0
515,516,0.0239,NaN,NaN,NaN,NaN,0,16,0,0,3.187506,0,0,0,0,0,0,240,240,0
516,517,0.0194,NaN,NaN,NaN,NaN,0,16,0,0,3.187506,0,0,0,0,0,0,240,240,0
517,518,0.0183,NaN,NaN,NaN,NaN,0,16,0,0,3.187506,0,0,0,0,0,0,240,240,0
518,519,0.0196,NaN,NaN,NaN,NaN,0,16,0,0,3.187506,0,0,0,0,0,0,240,240,0
519,520,0.0182,NaN,NaN,NaN,NaN,0,16,0,0,3.187506,0,0,0,0,0,0,240,240,0
520,521,0.0193,NaN,NaN,NaN,NaN,0,16,0,0,3.187506,0,0,0,0,0,0,240,240,0
521,522,0.0204,NaN,NaN,NaN,NaN,0,16,0,0,3.187506,0,0,0,0,0,0,240,240,0
522,523,0.0232,NaN,NaN,NaN,NaN,0,16,0,0,3.187506,0,0,0,0,0,0,240,240,0
523,524,0.023,NaN,NaN,NaN,NaN,0,16,0,0,3.187506,0,0,0,0,0,0,240,240,0
524,525,0.0232,NaN,NaN,NaN,NaN,0,16,0,0,3.187506,0,0,0,0,0,0,240,240,0
525,526,0.0228,NaN,NaN,NaN,NaN,0,16,0,0,3.187506,0,0,0,0,0,0,240,240,0
526,527,0.0181,NaN,NaN,NaN,NaN,0,16,0,0,3.187506,0,0,0,0,0,0,240,240,0
527,528,0.0208,NaN,NaN,NaN,NaN,0,16,0,0,3.187506,0,0,0,0,0,0,240,240,0
528,529,0.0183,NaN,NaN,NaN,NaN,0,16,0,0,3.187506,0,0,0,0,0,0,240,240,0
529,530,0.0194,NaN,NaN,NaN,NaN,0,16,0,0,3.187506,0,0,0,0,0,0,240,240,0
530,531,0.0183,NaN,NaN,NaN,NaN,0,16,0,0,3.187506,0,0,0,0,0,0,240,240,0
531,532,0.0201,NaN,NaN,NaN,NaN,0,16,0,0,3.187506,0,0,0,0,0,0,240,240,0
532,533,0.0189,NaN,NaN,NaN,NaN,0,16,0,0,3.187506,0,0,0,0,0,0,240,240,0
533,534,0.0182,NaN,NaN,NaN,NaN,0,16,0,0,3.187506,0,0,0,0,0,0,240,240,0
534,535,0.0183,NaN,NaN,NaN,NaN,0,16,0,0,3.187506,0,0,0,0,0,0,240,240,0
535,536,0.0181,NaN,NaN,NaN,NaN,0,16,0,0,3.187506,0,0,0,0,0,0,240,240,0
536,537,0.0184,NaN,NaN,NaN,NaN,0,16,0,0,3.187506,0,0,0,0,0,0,240,240,0
537,538,0.0198,NaN,NaN,NaN,NaN,0,16,0,0,3.187506,0,0,0,0,0,0,240,240,0
538,539,0.0186,NaN,NaN,NaN,NaN,0,16,0,0,3.187506,0,0,0,0,0,0,240,240,0
539,540,0.0201,NaN,NaN,NaN,NaN,0,16,0,0,3.187506,0,0,0,0,0,0,240,240,0
540,541,0.0199,NaN,NaN,NaN,NaN,0,16,0,0,3.187506,0,0,0,0,0,0,240,240,0
541,542,0.0188,NaN,NaN,NaN,NaN,0,16,0,0,3.187506,0,0,0,0,0,0,240,240,0
542,543,0.034,NaN,NaN,NaN,NaN,0,16,0,0,3.187506,0,0,0,0,0,0,240,240,0
543,544,0.022,NaN,NaN,NaN,NaN,0,16,0,0,3.187506,0,0,0,0,0,0,240,240,0
544,545,0.0385,NaN,NaN,NaN,NaN,0,16,0,0,3.187506,0,0,0,0,0,0,240,240,0
545,546,0.0226,NaN,NaN,NaN,NaN,0,16,0,0,3.187506,0,0,0,0,0,0,240,240,0
546,547,0.0185,NaN,NaN,NaN,NaN,0,16,0,0,3.187506,0,0,0,0,0,0,240,240,0
547,548,0.0187,NaN,NaN,NaN,NaN,0,16,0,0,3.187506,0,0,0,0,0,0,240,240,0
548,549,0.0203,NaN,NaN,NaN,NaN,0,16,0,0,3.187506,0,0,0,0,0,0,240,240,0
549,550,0.019,NaN,NaN,NaN,NaN,0,16,0,0,3.187506,0,0,0,0,0,0,240,240,0
550,551,0.0317,NaN,NaN,NaN,NaN,0,16,0,0,3.187506,0,0,0,0,0,0,240,240,0
551,552,0.02,NaN,NaN,NaN,NaN,0,16,0,0,3.187506,0,0,0,0,0,0,240,240,0
552,553,0.0325,NaN,NaN,NaN,NaN,0,16,0,0,3.187506,0,0,0,0,0,0,240,240,0
553,554,0.0288,NaN,NaN,NaN,NaN,0,16,0,0,3.187506,0,0,0,0,0,0,240,240,0
554,555,0.0211,NaN,NaN,NaN,NaN,0,16,0,0,3.187506,0,0,0,0,0,0,240,240,0
555,556,0.0212,NaN,NaN,NaN,NaN,0,16,0,0,3.187506,0,0,0,0,0,0,240,240,0
556,557,0.0308,NaN,NaN,NaN,NaN,0,16,0,0,3.187506,0,0,0,0,0,0,240,240,0
557,558,0.0205,NaN,NaN,NaN,NaN,0,16,0,0,3.187506,0,0,0,0,0,0,240,240,0
558,559,0.0227,NaN,NaN,NaN,NaN,0,16,0,0,3.187506,0,0,0,0,0,0,240,240,0
559,560,0.0199,NaN,NaN,NaN,NaN,0,16,0,0,3.187506,0,0,0,0,0,0,240,240,0
560,561,0.0224,NaN,NaN,NaN,NaN,0,16,0,0,3.187506,0,0,0,0,0,0,240,240,0
561,562,0.0206,NaN,NaN,NaN,NaN,0,16,0,0,3.187506,0,0,0,0,0,0,240,240,0
562,563,0.027,NaN,NaN,NaN,NaN,0,16,0,0,3.187506,0,0,0,0,0,0,240,240,0
563,564,0.0199,NaN,NaN,NaN,NaN,0,16,0,0,3.187506,0,0,0,0,0,0,240,240,0
564,565,0.1048,NaN,NaN,NaN,NaN,0,16,0,0,3.187506,0,0,0,0,0,0,240,240,0
565,566,0.0539,NaN,NaN,NaN,NaN,0,16,0,0,3.187506,0,0,0,0,0,0,240,240,0
566,567,0.0341,NaN,NaN,NaN,NaN,0,16,0,0,3.187506,0,0,0,0,0,0,240,240,0
567,568,0.0293,NaN,NaN,NaN,NaN,0,16,0,0,3.187506,0,0,0,0,0,0,240,240,0
568,569,0.0261,NaN,NaN,NaN,NaN,0,16,0,0,3.187506,0,0,0,0,0,0,240,240,0
569,570,0.0262,NaN,NaN,NaN,NaN,0,16,0,0,3.187506,0,0,0,0,0,0,240,240,0
570,571,0.0239,NaN,NaN,NaN,NaN,0,16,0,0,3.187506,0,0,0,0,0,0,240,240,0
571,572,0.0207,NaN,NaN,NaN,NaN,0,16,0,0,3.187506,0,0,0,0,0,0,240,240,0
572,573,0.0335,NaN,NaN,NaN,NaN,0,16,0,0,3.187506,0,0,0,0,0,0,240,240,0
573,574,0.0212,NaN,NaN,NaN,NaN,0,16,0,0,3.187506,0,0,0,0,0,0,240,240,0
574,575,0.0201,NaN,NaN,NaN,NaN,0,16,0,0,3.187506,0,0,0,0,0,0,240,240,0
575,576,0.022,NaN,NaN,NaN,NaN,0,16,0,0,3.187506,0,0,0,0,0,0,240,240,0
576,577,0.0209,NaN,NaN,NaN,NaN,0,16,0,0,3.187506,0,0,0,0,0,0,240,240,0
577,578,0.0203,NaN,NaN,NaN,NaN,0,16,0,0,3.187506,0,0,0,0,0,0,240,240,0
578,579,0.0198,NaN,NaN,NaN,NaN,0,16,0,0,3.187506,0,0,0,0,0,0,240,240,0
579,580,0.0197,NaN,NaN,NaN,NaN,0,16,0,0,3.187506,0,0,0,0,0,0,240,240,0
580,581,0.0196,NaN,NaN,NaN,NaN,0,16,0,0,3.187506,0,0,0,0,0,0,240,240,0
581,582,0.0194,NaN,NaN,NaN,NaN,0,16,0,0,3.187506,0,0,0,0,0,0,240,240,0
582,583,0.0197,NaN,NaN,NaN,NaN,0,16,0,0,3.187506,0,0,0,0,0,0,240,240,0
583,584,0.0194,NaN,NaN,NaN,NaN,0,16,0,0,3.187506,0,0,0,0,0,0,240,240,0
584,585,0.0195,NaN,NaN,NaN,NaN,0,16,0,0,3.187506,0,0,0,0,0,0,240,240,0
585,586,0.0196,NaN,NaN,NaN,NaN,0,16,0,0,3.187506,0,0,0,0,0,0,240,240,0
586,587,0.0201,NaN,NaN,NaN,NaN,0,16,0,0,3.187506,0,0,0,0,0,0,240,240,0
587,588,0.02,NaN,NaN,NaN,NaN,0,16,0,0,3.187506,0,0,0,0,0,0,240,240,0
588,589,0.0199,NaN,NaN,NaN,NaN,0,16,0,0,3.187506,0,0,0,0,0,0,240,240,0
589,590,0.0197,NaN,NaN,NaN,NaN,0,16,0,0,3.187506,0,0,0,0,0,0,240,240,0
590,591,0.0198,NaN,NaN,NaN,NaN,0,16,0,0,3.187506,0,0,0,0,0,0,240,240,0
591,592,0.0198,NaN,NaN,NaN,NaN,0,16,0,0,3.187506,0,0,0,0,0,0,240,240,0
592,593,0.0196,NaN,NaN,NaN,NaN,0,16,0,0,3.187506,0,0,0,0,0,0,240,240,0
593,594,0.0197,NaN,NaN,NaN,NaN,0,16,0,0,3.187506,0,0,0,0,0,0,240,240,0
594,595,0.0196,NaN,NaN,NaN,NaN,0,16,0,0,3.187506,0,0,0,0,0,0,240,240,0
595,596,0.0194,NaN,NaN,NaN,NaN,0,16,0,0,3.187506,0,0,0,0,0,0,240,240,0
596,597,0.0197,NaN,NaN,NaN,NaN,0,16,0,0,3.187506,0,0,0,0,0,0,240,240,0
597,598,0.0194,NaN,NaN,NaN,NaN,0,16,0,0,3.187506,0,0,0,0,0,0,240,240,0
598,599,0.0197,NaN,NaN,NaN,NaN,0,16,0,0,3.187506,0,0,0,0,0,0,240,240,0
599,600,0.0196,NaN,NaN,NaN,NaN,0,16,0,0,3.187506,0,0,0,0,0,0,240,240,0
600,601,0.0195,NaN,NaN,NaN,NaN,0,16,0,0,3.187506,0,0,0,0,0,0,240,240,0
601,602,0.0195,NaN,NaN,NaN,NaN,0,16,0,0,3.187506,0,0,0,0,0,0,240,240,0
602,603,0.0196,NaN,NaN,NaN,NaN,0,16,0,0,3.187506,0,0,0,0,0,0,240,240,0
603,604,0.0197,NaN,NaN,NaN,NaN,0,16,0,0,3.187506,0,0,0,0,0,0,240,240,0
604,605,0.0196,NaN,NaN,NaN,NaN,0,16,0,0,3.187506,0,0,0,0,0,0,240,240,0
605,606,0.0197,NaN,NaN,NaN,NaN,0,16,0,0,3.187506,0,0,0,0,0,0,240,240,0
606,607,0.024,NaN,NaN,NaN,NaN,0,16,0,0,3.187506,0,0,0,0,0,0,240,240,0
607,608,0.0197,NaN,NaN,NaN,NaN,0,16,0,0,3.187506,0,0,0,0,0,0,240,240,0
608,609,0.0197,NaN,NaN,NaN,NaN,0,16,0,0,3.187506,0,0,0,0,0,0,240,240,0
609,610,0.0197,NaN,NaN,NaN,NaN,0,16,0,0,3.187506,0,0,0,0,0,0,240,240,0
610,611,0.0197,NaN,NaN,NaN,NaN,0,16,0,0,3.187506,0,0,0,0,0,0,240,240,0
611,612,0.0197,NaN,NaN,NaN,NaN,0,16,0,0,3.187506,0,0,0,0,0,0,240,240,0
612,613,0.0194,NaN,NaN,NaN,NaN,0,16,0,0,3.187506,0,0,0,0,0,0,240,240,0
613,614,0.0194,NaN,NaN,NaN,NaN,0,16,0,0,3.187506,0,0,0,0,0,0,240,240,0
614,615,0.0198,NaN,NaN,NaN,NaN,0,16,0,0,3.187506,0,0,0,0,0,0,240,240,0
615,616,0.0196,NaN,NaN,NaN,NaN,0,16,0,0,3.187506,0,0,0,0,0,0,240,240,0
616,617,0.0197,NaN,NaN,NaN,NaN,0,16,0,0,3.187506,0,0,0,0,0,0,240,240,0
617,618,0.021,NaN,NaN,NaN,NaN,0,16,0,0,3.187506,0,0,0,0,0,0,240,240,0
618,619,0.0211,NaN,NaN,NaN,NaN,0,16,0,0,3.187506,0,0,0,0,0,0,240,240,0
619,620,0.021,NaN,NaN,NaN,NaN,0,16,0,0,3.187506,0,0,0,0,0,0,240,240,0
620,621,0.0232,NaN,NaN,NaN,NaN,0,16,0,0,3.187506,0,0,0,0,0,0,240,240,0
621,622,0.0195,NaN,NaN,NaN,NaN,0,16,0,0,3.187506,0,0,0,0,0,0,240,240,0
622,623,0.0196,NaN,NaN,NaN,NaN,0,16,0,0,3.187506,0,0,0,0,0,0,240,240,0
623,624,0.0194,NaN,NaN,NaN,NaN,0,16,0,0,3.187506,0,0,0,0,0,0,240,240,0
624,625,0.0195,NaN,NaN,NaN,NaN,0,16,0,0,3.187506,0,0,0,0,0,0,240,240,0
625,626,0.0194,NaN,NaN,NaN,NaN,0,16,0,0,3.187506,0,0,0,0,0,0,240,240,0
626,627,0.0195,NaN,NaN,NaN,NaN,0,16,0,0,3.187506,0,0,0,0,0,0,240,240,0
627,628,0.0195,NaN,NaN,NaN,NaN,0,16,0,0,3.187506,0,0,0,0,0,0,240,240,0
628,629,0.0194,NaN,NaN,NaN,NaN,0,16,0,0,3.187506,0,0,0,0,0,0,240,240,0
629,630,0.0195,NaN,NaN,NaN,NaN,0,16,0,0,3.187506,0,0,0,0,0,0,240,240,0
630,631,0.0197,NaN,NaN,NaN,NaN,0,16,0,0,3.187506,0,0,0,0,0,0,240,240,0
631,632,0.0196,NaN,NaN,NaN,NaN,0,16,0,0,3.187506,0,0,0,0,0,0,240,240,0
632,633,0.0195,NaN,NaN,NaN,NaN,0,16,0,0,3.187506,0,0,0,0,0,0,240,240,0
633,634,0.0195,NaN,NaN,NaN,NaN,0,16,0,0,3.187506,0,0,0,0,0,0,240,240,0
634,635,0.02,NaN,NaN,NaN,NaN,0,16,0,0,3.187506,0,0,0,0,0,0,240,240,0
635,636,0.0193,NaN,NaN,NaN,NaN,0,16,0,0,3.187506,0,0,0,0,0,0,240,240,0
636,637,0.0198,NaN,NaN,NaN,NaN,0,16,0,0,3.187506,0,0,0,0,0,0,240,240,0
637,638,0.0307,NaN,NaN,NaN,NaN,0,16,0,0,3.187506,0,0,0,0,0,0,240,240,0
638,639,0.0199,NaN,NaN,NaN,NaN,0,16,0,0,3.187506,0,0,0,0,0,0,240,240,0
639,640,0.0194,NaN,NaN,NaN,NaN,0,16,0,0,3.187506,0,0,0,0,0,0,240,240,0
640,641,0.0197,NaN,NaN,NaN,NaN,0,16,0,0,3.187506,0,0,0,0,0,0,240,240,0
641,642,0.0195,NaN,NaN,NaN,NaN,0,16,0,0,3.187506,0,0,0,0,0,0,240,240,0
642,643,0.0197,NaN,NaN,NaN,NaN,0,16,0,0,3.187506,0,0,0,0,0,0,240,240,0
643,644,0.0197,NaN,NaN,NaN,NaN,0,16,0,0,3.187506,0,0,0,0,0,0,240,240,0
644,645,0.0198,NaN,NaN,NaN,NaN,0,16,0,0,3.187506,0,0,0,0,0,0,240,240,0
645,646,0.0264,NaN,NaN,NaN,NaN,0,16,0,0,3.187506,0,0,0,0,0,0,240,240,0
646,647,0.0219,NaN,NaN,NaN,NaN,0,16,0,0,3.187506,0,0,0,0,0,0,240,240,0
647,648,0.0255,NaN,NaN,NaN,NaN,0,16,0,0,3.187506,0,0,0,0,0,0,240,240,0
648,649,0.0207,NaN,NaN,NaN,NaN,0,16,0,0,3.187506,0,0,0,0,0,0,240,240,0
649,650,0.0322,NaN,NaN,NaN,NaN,0,16,0,0,3.187506,0,0,0,0,0,0,240,240,0
650,651,0.0197,NaN,NaN,NaN,NaN,0,16,0,0,3.187506,0,0,0,0,0,0,240,240,0
651,652,0.0185,NaN,NaN,NaN,NaN,0,16,0,0,3.187506,0,0,0,0,0,0,240,240,0
652,653,0.018,NaN,NaN,NaN,NaN,0,16,0,0,3.187506,0,0,0,0,0,0,240,240,0
653,654,0.0183,NaN,NaN,NaN,NaN,0,16,0,0,3.187506,0,0,0,0,0,0,240,240,0
654,655,0.018,NaN,NaN,NaN,NaN,0,16,0,0,3.187506,0,0,0,0,0,0,240,240,0
655,656,0.0179,NaN,NaN,NaN,NaN,0,16,0,0,3.187506,0,0,0,0,0,0,240,240,0
656,657,0.0224,NaN,NaN,NaN,NaN,0,16,0,0,3.187506,0,0,0,0,0,0,240,240,0
657,658,0.0185,NaN,NaN,NaN,NaN,0,16,0,0,3.187506,0,0,0,0,0,0,240,240,0
658,659,0.018,NaN,NaN,NaN,NaN,0,16,0,0,3.187506,0,0,0,0,0,0,240,240,0
659,660,0.0186,NaN,NaN,NaN,NaN,0,16,0,0,3.187506,0,0,0,0,0,0,240,240,0
660,661,0.0356,NaN,NaN,NaN,NaN,0,16,0,0,3.187506,0,0,0,0,0,0,240,240,0
661,662,0.036,NaN,NaN,NaN,NaN,0,16,0,0,3.187506,0,0,0,0,0,0,240,240,0
662,663,0.0244,NaN,NaN,NaN,NaN,0,16,0,0,3.187506,0,0,0,0,0,0,240,240,0
663,664,0.0213,NaN,NaN,NaN,NaN,0,16,0,0,3.187506,0,0,0,0,0,0,240,240,0
664,665,0.0417,NaN,NaN,NaN,NaN,0,16,0,0,3.187506,0,0,0,0,0,0,240,240,0
665,666,0.0245,NaN,NaN,NaN,NaN,0,16,0,0,3.187506,0,0,0,0,0,0,240,240,0
666,667,0.0242,NaN,NaN,NaN,NaN,0,16,0,0,3.187506,0,0,0,0,0,0,240,240,0
667,668,0.0203,NaN,NaN,NaN,NaN,0,16,0,0,3.187506,0,0,0,0,0,0,240,240,0
668,669,0.0201,NaN,NaN,NaN,NaN,0,16,0,0,3.187506,0,0,0,0,0,0,240,240,0
669,670,0.0198,NaN,NaN,NaN,NaN,0,16,0,0,3.187506,0,0,0,0,0,0,240,240,0
670,671,0.0196,NaN,NaN,NaN,NaN,0,16,0,0,3.187506,0,0,0,0,0,0,240,240,0
671,672,0.0196,NaN,NaN,NaN,NaN,0,16,0,0,3.187506,0,0,0,0,0,0,240,240,0
672,673,0.0197,NaN,NaN,NaN,NaN,0,16,0,0,3.187506,0,0,0,0,0,0,240,240,0
673,674,0.0196,NaN,NaN,NaN,NaN,0,16,0,0,3.187506,0,0,0,0,0,0,240,240,0
674,675,0.0196,NaN,NaN,NaN,NaN,0,16,0,0,3.187506,0,0,0,0,0,0,240,240,0
675,676,0.0208,NaN,NaN,NaN,NaN,0,16,0,0,3.187506,0,0,0,0,0,0,240,240,0
676,677,0.0236,NaN,NaN,NaN,NaN,0,16,0,0,3.187506,0,0,0,0,0,0,240,240,0
677,678,0.0199,NaN,NaN,NaN,NaN,0,16,0,0,3.187506,0,0,0,0,0,0,240,240,0
678,679,0.0197,NaN,NaN,NaN,NaN,0,16,0,0,3.187506,0,0,0,0,0,0,240,240,0
679,680,0.0197,NaN,NaN,NaN,NaN,0,16,0,0,3.187506,0,0,0,0,0,0,240,240,0
680,681,0.0198,NaN,NaN,NaN,NaN,0,16,0,0,3.187506,0,0,0,0,0,0,240,240,0
681,682,0.0197,NaN,NaN,NaN,NaN,0,16,0,0,3.187506,0,0,0,0,0,0,240,240,0
682,683,0.0196,NaN,NaN,NaN,NaN,0,16,0,0,3.187506,0,0,0,0,0,0,240,240,0
683,684,0.0198,NaN,NaN,NaN,NaN,0,16,0,0,3.187506,0,0,0,0,0,0,240,240,0
684,685,0.0197,NaN,NaN,NaN,NaN,0,16,0,0,3.187506,0,0,0,0,0,0,240,240,0
685,686,0.0204,NaN,NaN,NaN,NaN,0,16,0,0,3.187506,0,0,0,0,0,0,240,240,0
686,687,0.0205,NaN,NaN,NaN,NaN,0,16,0,0,3.187506,0,0,0,0,0,0,240,240,0
687,688,0.02,NaN,NaN,NaN,NaN,0,16,0,0,3.187506,0,0,0,0,0,0,240,240,0
688,689,0.0206,NaN,NaN,NaN,NaN,0,16,0,0,3.187506,0,0,0,0,0,0,240,240,0
689,690,0.0197,NaN,NaN,NaN,NaN,0,16,0,0,3.187506,0,0,0,0,0,0,240,240,0
690,691,0.0201,NaN,NaN,NaN,NaN,0,16,0,0,3.187506,0,0,0,0,0,0,240,240,0
691,692,0.02,NaN,NaN,NaN,NaN,0,16,0,0,3.187506,0,0,0,0,0,0,240,240,0
692,693,0.0209,NaN,NaN,NaN,NaN,0,16,0,0,3.187506,0,0,0,0,0,0,240,240,0
693,694,0.0201,NaN,NaN,NaN,NaN,0,16,0,0,3.187506,0,0,0,0,0,0,240,240,0
694,695,0.0194,NaN,NaN,NaN,NaN,0,16,0,0,3.187506,0,0,0,0,0,0,240,240,0
695,696,0.0196,NaN,NaN,NaN,NaN,0,16,0,0,3.187506,0,0,0,0,0,0,240,240,0
696,697,0.0196,NaN,NaN,NaN,NaN,0,16,0,0,3.187506,0,0,0,0,0,0,240,240,0
697,698,0.0196,NaN,NaN,NaN,NaN,0,16,0,0,3.187506,0,0,0,0,0,0,240,240,0
698,699,0.032,NaN,NaN,NaN,NaN,0,16,0,0,3.187506,0,0,0,0,0,0,240,240,0
699,700,0.0393,NaN,NaN,NaN,NaN,0,16,0,0,3.187506,0,0,0,0,0,0,240,240,0
700,701,0.0242,NaN,NaN,NaN,NaN,0,16,0,0,3.187506,0,0,0,0,0,0,240,240,0
701,702,0.023,NaN,NaN,NaN,NaN,0,16,0,0,3.187506,0,0,0,0,0,0,240,240,0
702,703,0.0238,NaN,NaN,NaN,NaN,0,16,0,0,3.187506,0,0,0,0,0,0,240,240,0
703,704,0.0229,NaN,NaN,NaN,NaN,0,16,0,0,3.187506,0,0,0,0,0,0,240,240,0
704,705,0.0239,NaN,NaN,NaN,NaN,0,16,0,0,3.187506,0,0,0,0,0,0,240,240,0
705,706,0.0197,NaN,NaN,NaN,NaN,0,16,0,0,3.187506,0,0,0,0,0,0,240,240,0
706,707,0.0215,NaN,NaN,NaN,NaN,0,16,0,0,3.187506,0,0,0,0,0,0,240,240,0
707,708,0.0234,NaN,NaN,NaN,NaN,0,16,0,0,3.187506,0,0,0,0,0,0,240,240,0
708,709,0.0201,NaN,NaN,NaN,NaN,0,16,0,0,3.187506,0,0,0,0,0,0,240,240,0
709,710,0.0186,NaN,NaN,NaN,NaN,0,16,0,0,3.187506,0,0,0,0,0,0,240,240,0
710,711,0.0194,NaN,NaN,NaN,NaN,0,16,0,0,3.187506,0,0,0,0,0,0,240,240,0
711,712,0.0186,NaN,NaN,NaN,NaN,0,16,0,0,3.187506,0,0,0,0,0,0,240,240,0
712,713,0.0183,NaN,NaN,NaN,NaN,0,16,0,0,3.187506,0,0,0,0,0,0,240,240,0
713,714,0.0219,NaN,NaN,NaN,NaN,0,16,0,0,3.187506,0,0,0,0,0,0,240,240,0
714,715,0.0182,NaN,NaN,NaN,NaN,0,16,0,0,3.187506,0,0,0,0,0,0,240,240,0
715,716,0.0184,NaN,NaN,NaN,NaN,0,16,0,0,3.187506,0,0,0,0,0,0,240,240,0
716,717,0.0182,NaN,NaN,NaN,NaN,0,16,0,0,3.187506,0,0,0,0,0,0,240,240,0
717,718,0.0182,NaN,NaN,NaN,NaN,0,16,0,0,3.187506,0,0,0,0,0,0,240,240,0
718,719,0.0185,NaN,NaN,NaN,NaN,0,16,0,0,3.187506,0,0,0,0,0,0,240,240,0
719,720,0.0183,NaN,NaN,NaN,NaN,0,16,0,0,3.187506,0,0,0,0,0,0,240,240,0
720,721,0.0184,NaN,NaN,NaN,NaN,0,16,0,0,3.187506,0,0,0,0,0,0,240,240,0
721,722,0.0184,NaN,NaN,NaN,NaN,0,16,0,0,3.187506,0,0,0,0,0,0,240,240,0
722,723,0.0181,NaN,NaN,NaN,NaN,0,16,0,0,3.187506,0,0,0,0,0,0,240,240,0
723,724,0.0184,NaN,NaN,NaN,NaN,0,16,0,0,3.187506,0,0,0,0,0,0,240,240,0
724,725,0.0192,NaN,NaN,NaN,NaN,0,16,0,0,3.187506,0,0,0,0,0,0,240,240,0
725,726,0.0203,NaN,NaN,NaN,NaN,0,16,0,0,3.187506,0,0,0,0,0,0,240,240,0
726,727,0.0182,NaN,NaN,NaN,NaN,0,16,0,0,3.187506,0,0,0,0,0,0,240,240,0
727,728,0.0182,NaN,NaN,NaN,NaN,0,16,0,0,3.187506,0,0,0,0,0,0,240,240,0
728,729,0.018,NaN,NaN,NaN,NaN,0,16,0,0,3.187506,0,0,0,0,0,0,240,240,0
729,730,0.0274,NaN,NaN,NaN,NaN,0,16,0,0,3.187506,0,0,0,0,0,0,240,240,0
730,731,0.0191,NaN,NaN,NaN,NaN,0,16,0,0,3.187506,0,0,0,0,0,0,240,240,0
731,732,0.0218,NaN,NaN,NaN,NaN,0,16,0,0,3.187506,0,0,0,0,0,0,240,240,0
732,733,0.029,NaN,NaN,NaN,NaN,0,16,0,0,3.187506,0,0,0,0,0,0,240,240,0
733,734,0.0224,NaN,NaN,NaN,NaN,0,16,0,0,3.187506,0,0,0,0,0,0,240,240,0
734,735,0.0215,NaN,NaN,NaN,NaN,0,16,0,0,3.187506,0,0,0,0,0,0,240,240,0
735,736,0.023,NaN,NaN,NaN,NaN,0,16,0,0,3.187506,0,0,0,0,0,0,240,240,0
736,737,0.0268,NaN,NaN,NaN,NaN,0,16,0,0,3.187506,0,0,0,0,0,0,240,240,0
737,738,0.0206,NaN,NaN,NaN,NaN,0,16,0,0,3.187506,0,0,0,0,0,0,240,240,0
738,739,0.0266,NaN,NaN,NaN,NaN,0,16,0,0,3.187506,0,0,0,0,0,0,240,240,0
739,740,0.0193,NaN,NaN,NaN,NaN,0,16,0,0,3.187506,0,0,0,0,0,0,240,240,0
740,741,0.0186,NaN,NaN,NaN,NaN,0,16,0,0,3.187506,0,0,0,0,0,0,240,240,0
741,742,0.0182,NaN,NaN,NaN,NaN,0,16,0,0,3.187506,0,0,0,0,0,0,240,240,0
742,743,0.0185,NaN,NaN,NaN,NaN,0,16,0,0,3.187506,0,0,0,0,0,0,240,240,0
743,744,0.0183,NaN,NaN,NaN,NaN,0,16,0,0,3.187506,0,0,0,0,0,0,240,240,0
744,745,0.0183,NaN,NaN,NaN,NaN,0,16,0,0,3.187506,0,0,0,0,0,0,240,240,0
745,746,0.0184,NaN,NaN,NaN,NaN,0,16,0,0,3.187506,0,0,0,0,0,0,240,240,0
746,747,0.0182,NaN,NaN,NaN,NaN,0,16,0,0,3.187506,0,0,0,0,0,0,240,240,0
747,748,0.0182,NaN,NaN,NaN,NaN,0,16,0,0,3.187506,0,0,0,0,0,0,240,240,0
748,749,0.0199,NaN,NaN,NaN,NaN,0,16,0,0,3.187506,0,0,0,0,0,0,240,240,0
749,750,0.0188,NaN,NaN,NaN,NaN,0,16,0,0,3.187506,0,0,0,0,0,0,240,240,0
750,751,0.0186,NaN,NaN,NaN,NaN,0,16,0,0,3.187506,0,0,0,0,0,0,240,240,0
751,752,0.0227,NaN,NaN,NaN,NaN,0,16,0,0,3.187506,0,0,0,0,0,0,240,240,0
752,753,0.0197,NaN,NaN,NaN,NaN,0,16,0,0,3.187506,0,0,0,0,0,0,240,240,0
753,754,0.0209,NaN,NaN,NaN,NaN,0,16,0,0,3.187506,0,0,0,0,0,0,240,240,0
754,755,0.0184,NaN,NaN,NaN,NaN,0,16,0,0,3.187506,0,0,0,0,0,0,240,240,0
755,756,0.0186,NaN,NaN,NaN,NaN,0,16,0,0,3.187506,0,0,0,0,0,0,240,240,0
756,757,0.0183,NaN,NaN,NaN,NaN,0,16,0,0,3.187506,0,0,0,0,0,0,240,240,0
757,758,0.0184,NaN,NaN,NaN,NaN,0,16,0,0,3.187506,0,0,0,0,0,0,240,240,0
758,759,0.0183,NaN,NaN,NaN,NaN,0,16,0,0,3.187506,0,0,0,0,0,0,240,240,0
759,760,0.0183,NaN,NaN,NaN,NaN,0,16,0,0,3.187506,0,0,0,0,0,0,240,240,0
760,761,0.0184,NaN,NaN,NaN,NaN,0,16,0,0,3.187506,0,0,0,0,0,0,240,240,0
761,762,0.0183,NaN,NaN,NaN,NaN,0,16,0,0,3.187506,0,0,0,0,0,0,240,240,0
762,763,0.0216,NaN,NaN,NaN,NaN,0,16,0,0,3.187506,0,0,0,0,0,0,240,240,0
763,764,0.0271,NaN,NaN,NaN,NaN,0,16,0,0,3.187506,0,0,0,0,0,0,240,240,0
764,765,0.0201,NaN,NaN,NaN,NaN,0,16,0,0,3.187506,0,0,0,0,0,0,240,240,0
765,766,0.0206,NaN,NaN,NaN,NaN,0,16,0,0,3.187506,0,0,0,0,0,0,240,240,0
766,767,0.0199,NaN,NaN,NaN,NaN,0,16,0,0,3.187506,0,0,0,0,0,0,240,240,0
767,768,0.021,NaN,NaN,NaN,NaN,0,16,0,0,3.187506,0,0,0,0,0,0,240,240,0
768,769,0.0199,NaN,NaN,NaN,NaN,0,16,0,0,3.187506,0,0,0,0,0,0,240,240,0
769,770,0.0198,NaN,NaN,NaN,NaN,0,16,0,0,3.187506,0,0,0,0,0,0,240,240,0
770,771,0.0196,NaN,NaN,NaN,NaN,0,16,0,0,3.187506,0,0,0,0,0,0,240,240,0
771,772,0.0198,NaN,NaN,NaN,NaN,0,16,0,0,3.187506,0,0,0,0,0,0,240,240,0
772,773,0.0195,NaN,NaN,NaN,NaN,0,16,0,0,3.187506,0,0,0,0,0,0,240,240,0
773,774,0.0197,NaN,NaN,NaN,NaN,0,16,0,0,3.187506,0,0,0,0,0,0,240,240,0
774,775,0.0199,NaN,NaN,NaN,NaN,0,16,0,0,3.187506,0,0,0,0,0,0,240,240,0
775,776,0.0216,NaN,NaN,NaN,NaN,0,16,0,0,3.187506,0,0,0,0,0,0,240,240,0
776,777,0.0241,NaN,NaN,NaN,NaN,0,16,0,0,3.187506,0,0,0,0,0,0,240,240,0
777,778,0.0195,NaN,NaN,NaN,NaN,0,16,0,0,3.187506,0,0,0,0,0,0,240,240,0
778,779,0.0208,NaN,NaN,NaN,NaN,0,16,0,0,3.187506,0,0,0,0,0,0,240,240,0
779,780,0.0223,NaN,NaN,NaN,NaN,0,16,0,0,3.187506,0,0,0,0,0,0,240,240,0
780,781,0.0214,NaN,NaN,NaN,NaN,0,16,0,0,3.187506,0,0,0,0,0,0,240,240,0
781,782,0.0198,NaN,NaN,NaN,NaN,0,16,0,0,3.187506,0,0,0,0,0,0,240,240,0
782,783,0.0218,NaN,NaN,NaN,NaN,0,16,0,0,3.187506,0,0,0,0,0,0,240,240,0
783,784,0.0299,NaN,NaN,NaN,NaN,0,16,0,0,3.187506,0,0,0,0,0,0,240,240,0
784,785,0.0308,NaN,NaN,NaN,NaN,0,16,0,0,3.187506,0,0,0,0,0,0,240,240,0
785,786,0.0505,NaN,NaN,NaN,NaN,0,16,0,0,3.187506,0,0,0,0,0,0,240,240,0
786,787,0.0322,NaN,NaN,NaN,NaN,0,16,0,0,3.187506,0,0,0,0,0,0,240,240,0
787,788,0.0238,NaN,NaN,NaN,NaN,0,16,0,0,3.187506,0,0,0,0,0,0,240,240,0
788,789,0.0208,NaN,NaN,NaN,NaN,0,16,0,0,3.187506,0,0,0,0,0,0,240,240,0
789,790,0.0203,NaN,NaN,NaN,NaN,0,16,0,0,3.187506,0,0,0,0,0,0,240,240,0
790,791,0.0199,NaN,NaN,NaN,NaN,0,16,0,0,3.187506,0,0,0,0,0,0,240,240,0
791,792,0.02,NaN,NaN,NaN,NaN,0,16,0,0,3.187506,0,0,0,0,0,0,240,240,0
792,793,0.02,NaN,NaN,NaN,NaN,0,16,0,0,3.187506,0,0,0,0,0,0,240,240,0
793,794,0.0241,NaN,NaN,NaN,NaN,0,16,0,0,3.187506,0,0,0,0,0,0,240,240,0
794,795,0.0222,NaN,NaN,NaN,NaN,0,16,0,0,3.187506,0,0,0,0,0,0,240,240,0
795,796,0.0204,NaN,NaN,NaN,NaN,0,16,0,0,3.187506,0,0,0,0,0,0,240,240,0
796,797,0.0199,NaN,NaN,NaN,NaN,0,16,0,0,3.187506,0,0,0,0,0,0,240,240,0
797,798,0.0197,NaN,NaN,NaN,NaN,0,16,0,0,3.187506,0,0,0,0,0,0,240,240,0
798,799,0.0199,NaN,NaN,NaN,NaN,0,16,0,0,3.187506,0,0,0,0,0,0,240,240,0
799,800,0.0196,NaN,NaN,NaN,NaN,0,16,0,0,3.187506,0,0,0,0,0,0,240,240,0
800,801,0.0196,NaN,NaN,NaN,NaN,0,16,0,0,3.187506,0,0,0,0,0,0,240,240,0
801,802,0.0195,NaN,NaN,NaN,NaN,0,16,0,0,3.187506,0,0,0,0,0,0,240,240,0
802,803,0.0196,NaN,NaN,NaN,NaN,0,16,0,0,3.187506,0,0,0,0,0,0,240,240,0
803,804,0.0196,NaN,NaN,NaN,NaN,0,16,0,0,3.187506,0,0,0,0,0,0,240,240,0
804,805,0.0198,NaN,NaN,NaN,NaN,0,16,0,0,3.187506,0,0,0,0,0,0,240,240,0
805,806,0.0196,NaN,NaN,NaN,NaN,0,16,0,0,3.187506,0,0,0,0,0,0,240,240,0
806,807,0.0193,NaN,NaN,NaN,NaN,0,16,0,0,3.187506,0,0,0,0,0,0,240,240,0
807,808,0.0195,NaN,NaN,NaN,NaN,0,16,0,0,3.187506,0,0,0,0,0,0,240,240,0
808,809,0.0197,NaN,NaN,NaN,NaN,0,16,0,0,3.187506,0,0,0,0,0,0,240,240,0
809,810,0.0196,NaN,NaN,NaN,NaN,0,16,0,0,3.187506,0,0,0,0,0,0,240,240,0
810,811,0.0196,NaN,NaN,NaN,NaN,0,16,0,0,3.187506,0,0,0,0,0,0,240,240,0
811,812,0.0198,NaN,NaN,NaN,NaN,0,16,0,0,3.187506,0,0,0,0,0,0,240,240,0
812,813,0.0197,NaN,NaN,NaN,NaN,0,16,0,0,3.187506,0,0,0,0,0,0,240,240,0
813,814,0.0194,NaN,NaN,NaN,NaN,0,16,0,0,3.187506,0,0,0,0,0,0,240,240,0
814,815,0.019,NaN,NaN,NaN,NaN,0,16,0,0,3.187506,0,0,0,0,0,0,240,240,0
815,816,0.0197,NaN,NaN,NaN,NaN,0,16,0,0,3.187506,0,0,0,0,0,0,240,240,0
816,817,0.0196,NaN,NaN,NaN,NaN,0,16,0,0,3.187506,0,0,0,0,0,0,240,240,0
817,818,0.0198,NaN,NaN,NaN,NaN,0,16,0,0,3.187506,0,0,0,0,0,0,240,240,0
818,819,0.0195,NaN,NaN,NaN,NaN,0,16,0,0,3.187506,0,0,0,0,0,0,240,240,0
819,820,0.0197,NaN,NaN,NaN,NaN,0,16,0,0,3.187506,0,0,0,0,0,0,240,240,0
820,821,0.0196,NaN,NaN,NaN,NaN,0,16,0,0,3.187506,0,0,0,0,0,0,240,240,0
821,822,0.0313,NaN,NaN,NaN,NaN,0,16,0,0,3.187506,0,0,0,0,0,0,240,240,0
822,823,0.0216,NaN,NaN,NaN,NaN,0,16,0,0,3.187506,0,0,0,0,0,0,240,240,0
823,824,0.0197,NaN,NaN,NaN,NaN,0,16,0,0,3.187506,0,0,0,0,0,0,240,240,0
824,825,0.0205,NaN,NaN,NaN,NaN,0,16,0,0,3.187506,0,0,0,0,0,0,240,240,0
825,826,0.0652,NaN,NaN,NaN,NaN,0,16,0,0,3.187506,0,0,0,0,0,0,240,240,0
826,827,0.0226,NaN,NaN,NaN,NaN,0,16,0,0,3.187506,0,0,0,0,0,0,240,240,0
827,828,0.024,NaN,NaN,NaN,NaN,0,16,0,0,3.187506,0,0,0,0,0,0,240,240,0
828,829,0.0201,NaN,NaN,NaN,NaN,0,16,0,0,3.187506,0,0,0,0,0,0,240,240,0
829,830,0.0232,NaN,NaN,NaN,NaN,0,16,0,0,3.187506,0,0,0,0,0,0,240,240,0
830,831,0.0216,NaN,NaN,NaN,NaN,0,16,0,0,3.187506,0,0,0,0,0,0,240,240,0
831,832,0.0223,NaN,NaN,NaN,NaN,0,16,0,0,3.187506,0,0,0,0,0,0,240,240,0
832,833,0.0225,NaN,NaN,NaN,NaN,0,16,0,0,3.187506,0,0,0,0,0,0,240,240,0
833,834,0.0211,NaN,NaN,NaN,NaN,0,16,0,0,3.187506,0,0,0,0,0,0,240,240,0
834,835,0.0201,NaN,NaN,NaN,NaN,0,16,0,0,3.187506,0,0,0,0,0,0,240,240,0
835,836,0.02,NaN,NaN,NaN,NaN,0,16,0,0,3.187506,0,0,0,0,0,0,240,240,0
836,837,0.0197,NaN,NaN,NaN,NaN,0,16,0,0,3.187506,0,0,0,0,0,0,240,240,0
837,838,0.0199,NaN,NaN,NaN,NaN,0,16,0,0,3.187506,0,0,0,0,0,0,240,240,0
838,839,0.0214,NaN,NaN,NaN,NaN,0,16,0,0,3.187506,0,0,0,0,0,0,240,240,0
839,840,0.02,NaN,NaN,NaN,NaN,0,16,0,0,3.187506,0,0,0,0,0,0,240,240,0
840,841,0.021,NaN,NaN,NaN,NaN,0,16,0,0,3.187506,0,0,0,0,0,0,240,240,0
841,842,0.0196,NaN,NaN,NaN,NaN,0,16,0,0,3.187506,0,0,0,0,0,0,240,240,0
842,843,0.0197,NaN,NaN,NaN,NaN,0,16,0,0,3.187506,0,0,0,0,0,0,240,240,0
843,844,0.0206,NaN,NaN,NaN,NaN,0,16,0,0,3.187506,0,0,0,0,0,0,240,240,0
844,845,0.0228,NaN,NaN,NaN,NaN,0,16,0,0,3.187506,0,0,0,0,0,0,240,240,0
845,846,0.0207,NaN,NaN,NaN,NaN,0,16,0,0,3.187506,0,0,0,0,0,0,240,240,0
846,847,0.0197,NaN,NaN,NaN,NaN,0,16,0,0,3.187506,0,0,0,0,0,0,240,240,0
847,848,0.0214,NaN,NaN,NaN,NaN,0,16,0,0,3.187506,0,0,0,0,0,0,240,240,0
848,849,0.0217,NaN,NaN,NaN,NaN,0,16,0,0,3.187506,0,0,0,0,0,0,240,240,0
849,850,0.0199,NaN,NaN,NaN,NaN,0,16,0,0,3.187506,0,0,0,0,0,0,240,240,0
850,851,0.0216,NaN,NaN,NaN,NaN,0,16,0,0,3.187506,0,0,0,0,0,0,240,240,0
851,852,0.0198,NaN,NaN,NaN,NaN,0,16,0,0,3.187506,0,0,0,0,0,0,240,240,0
852,853,0.0193,NaN,NaN,NaN,NaN,0,16,0,0,3.187506,0,0,0,0,0,0,240,240,0
853,854,0.0198,NaN,NaN,NaN,NaN,0,16,0,0,3.187506,0,0,0,0,0,0,240,240,0
854,855,0.0212,NaN,NaN,NaN,NaN,0,16,0,0,3.187506,0,0,0,0,0,0,240,240,0
855,856,0.0204,NaN,NaN,NaN,NaN,0,16,0,0,3.187506,0,0,0,0,0,0,240,240,0
856,857,0.0197,NaN,NaN,NaN,NaN,0,16,0,0,3.187506,0,0,0,0,0,0,240,240,0
857,858,0.0219,NaN,NaN,NaN,NaN,0,16,0,0,3.187506,0,0,0,0,0,0,240,240,0
858,859,0.0214,NaN,NaN,NaN,NaN,0,16,0,0,3.187506,0,0,0,0,0,0,240,240,0
859,860,0.0215,NaN,NaN,NaN,NaN,0,16,0,0,3.187506,0,0,0,0,0,0,240,240,0
860,861,0.0199,NaN,NaN,NaN,NaN,0,16,0,0,3.187506,0,0,0,0,0,0,240,240,0
861,862,0.0197,NaN,NaN,NaN,NaN,0,16,0,0,3.187506,0,0,0,0,0,0,240,240,0
862,863,0.0213,NaN,NaN,NaN,NaN,0,16,0,0,3.187506,0,0,0,0,0,0,240,240,0
863,864,0.0199,NaN,NaN,NaN,NaN,0,16,0,0,3.187506,0,0,0,0,0,0,240,240,0
864,865,0.0205,NaN,NaN,NaN,NaN,0,16,0,0,3.187506,0,0,0,0,0,0,240,240,0
865,866,0.0214,NaN,NaN,NaN,NaN,0,16,0,0,3.187506,0,0,0,0,0,0,240,240,0
866,867,0.0201,NaN,NaN,NaN,NaN,0,16,0,0,3.187506,0,0,0,0,0,0,240,240,0
867,868,0.0198,NaN,NaN,NaN,NaN,0,16,0,0,3.187506,0,0,0,0,0,0,240,240,0
868,869,0.0197,NaN,NaN,NaN,NaN,0,16,0,0,3.187506,0,0,0,0,0,0,240,240,0
869,870,0.0197,NaN,NaN,NaN,NaN,0,16,0,0,3.187506,0,0,0,0,0,0,240,240,0
870,871,0.0198,NaN,NaN,NaN,NaN,0,16,0,0,3.187506,0,0,0,0,0,0,240,240,0
871,872,0.0197,NaN,NaN,NaN,NaN,0,16,0,0,3.187506,0,0,0,0,0,0,240,240,0
872,873,0.0196,NaN,NaN,NaN,NaN,0,16,0,0,3.187506,0,0,0,0,0,0,240,240,0
873,874,0.0196,NaN,NaN,NaN,NaN,0,16,0,0,3.187506,0,0,0,0,0,0,240,240,0
874,875,0.0195,NaN,NaN,NaN,NaN,0,16,0,0,3.187506,0,0,0,0,0,0,240,240,0
875,876,0.0198,NaN,NaN,NaN,NaN,0,16,0,0,3.187506,0,0,0,0,0,0,240,240,0
876,877,0.0446,NaN,NaN,NaN,NaN,0,16,0,0,3.187506,0,0,0,0,0,0,240,240,0
877,878,0.0269,NaN,NaN,NaN,NaN,0,16,0,0,3.187506,0,0,0,0,0,0,240,240,0
878,879,0.0257,NaN,NaN,NaN,NaN,0,16,0,0,3.187506,0,0,0,0,0,0,240,240,0
879,880,0.0484,NaN,NaN,NaN,NaN,0,16,0,0,3.187506,0,0,0,0,0,0,240,240,0
880,881,0.0277,NaN,NaN,NaN,NaN,0,16,0,0,3.187506,0,0,0,0,0,0,240,240,0
881,882,0.0283,NaN,NaN,NaN,NaN,0,16,0,0,3.187506,0,0,0,0,0,0,240,240,0
882,883,0.0263,NaN,NaN,NaN,NaN,0,16,0,0,3.187506,0,0,0,0,0,0,240,240,0
883,884,0.0294,NaN,NaN,NaN,NaN,0,16,0,0,3.187506,0,0,0,0,0,0,240,240,0
884,885,0.0239,NaN,NaN,NaN,NaN,0,16,0,0,3.187506,0,0,0,0,0,0,240,240,0
885,886,0.0199,NaN,NaN,NaN,NaN,0,16,0,0,3.187506,0,0,0,0,0,0,240,240,0
886,887,0.0199,NaN,NaN,NaN,NaN,0,16,0,0,3.187506,0,0,0,0,0,0,240,240,0
887,888,0.0197,NaN,NaN,NaN,NaN,0,16,0,0,3.187506,0,0,0,0,0,0,240,240,0
888,889,0.0198,NaN,NaN,NaN,NaN,0,16,0,0,3.187506,0,0,0,0,0,0,240,240,0
889,890,0.0196,NaN,NaN,NaN,NaN,0,16,0,0,3.187506,0,0,0,0,0,0,240,240,0
890,891,0.0211,NaN,NaN,NaN,NaN,0,16,0,0,3.187506,0,0,0,0,0,0,240,240,0
891,892,0.0209,NaN,NaN,NaN,NaN,0,16,0,0,3.187506,0,0,0,0,0,0,240,240,0
892,893,0.0198,NaN,NaN,NaN,NaN,0,16,0,0,3.187506,0,0,0,0,0,0,240,240,0
893,894,0.0198,NaN,NaN,NaN,NaN,0,16,0,0,3.187506,0,0,0,0,0,0,240,240,0
894,895,0.0199,NaN,NaN,NaN,NaN,0,16,0,0,3.187506,0,0,0,0,0,0,240,240,0
895,896,0.0198,NaN,NaN,NaN,NaN,0,16,0,0,3.187506,0,0,0,0,0,0,240,240,0
896,897,0.0197,NaN,NaN,NaN,NaN,0,16,0,0,3.187506,0,0,0,0,0,0,240,240,0
897,898,0.0196,NaN,NaN,NaN,NaN,0,16,0,0,3.187506,0,0,0,0,0,0,240,240,0
898,899,0.0197,NaN,NaN,NaN,NaN,0,16,0,0,3.187506,0,0,0,0,0,0,240,240,0
899,900,0.0207,NaN,NaN,NaN,NaN,0,16,0,0,3.187506,0,0,0,0,0,0,240,240,0
