tick,sim_s,wall_s,first,current,pending,failed,longest_wait_s,core_ms,navigation_ms,neighbors_ms,avoidance_ms,integration_ms,expanded,pair_checks,limited
1,0.0333,0.0245,0,0,1023,0,0.0000,24.3300,20.9120,2.7205,0.6604,0.0352,4096,20,0
30,1.0000,0.3892,0,0,1007,0,0.0000,9.8866,7.3990,1.8892,0.5669,0.0290,4096,19,0
60,2.0000,0.6672,0,0,995,0,0.0000,5.1595,2.2770,2.2462,0.5941,0.0393,4096,18,0
90,3.0000,0.9161,0,0,977,0,0.0000,5.8106,4.3276,0.8492,0.5695,0.0625,4096,19,0
120,4.0000,1.1580,0,0,963,0,0.1000,4.0928,2.5770,0.8743,0.5859,0.0527,4096,20,0
150,5.0000,1.3935,0,0,946,0,1.1000,4.9435,2.4300,1.8986,0.5860,0.0273,4096,19,0
180,6.0000,1.6275,0,0,935,0,2.1000,5.6181,3.1055,1.8899,0.5853,0.0360,4096,20,0
210,7.0000,1.8715,0,0,922,0,3.1000,6.0256,3.4120,1.9128,0.6720,0.0265,4096,18,0
240,8.0000,2.1125,0,0,901,0,4.1000,4.7411,2.8491,1.1985,0.6577,0.0344,4096,15,0
270,9.0000,2.3470,0,0,895,0,5.1000,3.6274,2.2182,0.8136,0.5678,0.0265,4096,18,0
300,10.0000,2.5829,0,0,883,0,6.1000,5.3589,2.3181,2.2216,0.7689,0.0479,4096,20,0
330,11.0000,2.8170,0,0,866,0,7.1000,3.6669,2.2394,0.8280,0.5696,0.0286,4096,21,0
360,12.0000,3.0509,0,0,862,0,8.1000,3.6576,2.2198,0.8276,0.5755,0.0335,4096,17,0
390,13.0000,3.2920,0,0,849,0,9.1000,4.8321,3.2558,0.8503,0.6841,0.0367,4096,18,0
420,14.0000,3.5463,0,0,829,0,10.1000,6.2174,3.8365,1.6691,0.6752,0.0353,4096,19,0
450,15.0000,3.7843,0,0,821,0,11.1000,4.8926,2.3431,1.7811,0.7312,0.0356,4096,18,0
480,16.0000,4.0273,0,0,807,0,12.1001,5.1279,3.5481,0.9694,0.5771,0.0318,4096,21,0
510,17.0000,4.2652,0,0,794,0,13.1001,4.7458,2.5844,1.4898,0.6418,0.0285,4096,23,0
540,18.0000,4.4998,0,0,780,0,14.1001,5.2362,2.4317,2.1453,0.6236,0.0345,4096,24,0
570,19.0000,4.7418,0,0,764,0,15.1001,5.8538,3.2304,1.9094,0.6539,0.0574,4096,37,0
600,20.0000,4.9843,0,0,751,0,16.1001,4.5543,3.0939,0.8281,0.5975,0.0334,4096,50,0
630,21.0000,5.2426,0,0,737,0,17.1001,4.2405,2.4166,1.1644,0.6315,0.0267,4096,39,0
660,22.0000,5.5121,0,0,723,0,18.1001,6.8439,4.2412,1.8497,0.7115,0.0375,4096,48,0
690,23.0000,5.7768,0,0,715,0,19.1001,6.7777,4.4409,1.4922,0.8105,0.0302,4096,50,0
720,24.0000,6.0331,0,0,707,0,20.1000,4.0495,2.6349,0.7284,0.6433,0.0412,4096,59,0
750,25.0000,6.3193,0,0,695,0,21.1000,6.9472,4.9579,1.1791,0.7120,0.0963,4096,76,0
780,26.0000,6.5826,0,0,692,0,22.1000,4.9668,3.4272,0.8505,0.6482,0.0390,4096,82,0
810,27.0000,6.8524,0,0,678,0,23.1000,5.3344,3.6509,0.9636,0.6837,0.0344,4096,86,0
840,28.0000,7.1084,0,0,659,0,24.1000,3.9270,2.3249,0.7308,0.8232,0.0463,4096,108,0
870,29.0000,7.3642,0,0,652,0,25.1000,5.6671,2.6983,1.9392,0.9768,0.0499,4096,111,0
900,30.0000,7.6228,0,0,643,0,26.1000,4.6219,2.7013,1.1445,0.7174,0.0572,4096,105,0
930,31.0000,7.8776,0,0,636,0,27.0999,5.3623,3.7326,0.8842,0.6786,0.0650,4096,144,0
960,32.0000,8.1245,0,0,625,0,28.0999,5.9551,3.6608,1.5078,0.7284,0.0554,4096,131,0
990,33.0000,8.3811,0,0,624,0,29.0999,4.2289,2.3555,0.9601,0.8086,0.1022,4096,132,0
1020,34.0000,8.6294,0,0,614,0,30.0999,6.3766,2.9742,2.5539,0.8153,0.0304,4096,142,0
1050,35.0000,8.8802,0,0,606,0,31.0999,5.8945,4.2082,0.9516,0.6931,0.0403,4096,154,0
1080,36.0000,9.1359,2,2,599,0,32.0999,4.5836,2.4919,1.0584,0.9985,0.0335,4096,138,0
1110,37.0000,9.3825,5,5,589,0,33.0998,4.6716,2.9535,0.9122,0.7598,0.0437,4096,146,0
1140,38.0000,9.6600,7,7,582,0,34.0998,5.1900,3.0370,1.2369,0.8313,0.0805,4096,164,0
1170,39.0000,9.9258,7,7,579,0,35.0998,5.8764,3.7474,0.9161,1.1653,0.0456,4096,184,0
1200,40.0000,10.1955,9,9,564,0,36.0998,7.1870,4.3547,2.0590,0.7346,0.0345,4096,195,0
1230,41.0000,10.4527,12,12,558,0,37.0998,5.6759,3.7857,1.1406,0.7115,0.0368,4096,190,0
1260,42.0000,10.7293,15,15,547,0,38.0998,5.6194,3.8584,0.9829,0.7384,0.0372,4096,195,0
1290,43.0000,11.0208,17,17,542,0,39.0998,6.3708,3.9902,1.5780,0.7645,0.0351,4096,190,0
1320,44.0000,11.2836,21,21,536,0,40.0997,4.5542,2.7060,0.9420,0.8442,0.0599,4096,199,0
1350,45.0000,11.5440,27,27,536,0,41.0997,5.1190,2.4356,1.9011,0.7553,0.0257,4096,210,0
1380,46.0000,11.8598,30,30,528,0,42.0997,6.7135,3.8979,2.0118,0.7694,0.0328,4096,197,0
1410,47.0000,12.1199,36,35,518,0,43.0997,5.4554,3.4149,1.2609,0.7450,0.0331,4096,242,0
1440,48.0000,12.3908,39,39,511,0,44.0997,5.9928,3.8899,1.3009,0.7669,0.0334,4096,229,0
1470,49.0000,12.6510,45,45,505,0,45.0997,4.0350,2.3688,0.9026,0.7362,0.0258,4096,219,0
1500,50.0000,12.9120,57,57,498,0,46.0996,4.6746,2.8707,0.9673,0.7949,0.0381,4096,201,0
1530,51.0000,13.1792,60,60,480,0,47.0996,4.4563,2.7656,0.8017,0.7402,0.1471,4096,225,0
1560,52.0000,13.4549,71,71,473,0,48.0996,6.6154,4.2624,1.4890,0.8261,0.0345,4096,252,0
1590,53.0000,13.7283,78,78,472,0,49.0996,5.1692,3.0120,1.2658,0.8586,0.0310,4096,255,0
1620,54.0000,14.0086,88,88,460,0,50.0996,4.6814,2.7252,1.1760,0.7495,0.0294,4096,242,0
1650,55.0000,14.2770,94,93,451,0,51.0996,4.6078,2.2985,1.2952,0.9716,0.0410,4096,255,0
1680,56.0000,14.5385,101,101,442,0,52.0996,5.3641,2.4908,2.0083,0.8222,0.0416,4096,266,0
1710,57.0000,14.7871,110,110,433,0,53.0995,4.3091,2.5908,0.8898,0.7984,0.0286,4096,279,0
1740,58.0000,15.0569,121,121,419,0,54.0995,5.6775,2.7405,2.1025,0.7896,0.0432,4096,293,0
1770,59.0000,15.3142,131,131,412,0,55.0995,4.4710,2.8205,0.8183,0.7929,0.0367,4096,298,0
1800,60.0000,15.5697,139,139,407,0,56.0995,4.4797,2.4914,1.0533,0.8696,0.0621,4096,309,0
1830,61.0000,15.8503,145,145,397,0,57.0995,6.8260,5.1577,0.8275,0.7998,0.0387,4096,327,0
1860,62.0000,16.1129,152,152,391,0,58.0995,4.8799,2.8883,1.1539,0.7989,0.0372,4096,353,0
1890,63.0000,16.3852,156,156,377,0,59.0994,5.4102,3.5137,1.0030,0.8575,0.0345,4096,379,0
1920,64.0000,16.6376,168,168,372,0,60.0994,5.4536,3.6328,0.9596,0.8249,0.0343,4096,412,0
1950,65.0000,16.8988,180,180,359,0,61.0994,6.9986,3.8411,2.3261,0.7859,0.0438,4096,402,0
1980,66.0000,17.1645,192,192,357,0,62.0994,4.9409,2.6902,1.3191,0.8643,0.0627,4096,372,0
2010,67.0000,17.4325,196,195,344,0,63.0994,5.5488,3.4717,1.1313,0.9131,0.0301,4096,399,0
2040,68.0000,17.6948,201,201,332,0,64.0994,4.5530,2.8002,0.9493,0.7698,0.0323,4096,413,0
2070,69.0000,17.9725,209,209,329,0,64.0994,5.8098,2.9468,2.0128,0.8071,0.0411,4096,460,0
2100,70.0000,18.2516,217,217,320,0,64.0994,6.3802,4.3427,1.1823,0.8171,0.0360,4096,449,0
2130,71.0000,18.5201,224,224,309,0,64.0994,4.3851,2.5149,0.9812,0.8498,0.0379,4096,436,0
2160,72.0000,18.7976,226,226,288,0,64.0994,5.6751,3.5440,1.1260,0.9194,0.0794,4096,426,0
2190,73.0000,19.0940,237,237,264,0,64.0994,6.0368,4.0198,1.1273,0.8450,0.0417,4096,448,0
2220,74.0000,19.3756,247,247,253,0,64.0994,7.1102,4.4388,1.7918,0.8451,0.0316,4096,473,0
2250,75.0000,19.6626,256,256,218,0,64.0994,5.0437,3.2059,0.9737,0.8276,0.0346,4096,469,0
2280,76.0000,19.9397,263,263,217,0,64.0994,4.6008,2.7525,1.0285,0.7857,0.0323,4096,467,0
2310,77.0000,20.2357,272,272,197,0,64.0994,6.5900,4.7587,0.9868,0.8074,0.0357,4096,451,0
2340,78.0000,20.5178,283,283,178,0,64.0994,4.0524,2.3907,0.8152,0.8137,0.0318,4096,419,0
2370,79.0000,20.7901,292,292,184,0,64.0994,6.2261,4.1327,1.0789,0.8827,0.1275,4096,416,0
2400,80.0000,21.0814,303,302,170,0,64.0994,5.1642,3.2832,1.0355,0.8132,0.0299,4096,385,0
2430,81.0000,21.3789,315,315,141,0,64.0994,4.5472,2.6025,1.0614,0.8530,0.0289,4096,372,0
2460,82.0000,21.6742,323,323,116,0,64.0994,5.7205,2.6378,2.0691,0.9586,0.0521,4096,392,0
2490,83.0000,21.9385,327,326,101,0,64.0994,4.3269,2.6214,0.9045,0.7624,0.0366,4096,352,0
2520,84.0000,22.2406,336,336,105,0,64.0994,6.1795,4.0533,1.3097,0.7841,0.0301,4096,374,0
2550,85.0000,22.5653,345,345,69,0,64.0994,8.0346,5.5904,1.5494,0.8603,0.0319,4096,315,0
2580,86.0000,22.8550,354,353,61,0,64.0994,5.3634,2.8953,1.5265,0.8990,0.0388,4096,307,0
2610,87.0000,23.1485,365,364,48,0,64.0994,5.6103,3.2369,1.5418,0.8016,0.0276,4096,283,0
2640,88.0000,23.4681,381,380,27,0,64.0994,8.4545,5.2660,2.2494,0.8959,0.0388,4096,275,0
2670,89.0000,23.7632,392,392,27,0,64.0994,6.7668,4.8445,1.0283,0.8542,0.0376,4096,252,0
2700,90.0000,24.0406,409,408,24,0,64.0994,4.5228,2.9666,0.7456,0.7788,0.0306,4096,227,0
2730,91.0000,24.3112,423,421,17,0,64.0994,5.0434,2.3071,1.9146,0.7843,0.0359,4096,197,0
2760,92.0000,24.5879,438,435,14,0,64.0994,6.1700,3.3802,1.8886,0.8556,0.0426,4096,171,0
2790,93.0000,24.8506,459,458,21,0,64.0994,5.9741,3.0342,2.1014,0.8071,0.0299,4096,168,0
2820,94.0000,25.1212,473,473,16,0,64.0994,4.3792,2.7391,0.9210,0.6905,0.0270,4096,143,0
2850,95.0000,25.3866,501,499,4,0,64.0994,4.3246,2.8312,0.7254,0.7258,0.0406,4096,127,0
2880,96.0000,25.6137,517,516,2,0,64.0994,4.3750,2.8176,0.8272,0.6888,0.0399,4096,122,0
2910,97.0000,25.8409,533,532,2,0,64.0994,4.6704,2.9277,1.0128,0.7005,0.0279,4096,103,0
2940,98.0000,26.0457,551,549,0,0,64.0994,4.6433,2.1330,1.6762,0.7712,0.0589,2677,94,0
2970,99.0000,26.2532,565,563,0,0,64.0994,3.8875,2.3423,0.7761,0.7162,0.0497,2664,71,0
3000,100.0000,26.4479,592,590,2,0,64.0994,5.7808,3.1482,1.9373,0.6593,0.0348,4096,53,0
3030,101.0000,26.6458,611,611,0,0,64.0994,2.9594,0.3157,1.9363,0.6814,0.0249,0,38,0
3060,102.0000,26.8288,642,642,0,0,64.0994,1.7989,0.3433,0.8084,0.6219,0.0244,0,31,0
3090,103.0000,27.0178,668,667,0,0,64.0994,3.6804,0.3952,2.5178,0.7134,0.0488,0,32,0
3120,104.0000,27.2089,683,681,0,0,64.0994,5.5550,3.9303,0.9569,0.6279,0.0376,3307,25,0
3150,105.0000,27.4020,700,698,0,0,64.0994,3.3715,0.3150,2.1983,0.8037,0.0515,0,30,0
3180,106.0000,27.5887,718,717,0,0,64.0994,1.9644,0.4112,0.8326,0.6776,0.0409,0,21,0
3210,107.0000,27.7693,745,745,0,0,64.0994,2.2212,0.3999,0.9519,0.7876,0.0794,0,25,0
3240,108.0000,27.9463,770,770,0,0,64.0994,3.5684,0.5250,2.2129,0.7869,0.0396,0,21,0
3270,109.0000,28.1116,795,794,0,0,64.0994,2.1854,0.7496,0.8068,0.5907,0.0368,7,21,0
3300,110.0000,28.2786,820,820,0,0,64.0994,2.8677,0.9023,1.0305,0.8766,0.0547,7,25,0
3330,111.0000,28.4410,843,843,0,0,64.0994,3.1448,0.6721,1.8280,0.6041,0.0395,7,21,0
3360,112.0000,28.6142,862,861,0,0,64.0994,3.7052,0.7419,2.3239,0.6113,0.0265,7,27,0
3390,113.0000,28.7746,871,870,0,0,64.0994,2.2347,0.7933,0.7177,0.6908,0.0312,7,21,0
3420,114.0000,28.9417,890,889,0,0,64.0994,2.9506,1.1379,1.2188,0.5667,0.0254,6,22,0
3450,115.0000,29.0997,900,900,0,0,64.0994,2.1046,0.5957,0.8302,0.6208,0.0555,6,18,0
3480,116.0000,29.2629,916,916,0,0,64.0994,3.7167,0.8034,2.2862,0.5981,0.0277,6,20,0
3510,117.0000,29.4266,929,929,0,0,64.0994,3.7586,0.5889,2.5211,0.6063,0.0401,5,20,0
3540,118.0000,29.5846,940,940,0,0,64.0994,2.4685,0.5589,1.2559,0.6118,0.0394,5,21,0
3570,119.0000,29.7486,946,946,0,0,64.0994,2.5122,0.6281,1.1708,0.6705,0.0392,4,22,0
3600,120.0000,29.9059,954,954,0,0,64.0994,1.6683,0.2461,0.8189,0.5622,0.0395,0,22,0
3630,121.0000,30.0676,962,962,0,0,64.0994,2.9319,0.2255,2.0928,0.5839,0.0282,0,24,0
3660,122.0000,30.2187,970,970,0,0,64.0994,1.6934,0.2064,0.8925,0.5694,0.0244,0,22,0
3690,123.0000,30.3734,975,975,0,0,64.0994,1.6644,0.2378,0.8720,0.5329,0.0207,0,24,0
3720,124.0000,30.5251,978,978,0,0,64.0994,1.6109,0.2230,0.8428,0.5201,0.0240,0,21,0
3750,125.0000,30.6829,982,982,0,0,64.0994,2.7882,0.2239,1.9069,0.6231,0.0328,0,21,0
3780,126.0000,30.8404,988,988,0,0,64.0994,1.6069,0.2056,0.8308,0.5388,0.0306,0,21,0
3810,127.0000,30.9922,990,990,0,0,64.0994,1.6369,0.2085,0.8595,0.5401,0.0277,0,23,0
3840,128.0000,31.1474,995,995,0,0,64.0994,1.8474,0.1975,0.9956,0.6132,0.0389,0,22,0
3870,129.0000,31.3011,1000,1000,0,0,64.0994,3.0846,0.2274,2.1392,0.6782,0.0384,0,23,0
3900,130.0000,31.4605,1003,1003,0,0,64.0994,2.9702,0.2056,2.1183,0.6055,0.0392,0,22,0
3930,131.0000,31.6112,1005,1005,0,0,64.0994,2.8402,0.1940,1.9291,0.6789,0.0366,0,23,0
3960,132.0000,31.7540,1007,1007,0,0,64.0994,1.5253,0.2052,0.7028,0.5786,0.0367,0,23,0
3990,133.0000,31.9087,1010,1010,0,0,64.0994,2.3763,0.2946,1.4810,0.5646,0.0347,0,23,0
4020,134.0000,32.0549,1012,1012,0,0,64.0994,1.6515,0.1952,0.7497,0.6740,0.0311,0,23,0
4050,135.0000,32.2062,1013,1013,0,0,64.0994,3.0769,0.2359,2.2254,0.5798,0.0333,0,24,0
4080,136.0000,32.3507,1014,1014,0,0,64.0994,2.0229,0.1864,1.2126,0.5723,0.0501,0,23,0
4110,137.0000,32.5025,1016,1016,0,0,64.0994,1.6255,0.1894,0.8260,0.5754,0.0334,0,23,0
4140,138.0000,32.6541,1017,1017,0,0,64.0994,1.6914,0.2179,0.8728,0.5697,0.0298,0,23,0
4170,139.0000,32.7939,1018,1018,0,0,64.0994,1.7687,0.1910,0.9431,0.5930,0.0400,0,23,0
4200,140.0000,32.9452,1019,1019,0,0,64.0994,2.0639,0.2372,1.1142,0.6634,0.0458,0,23,0
4230,141.0000,33.0947,1020,1020,0,0,64.0994,1.4244,0.1863,0.6736,0.5249,0.0385,0,23,0
4260,142.0000,33.2410,1021,1021,0,0,64.0994,2.5474,0.1851,1.7680,0.5591,0.0337,0,23,0
4290,143.0000,33.3865,1022,1022,0,0,64.0994,1.4739,0.1841,0.6899,0.5614,0.0373,0,23,0
4320,144.0000,33.5356,1023,1023,0,0,64.0994,1.5967,0.2362,0.7888,0.5359,0.0346,0,23,0
